# Created by FreeCAD <https://www.freecad.org>
v 0.000000 -4.000000 14.800000
v 0.000000 -8.000000 0.000000
v 0.000000 -8.000000 14.800000
v 0.000000 -4.000000 0.000000
v 3.800000 -4.000000 0.000000
v 3.800000 -8.000000 0.000000
v 3.800000 -4.000000 7.400000
v 3.800000 -8.000000 7.400000
v 8.200000 -4.000000 7.400000
v 8.200000 -8.000000 7.400000
v 8.200000 -4.000000 0.000000
v 8.200000 -8.000000 0.000000
v 23.200001 -4.000000 0.000000
v 23.200001 -8.000000 0.000000
v 23.200001 -4.000000 -4.000000
v 23.200001 -8.000000 -4.000000
v 37.599998 -4.000000 -4.000000
v 37.599998 -8.000000 -4.000000
v 37.599998 -4.000000 0.000000
v 37.599998 -8.000000 0.000000
v 52.799999 -4.000000 0.000000
v 52.799999 -8.000000 0.000000
v 52.799999 -4.000000 -4.000000
v 52.799999 -8.000000 -4.000000
v 67.199997 -4.000000 -4.000000
v 67.199997 -8.000000 -4.000000
v 67.199997 -4.000000 0.000000
v 67.199997 -8.000000 0.000000
v 82.400002 -4.000000 0.000000
v 82.400002 -8.000000 0.000000
v 82.400002 -4.000000 -4.000000
v 82.400002 -8.000000 -4.000000
v 96.800003 -4.000000 -4.000000
v 96.800003 -4.000000 0.000000
v 96.800003 -8.000000 0.000000
v 111.800003 -4.000000 0.000000
v 111.800003 -8.000000 0.000000
v 111.800003 -4.000000 7.400000
v 111.800003 -8.000000 7.400000
v 116.199997 -4.000000 7.400000
v 116.199997 -8.000000 7.400000
v 116.199997 -4.000000 0.000000
v 116.199997 -8.000000 0.000000
v 120.000000 -4.000000 0.000000
v 120.000000 -8.000000 0.000000
v 120.000000 -4.000000 14.800000
v 120.000000 -8.000000 14.800000
v 8.200000 -4.000000 14.800000
v 3.800000 -4.000000 29.600000
v 3.800000 -4.000000 22.200001
v 0.000000 -4.000000 22.200001
v 0.000000 -4.000000 37.000000
v 8.200000 -4.000000 37.000000
v 8.200000 -4.000000 29.600000
v 22.799999 -4.000000 36.799999
v 55.601688 -4.000000 7.918963
v 55.810577 -4.000000 7.704799
v 56.029884 -4.000000 7.501313
v 55.403732 -4.000000 8.143274
v 56.259060 -4.000000 7.309011
v 55.217205 -4.000000 8.377173
v 56.497540 -4.000000 7.128372
v 55.042568 -4.000000 8.620080
v 56.744724 -4.000000 6.959845
v 54.880253 -4.000000 8.871388
v 57.000000 -4.000000 6.803848
v 54.730671 -4.000000 9.130476
v 57.262737 -4.000000 6.660769
v 54.594189 -4.000000 9.396698
v 22.799999 -4.000000 41.200001
v 57.532276 -4.000000 6.530965
v 54.471142 -4.000000 9.669392
v 57.807953 -4.000000 6.414758
v 54.361843 -4.000000 9.947879
v 58.089081 -4.000000 6.312436
v 54.266563 -4.000000 10.231469
v 58.374958 -4.000000 6.224255
v 54.185535 -4.000000 10.519456
v 58.664875 -4.000000 6.150433
v 54.118965 -4.000000 10.811123
v 58.958111 -4.000000 6.091154
v 54.067017 -4.000000 11.105746
v 59.253937 -4.000000 6.046565
v 54.029816 -4.000000 11.402593
v 59.551620 -4.000000 6.016777
v 54.007458 -4.000000 11.700925
v 59.850414 -4.000000 6.001865
v 54.000000 -4.000000 12.000000
v 60.149586 -4.000000 6.001865
v 54.007458 -4.000000 12.299075
v 54.029816 -4.000000 12.597407
v 54.067017 -4.000000 12.894254
v 60.746063 -4.000000 6.046565
v 61.041889 -4.000000 6.091154
v 60.448380 -4.000000 6.016777
v 54.118965 -4.000000 13.188877
v 61.335125 -4.000000 6.150433
v 54.185535 -4.000000 13.480544
v 61.625042 -4.000000 6.224255
v 61.910919 -4.000000 6.312436
v 62.192047 -4.000000 6.414758
v 62.467724 -4.000000 6.530965
v 62.737263 -4.000000 6.660769
v 63.000000 -4.000000 6.803848
v 63.255276 -4.000000 6.959845
v 63.502460 -4.000000 7.128372
v 63.740940 -4.000000 7.309011
v 63.970116 -4.000000 7.501313
v 64.189423 -4.000000 7.704799
v 64.398308 -4.000000 7.918963
v 64.596268 -4.000000 8.143274
v 64.782799 -4.000000 8.377173
v 64.957436 -4.000000 8.620080
v 65.119743 -4.000000 8.871388
v 65.269333 -4.000000 9.130476
v 38.000000 -4.000000 36.799999
v 55.601688 -4.000000 16.081036
v 55.403732 -4.000000 15.856726
v 55.217205 -4.000000 15.622827
v 55.042568 -4.000000 15.379920
v 54.880253 -4.000000 15.128612
v 54.730671 -4.000000 14.869524
v 54.594189 -4.000000 14.603302
v 54.471142 -4.000000 14.330608
v 54.361843 -4.000000 14.052121
v 54.266563 -4.000000 13.768531
v 65.405815 -4.000000 9.396698
v 65.528854 -4.000000 9.669392
v 65.638153 -4.000000 9.947879
v 66.000000 -4.000000 12.000000
v 65.992538 -4.000000 12.299075
v 65.970184 -4.000000 12.597407
v 65.932983 -4.000000 12.894254
v 65.881035 -4.000000 13.188877
v 65.814461 -4.000000 13.480544
v 65.733437 -4.000000 10.231469
v 65.814461 -4.000000 10.519456
v 65.881035 -4.000000 10.811123
v 65.932983 -4.000000 11.105746
v 65.970184 -4.000000 11.402593
v 65.992538 -4.000000 11.700925
v 26.220760 -4.000000 59.163532
v 26.314760 -4.000000 59.067158
v 26.413448 -4.000000 58.975590
v 26.131680 -4.000000 59.264473
v 26.516577 -4.000000 58.889053
v 26.047743 -4.000000 59.369728
v 26.623892 -4.000000 58.807766
v 25.969154 -4.000000 59.479034
v 26.735125 -4.000000 58.731930
v 25.896114 -4.000000 59.592125
v 26.850000 -4.000000 58.661732
v 25.828802 -4.000000 59.708714
v 26.968231 -4.000000 58.597347
v 25.767384 -4.000000 59.828514
v 27.089525 -4.000000 58.538933
v 25.712015 -4.000000 59.951225
v 27.213579 -4.000000 58.486641
v 25.662830 -4.000000 60.076546
v 27.340086 -4.000000 58.440598
v 25.619953 -4.000000 60.204163
v 27.468731 -4.000000 58.400913
v 25.583492 -4.000000 60.333755
v 27.599194 -4.000000 58.367695
v 25.553534 -4.000000 60.465004
v 8.243294 -4.000000 77.786919
v 8.204818 -4.000000 77.396271
v 8.219261 -4.000000 77.592072
v 8.200000 -4.000000 77.199997
v 27.731150 -4.000000 58.341019
v 25.530157 -4.000000 60.597588
v 27.864271 -4.000000 58.320953
v 25.513416 -4.000000 60.731167
v 8.276859 -4.000000 77.980362
v 27.998228 -4.000000 58.307549
v 25.503357 -4.000000 60.865417
v 28.132687 -4.000000 58.300838
v 25.500000 -4.000000 61.000000
v 28.267313 -4.000000 58.300838
v 25.503357 -4.000000 61.134583
v 28.401772 -4.000000 58.307549
v 8.372239 -4.000000 78.361137
v 8.319875 -4.000000 78.171921
v 25.513416 -4.000000 61.268833
v 28.535728 -4.000000 58.320953
v 25.530157 -4.000000 61.402412
v 8.433824 -4.000000 78.547562
v 28.668850 -4.000000 58.341019
v 38.000000 -4.000000 41.200001
v 25.553534 -4.000000 61.534996
v 28.800806 -4.000000 58.367695
v 25.583492 -4.000000 61.666245
v 28.931269 -4.000000 58.400913
v 25.619953 -4.000000 61.795837
v 8.584043 -4.000000 78.910217
v 8.504482 -4.000000 78.730736
v 29.059914 -4.000000 58.440598
v 25.662830 -4.000000 61.923454
v 29.186420 -4.000000 58.486641
v 8.672315 -4.000000 79.085587
v 25.712015 -4.000000 62.048775
v 29.310474 -4.000000 58.538933
v 25.767384 -4.000000 62.171486
v 8.769086 -4.000000 79.256409
v 29.431768 -4.000000 58.597347
v 25.828802 -4.000000 62.291286
v 29.549999 -4.000000 58.661732
v 25.896114 -4.000000 62.407875
v 29.664875 -4.000000 58.731930
v 25.969154 -4.000000 62.520966
v 8.987170 -4.000000 79.582794
v 8.874122 -4.000000 79.422279
v 29.776108 -4.000000 58.807766
v 26.047743 -4.000000 62.630272
v 29.883423 -4.000000 58.889053
v 9.107958 -4.000000 79.737572
v 26.131680 -4.000000 62.735527
v 29.986551 -4.000000 58.975590
v 26.220760 -4.000000 62.836468
v 30.085239 -4.000000 59.067158
v 52.400002 -4.000000 36.799999
v 59.850414 -4.000000 17.998135
v 59.551620 -4.000000 17.983223
v 59.253937 -4.000000 17.953436
v 58.958111 -4.000000 17.908846
v 58.664875 -4.000000 17.849567
v 58.374958 -4.000000 17.775745
v 58.089081 -4.000000 17.687565
v 57.807953 -4.000000 17.585243
v 57.532276 -4.000000 17.469034
v 57.262737 -4.000000 17.339231
v 57.000000 -4.000000 17.196152
v 56.744724 -4.000000 17.040155
v 56.497540 -4.000000 16.871628
v 56.259060 -4.000000 16.690989
v 56.029884 -4.000000 16.498688
v 55.810577 -4.000000 16.295200
v 26.314760 -4.000000 62.932842
v 30.179239 -4.000000 59.163532
v 9.371572 -4.000000 80.028427
v 9.236196 -4.000000 79.886238
v 30.268320 -4.000000 59.264473
v 9.513764 -4.000000 80.163803
v 30.352259 -4.000000 59.369728
v 30.430845 -4.000000 59.479034
v 30.503885 -4.000000 59.592125
v 9.817203 -4.000000 80.412827
v 9.662427 -4.000000 80.292046
v 30.571198 -4.000000 59.708714
v 30.632616 -4.000000 59.828514
v 30.687986 -4.000000 59.951225
v 30.737169 -4.000000 60.076546
v 10.314413 -4.000000 80.727684
v 9.977719 -4.000000 80.525879
v 10.143589 -4.000000 80.630913
v 10.489779 -4.000000 80.815956
v 10.852441 -4.000000 80.966179
v 10.669267 -4.000000 80.895515
v 11.038861 -4.000000 81.027763
v 11.419639 -4.000000 81.123138
v 11.228079 -4.000000 81.080124
v 11.613078 -4.000000 81.156708
v 12.003729 -4.000000 81.195183
v 11.807932 -4.000000 81.180740
v 12.200000 -4.000000 81.199997
v 27.340086 -4.000000 63.559402
v 27.213579 -4.000000 63.513359
v 27.089525 -4.000000 63.461067
v 26.968231 -4.000000 63.402653
v 26.850000 -4.000000 63.338268
v 26.735125 -4.000000 63.268070
v 26.623892 -4.000000 63.192234
v 26.516577 -4.000000 63.110947
v 26.413448 -4.000000 63.024410
v 52.400002 -4.000000 41.200001
v 67.599998 -4.000000 36.799999
v 64.398308 -4.000000 16.081036
v 64.189423 -4.000000 16.295200
v 63.970116 -4.000000 16.498688
v 63.740940 -4.000000 16.690989
v 63.502460 -4.000000 16.871628
v 63.255276 -4.000000 17.040155
v 63.000000 -4.000000 17.196152
v 62.737263 -4.000000 17.339231
v 62.467724 -4.000000 17.469034
v 62.192047 -4.000000 17.585243
v 61.910919 -4.000000 17.687565
v 61.625042 -4.000000 17.775745
v 61.335125 -4.000000 17.849567
v 61.041889 -4.000000 17.908846
v 60.746063 -4.000000 17.953436
v 60.448380 -4.000000 17.983223
v 60.149586 -4.000000 17.998135
v 36.314762 -4.000000 69.067162
v 30.179239 -4.000000 62.836468
v 30.085239 -4.000000 62.932842
v 36.220760 -4.000000 69.163536
v 29.986551 -4.000000 63.024410
v 36.413448 -4.000000 68.975594
v 30.268320 -4.000000 62.735527
v 36.131680 -4.000000 69.264473
v 29.883423 -4.000000 63.110947
v 36.516579 -4.000000 68.889053
v 30.352259 -4.000000 62.630272
v 36.047741 -4.000000 69.369728
v 29.776108 -4.000000 63.192234
v 36.623894 -4.000000 68.807770
v 30.430845 -4.000000 62.520966
v 35.969154 -4.000000 69.479034
v 29.664875 -4.000000 63.268070
v 36.735126 -4.000000 68.731934
v 30.503885 -4.000000 62.407875
v 35.896114 -4.000000 69.592125
v 29.549999 -4.000000 63.338268
v 36.849998 -4.000000 68.661728
v 30.571198 -4.000000 62.291286
v 35.828800 -4.000000 69.708717
v 29.431768 -4.000000 63.402653
v 36.968231 -4.000000 68.597343
v 30.632616 -4.000000 62.171486
v 35.767384 -4.000000 69.828514
v 29.310474 -4.000000 63.461067
v 37.089523 -4.000000 68.538933
v 30.687986 -4.000000 62.048775
v 35.712013 -4.000000 69.951225
v 29.186420 -4.000000 63.513359
v 37.213581 -4.000000 68.486641
v 30.737169 -4.000000 61.923454
v 35.662830 -4.000000 70.076546
v 29.059914 -4.000000 63.559402
v 37.340088 -4.000000 68.440598
v 30.780046 -4.000000 61.795837
v 35.619953 -4.000000 70.204163
v 28.931269 -4.000000 63.599087
v 37.468731 -4.000000 68.400917
v 30.816509 -4.000000 61.666245
v 35.583492 -4.000000 70.333755
v 28.800806 -4.000000 63.632305
v 37.599194 -4.000000 68.367691
v 30.846466 -4.000000 61.534996
v 35.553535 -4.000000 70.465004
v 28.668850 -4.000000 63.658981
v 37.731152 -4.000000 68.341019
v 30.869843 -4.000000 61.402412
v 35.530155 -4.000000 70.597588
v 28.535728 -4.000000 63.679047
v 37.864273 -4.000000 68.320953
v 30.886583 -4.000000 61.268833
v 35.513416 -4.000000 70.731163
v 28.401772 -4.000000 63.692451
v 37.998230 -4.000000 68.307549
v 30.896645 -4.000000 61.134583
v 35.503357 -4.000000 70.865417
v 28.267313 -4.000000 63.699162
v 38.132687 -4.000000 68.300842
v 30.900000 -4.000000 61.000000
v 35.500000 -4.000000 71.000000
v 28.132687 -4.000000 63.699162
v 38.267311 -4.000000 68.300842
v 30.896645 -4.000000 60.865417
v 35.503357 -4.000000 71.134583
v 27.998228 -4.000000 63.692451
v 38.401772 -4.000000 68.307549
v 30.886583 -4.000000 60.731167
v 35.513416 -4.000000 71.268837
v 27.864271 -4.000000 63.679047
v 38.535728 -4.000000 68.320953
v 30.869843 -4.000000 60.597588
v 35.530155 -4.000000 71.402412
v 27.731150 -4.000000 63.658981
v 38.668850 -4.000000 68.341019
v 30.846466 -4.000000 60.465004
v 35.553535 -4.000000 71.534996
v 27.599194 -4.000000 63.632305
v 38.800808 -4.000000 68.367691
v 30.816509 -4.000000 60.333755
v 35.583492 -4.000000 71.666245
v 27.468731 -4.000000 63.599087
v 38.931271 -4.000000 68.400917
v 30.780046 -4.000000 60.204163
v 35.619953 -4.000000 71.795837
v 39.059914 -4.000000 68.440598
v 35.662830 -4.000000 71.923454
v 39.186420 -4.000000 68.486641
v 35.712013 -4.000000 72.048775
v 39.310474 -4.000000 68.538933
v 35.767384 -4.000000 72.171486
v 39.431770 -4.000000 68.597343
v 35.828800 -4.000000 72.291283
v 39.549999 -4.000000 68.661728
v 35.896114 -4.000000 72.407875
v 39.664875 -4.000000 68.731934
v 35.969154 -4.000000 72.520966
v 39.776108 -4.000000 68.807770
v 36.047741 -4.000000 72.630272
v 39.883423 -4.000000 68.889053
v 36.131680 -4.000000 72.735527
v 39.986553 -4.000000 68.975594
v 36.220760 -4.000000 72.836464
v 40.085239 -4.000000 69.067162
v 36.314762 -4.000000 72.932838
v 40.179241 -4.000000 69.163536
v 36.413448 -4.000000 73.024406
v 40.268318 -4.000000 69.264473
v 36.516579 -4.000000 73.110947
v 40.352257 -4.000000 69.369728
v 36.623894 -4.000000 73.192230
v 40.430843 -4.000000 69.479034
v 36.735126 -4.000000 73.268066
v 40.503887 -4.000000 69.592125
v 36.849998 -4.000000 73.338272
v 40.571198 -4.000000 69.708717
v 36.968231 -4.000000 73.402657
v 40.632614 -4.000000 69.828514
v 37.089523 -4.000000 73.461067
v 37.213581 -4.000000 73.513359
v 37.340088 -4.000000 73.559402
v 37.468731 -4.000000 73.599083
v 37.599194 -4.000000 73.632309
v 37.731152 -4.000000 73.658981
v 37.864273 -4.000000 73.679047
v 37.998230 -4.000000 73.692451
v 38.132687 -4.000000 73.699158
v 38.267311 -4.000000 73.699158
v 38.401772 -4.000000 73.692451
v 38.535728 -4.000000 73.679047
v 38.668850 -4.000000 73.658981
v 82.000000 -4.000000 36.799999
v 65.733437 -4.000000 13.768531
v 65.638153 -4.000000 14.052121
v 65.528854 -4.000000 14.330608
v 65.405815 -4.000000 14.603302
v 65.269333 -4.000000 14.869524
v 65.119743 -4.000000 15.128612
v 64.957436 -4.000000 15.379920
v 64.782799 -4.000000 15.622827
v 64.596268 -4.000000 15.856726
v 82.000000 -4.000000 41.200001
v 67.599998 -4.000000 41.200001
v 111.800003 -4.000000 14.800000
v 97.199997 -4.000000 36.799999
v 111.800003 -4.000000 29.600000
v 116.199997 -4.000000 29.600000
v 120.000000 -4.000000 22.200001
v 116.199997 -4.000000 22.200001
v 111.800003 -4.000000 37.000000
v 97.199997 -4.000000 41.200001
v 89.820763 -4.000000 59.163532
v 89.914764 -4.000000 59.067158
v 79.820763 -4.000000 69.163536
v 79.914764 -4.000000 69.067162
v 90.013451 -4.000000 58.975590
v 80.013451 -4.000000 68.975594
v 79.731682 -4.000000 69.264473
v 89.731682 -4.000000 59.264473
v 80.116577 -4.000000 68.889053
v 90.116577 -4.000000 58.889053
v 89.647743 -4.000000 59.369728
v 79.647743 -4.000000 69.369728
v 80.223892 -4.000000 68.807770
v 90.223892 -4.000000 58.807766
v 79.569153 -4.000000 69.479034
v 89.569153 -4.000000 59.479034
v 90.335129 -4.000000 58.731930
v 80.335129 -4.000000 68.731934
v 89.496117 -4.000000 59.592125
v 79.496117 -4.000000 69.592125
v 80.449997 -4.000000 68.661728
v 90.449997 -4.000000 58.661732
v 79.428802 -4.000000 69.708717
v 89.428802 -4.000000 59.708714
v 90.568230 -4.000000 58.597347
v 80.568230 -4.000000 68.597343
v 79.367386 -4.000000 69.828514
v 89.367386 -4.000000 59.828514
v 80.689522 -4.000000 68.538933
v 90.689522 -4.000000 58.538933
v 79.312012 -4.000000 69.951225
v 40.687984 -4.000000 69.951225
v 40.737171 -4.000000 70.076546
v 89.312012 -4.000000 59.951225
v 90.813576 -4.000000 58.486641
v 80.813576 -4.000000 68.486641
v 89.262833 -4.000000 60.076546
v 79.262833 -4.000000 70.076546
v 40.780048 -4.000000 70.204163
v 90.940086 -4.000000 58.440598
v 80.940086 -4.000000 68.440598
v 79.219955 -4.000000 70.204163
v 89.219955 -4.000000 60.204163
v 91.068733 -4.000000 58.400913
v 81.068733 -4.000000 68.400917
v 89.183495 -4.000000 60.333755
v 79.183495 -4.000000 70.333755
v 40.816509 -4.000000 70.333755
v 91.199196 -4.000000 58.367695
v 81.199196 -4.000000 68.367691
v 89.153534 -4.000000 60.465004
v 79.153534 -4.000000 70.465004
v 40.846466 -4.000000 70.465004
v 91.331146 -4.000000 58.341019
v 81.331146 -4.000000 68.341019
v 89.130157 -4.000000 60.597588
v 79.130157 -4.000000 70.597588
v 40.869843 -4.000000 70.597588
v 91.464272 -4.000000 58.320953
v 81.464272 -4.000000 68.320953
v 89.113419 -4.000000 60.731167
v 79.113419 -4.000000 70.731163
v 40.886581 -4.000000 70.731163
v 81.598228 -4.000000 68.307549
v 91.598228 -4.000000 58.307549
v 89.103355 -4.000000 60.865417
v 79.103355 -4.000000 70.865417
v 40.896645 -4.000000 70.865417
v 40.900002 -4.000000 71.000000
v 81.732689 -4.000000 68.300842
v 91.732689 -4.000000 58.300838
v 79.099998 -4.000000 71.000000
v 40.896645 -4.000000 71.134583
v 89.099998 -4.000000 61.000000
v 81.867310 -4.000000 68.300842
v 91.867310 -4.000000 58.300838
v 79.103355 -4.000000 71.134583
v 40.886581 -4.000000 71.268837
v 89.103355 -4.000000 61.134583
v 82.001770 -4.000000 68.307549
v 92.001770 -4.000000 58.307549
v 89.113419 -4.000000 61.268833
v 79.113419 -4.000000 71.268837
v 40.869843 -4.000000 71.402412
v 82.135727 -4.000000 68.320953
v 92.135727 -4.000000 58.320953
v 79.130157 -4.000000 71.402412
v 89.130157 -4.000000 61.402412
v 92.268852 -4.000000 58.341019
v 82.268852 -4.000000 68.341019
v 89.153534 -4.000000 61.534996
v 79.153534 -4.000000 71.534996
v 40.846466 -4.000000 71.534996
v 82.400810 -4.000000 68.367691
v 92.400810 -4.000000 58.367695
v 79.183495 -4.000000 71.666245
v 40.816509 -4.000000 71.666245
v 40.780048 -4.000000 71.795837
v 89.183495 -4.000000 61.666245
v 92.531273 -4.000000 58.400913
v 82.531273 -4.000000 68.400917
v 79.219955 -4.000000 71.795837
v 40.737171 -4.000000 71.923454
v 89.219955 -4.000000 61.795837
v 82.659912 -4.000000 68.440598
v 92.659912 -4.000000 58.440598
v 79.262833 -4.000000 71.923454
v 89.262833 -4.000000 61.923454
v 82.786423 -4.000000 68.486641
v 92.786423 -4.000000 58.486641
v 79.312012 -4.000000 72.048775
v 40.687984 -4.000000 72.048775
v 89.312012 -4.000000 62.048775
v 92.910477 -4.000000 58.538933
v 82.910477 -4.000000 68.538933
v 79.367386 -4.000000 72.171486
v 40.632614 -4.000000 72.171486
v 40.571198 -4.000000 72.291283
v 89.367386 -4.000000 62.171486
v 83.031769 -4.000000 68.597343
v 93.031769 -4.000000 58.597347
v 89.428802 -4.000000 62.291286
v 79.428802 -4.000000 72.291283
v 83.150002 -4.000000 68.661728
v 93.150002 -4.000000 58.661732
v 89.496117 -4.000000 62.407875
v 79.496117 -4.000000 72.407875
v 40.503887 -4.000000 72.407875
v 93.264877 -4.000000 58.731930
v 83.264877 -4.000000 68.731934
v 79.569153 -4.000000 72.520966
v 40.430843 -4.000000 72.520966
v 40.352257 -4.000000 72.630272
v 89.569153 -4.000000 62.520966
v 93.376106 -4.000000 58.807766
v 83.376106 -4.000000 68.807770
v 79.647743 -4.000000 72.630272
v 89.647743 -4.000000 62.630272
v 83.483421 -4.000000 68.889053
v 93.483421 -4.000000 58.889053
v 79.731682 -4.000000 72.735527
v 40.268318 -4.000000 72.735527
v 89.731682 -4.000000 62.735527
v 83.586555 -4.000000 68.975594
v 93.586555 -4.000000 58.975590
v 89.820763 -4.000000 62.836468
v 79.820763 -4.000000 72.836464
v 40.179241 -4.000000 72.836464
v 40.085239 -4.000000 72.932838
v 83.685242 -4.000000 69.067162
v 93.685242 -4.000000 59.067158
v 89.914764 -4.000000 62.932842
v 79.914764 -4.000000 72.932838
v 93.779243 -4.000000 59.163532
v 83.779243 -4.000000 69.163536
v 90.013451 -4.000000 63.024410
v 80.013451 -4.000000 73.024406
v 39.986553 -4.000000 73.024406
v 93.868317 -4.000000 59.264473
v 83.868317 -4.000000 69.264473
v 80.116577 -4.000000 73.110947
v 39.883423 -4.000000 73.110947
v 39.776108 -4.000000 73.192230
v 90.116577 -4.000000 63.110947
v 93.952255 -4.000000 59.369728
v 83.952255 -4.000000 69.369728
v 90.223892 -4.000000 63.192234
v 80.223892 -4.000000 73.192230
v 94.030846 -4.000000 59.479034
v 84.030846 -4.000000 69.479034
v 80.335129 -4.000000 73.268066
v 39.664875 -4.000000 73.268066
v 90.335129 -4.000000 63.268070
v 84.103882 -4.000000 69.592125
v 94.103882 -4.000000 59.592125
v 80.449997 -4.000000 73.338272
v 39.549999 -4.000000 73.338272
v 39.431770 -4.000000 73.402657
v 90.449997 -4.000000 63.338268
v 84.171196 -4.000000 69.708717
v 94.171196 -4.000000 59.708714
v 80.568230 -4.000000 73.402657
v 90.568230 -4.000000 63.402653
v 94.232613 -4.000000 59.828514
v 84.232613 -4.000000 69.828514
v 90.689522 -4.000000 63.461067
v 80.689522 -4.000000 73.461067
v 39.310474 -4.000000 73.461067
v 39.186420 -4.000000 73.513359
v 94.287987 -4.000000 59.951225
v 84.287987 -4.000000 69.951225
v 80.813576 -4.000000 73.513359
v 90.813576 -4.000000 63.513359
v 94.337173 -4.000000 60.076546
v 84.337173 -4.000000 70.076546
v 80.940086 -4.000000 73.559402
v 39.059914 -4.000000 73.559402
v 38.931271 -4.000000 73.599083
v 90.940086 -4.000000 63.559402
v 94.380043 -4.000000 60.204163
v 84.380043 -4.000000 70.204163
v 91.068733 -4.000000 63.599087
v 81.068733 -4.000000 73.599083
v 38.800808 -4.000000 73.632309
v 84.416512 -4.000000 70.333755
v 94.416512 -4.000000 60.333755
v 91.199196 -4.000000 63.632305
v 81.199196 -4.000000 73.632309
v 94.446465 -4.000000 60.465004
v 84.446465 -4.000000 70.465004
v 81.331146 -4.000000 73.658981
v 91.331146 -4.000000 63.658981
v 94.469841 -4.000000 60.597588
v 84.469841 -4.000000 70.597588
v 91.464272 -4.000000 63.679047
v 84.486580 -4.000000 70.731163
v 91.598228 -4.000000 63.692451
v 84.496643 -4.000000 70.865417
v 91.732689 -4.000000 63.699162
v 84.500000 -4.000000 71.000000
v 91.867310 -4.000000 63.699162
v 84.496643 -4.000000 71.134583
v 92.001770 -4.000000 63.692451
v 84.486580 -4.000000 71.268837
v 92.135727 -4.000000 63.679047
v 84.469841 -4.000000 71.402412
v 92.268852 -4.000000 63.658981
v 84.446465 -4.000000 71.534996
v 92.400810 -4.000000 63.632305
v 84.416512 -4.000000 71.666245
v 92.531273 -4.000000 63.599087
v 84.380043 -4.000000 71.795837
v 92.659912 -4.000000 63.559402
v 120.000000 -4.000000 37.000000
v 111.800003 -4.000000 77.199997
v 94.171196 -4.000000 62.291286
v 94.103882 -4.000000 62.407875
v 94.030846 -4.000000 62.520966
v 93.952255 -4.000000 62.630272
v 93.868317 -4.000000 62.735527
v 93.779243 -4.000000 62.836468
v 93.685242 -4.000000 62.932842
v 94.486580 -4.000000 60.731167
v 94.496643 -4.000000 60.865417
v 94.500000 -4.000000 61.000000
v 94.496643 -4.000000 61.134583
v 94.486580 -4.000000 61.268833
v 94.469841 -4.000000 61.402412
v 94.446465 -4.000000 61.534996
v 94.416512 -4.000000 61.666245
v 94.380043 -4.000000 61.795837
v 94.337173 -4.000000 61.923454
v 94.287987 -4.000000 62.048775
v 94.232613 -4.000000 62.171486
v 107.800003 -4.000000 81.199997
v 93.586555 -4.000000 63.024410
v 93.483421 -4.000000 63.110947
v 93.376106 -4.000000 63.192234
v 93.264877 -4.000000 63.268070
v 93.150002 -4.000000 63.338268
v 93.031769 -4.000000 63.402653
v 92.910477 -4.000000 63.461067
v 92.786423 -4.000000 63.513359
v 84.337173 -4.000000 71.923454
v 84.287987 -4.000000 72.048775
v 84.232613 -4.000000 72.171486
v 84.171196 -4.000000 72.291283
v 84.103882 -4.000000 72.407875
v 84.030846 -4.000000 72.520966
v 83.952255 -4.000000 72.630272
v 83.868317 -4.000000 72.735527
v 83.779243 -4.000000 72.836464
v 83.685242 -4.000000 72.932838
v 83.586555 -4.000000 73.024406
v 83.483421 -4.000000 73.110947
v 83.376106 -4.000000 73.192230
v 83.264877 -4.000000 73.268066
v 83.150002 -4.000000 73.338272
v 83.031769 -4.000000 73.402657
v 82.910477 -4.000000 73.461067
v 82.786423 -4.000000 73.513359
v 82.659912 -4.000000 73.559402
v 82.531273 -4.000000 73.599083
v 82.400810 -4.000000 73.632309
v 82.268852 -4.000000 73.658981
v 82.135727 -4.000000 73.679047
v 82.001770 -4.000000 73.692451
v 81.867310 -4.000000 73.699158
v 81.732689 -4.000000 73.699158
v 81.598228 -4.000000 73.692451
v 81.464272 -4.000000 73.679047
v 108.386925 -4.000000 81.156708
v 107.996269 -4.000000 81.195183
v 108.192070 -4.000000 81.180740
v 111.756706 -4.000000 77.786919
v 111.780739 -4.000000 77.592072
v 111.795181 -4.000000 77.396271
v 111.723145 -4.000000 77.980362
v 108.771919 -4.000000 81.080124
v 108.580360 -4.000000 81.123138
v 111.680122 -4.000000 78.171921
v 111.627762 -4.000000 78.361137
v 111.566177 -4.000000 78.547562
v 109.330734 -4.000000 80.895515
v 108.961136 -4.000000 81.027763
v 109.147560 -4.000000 80.966179
v 109.510223 -4.000000 80.815956
v 111.327682 -4.000000 79.085587
v 111.495522 -4.000000 78.730736
v 111.415955 -4.000000 78.910217
v 111.230911 -4.000000 79.256409
v 109.856407 -4.000000 80.630913
v 109.685585 -4.000000 80.727684
v 111.125877 -4.000000 79.422279
v 110.022278 -4.000000 80.525879
v 110.892044 -4.000000 79.737572
v 111.012833 -4.000000 79.582794
v 110.337570 -4.000000 80.292046
v 110.182800 -4.000000 80.412827
v 110.628426 -4.000000 80.028427
v 110.763802 -4.000000 79.886238
v 110.486237 -4.000000 80.163803
v 116.199997 -8.000000 29.600000
v 111.800003 -8.000000 29.600000
v 116.199997 -8.000000 22.200001
v 120.000000 -8.000000 22.200001
v 120.000000 -8.000000 37.000000
v 111.800003 -8.000000 37.000000
v 111.800003 -8.000000 77.199997
v 111.795181 -8.000000 77.396271
v 111.780739 -8.000000 77.592072
v 111.756706 -8.000000 77.786919
v 111.723145 -8.000000 77.980362
v 111.680122 -8.000000 78.171921
v 111.627762 -8.000000 78.361137
v 111.566177 -8.000000 78.547562
v 111.495522 -8.000000 78.730736
v 111.415955 -8.000000 78.910217
v 111.327682 -8.000000 79.085587
v 111.230911 -8.000000 79.256409
v 111.125877 -8.000000 79.422279
v 111.012833 -8.000000 79.582794
v 110.892044 -8.000000 79.737572
v 110.763802 -8.000000 79.886238
v 110.628426 -8.000000 80.028427
v 110.486237 -8.000000 80.163803
v 110.337570 -8.000000 80.292046
v 110.182800 -8.000000 80.412827
v 110.022278 -8.000000 80.525879
v 109.856407 -8.000000 80.630913
v 109.685585 -8.000000 80.727684
v 109.510223 -8.000000 80.815956
v 109.330734 -8.000000 80.895515
v 109.147560 -8.000000 80.966179
v 108.961136 -8.000000 81.027763
v 108.771919 -8.000000 81.080124
v 108.580360 -8.000000 81.123138
v 108.386925 -8.000000 81.156708
v 108.192070 -8.000000 81.180740
v 107.996269 -8.000000 81.195183
v 107.800003 -8.000000 81.199997
v 12.200000 -8.000000 81.199997
v 12.003729 -8.000000 81.195183
v 11.807932 -8.000000 81.180740
v 11.613078 -8.000000 81.156708
v 11.419639 -8.000000 81.123138
v 11.228079 -8.000000 81.080124
v 11.038861 -8.000000 81.027763
v 10.852441 -8.000000 80.966179
v 10.669267 -8.000000 80.895515
v 10.489779 -8.000000 80.815956
v 10.314413 -8.000000 80.727684
v 10.143589 -8.000000 80.630913
v 9.977719 -8.000000 80.525879
v 9.817203 -8.000000 80.412827
v 9.662427 -8.000000 80.292046
v 9.513764 -8.000000 80.163803
v 9.371572 -8.000000 80.028427
v 9.236196 -8.000000 79.886238
v 9.107958 -8.000000 79.737572
v 8.987170 -8.000000 79.582794
v 8.874122 -8.000000 79.422279
v 8.769086 -8.000000 79.256409
v 8.672315 -8.000000 79.085587
v 8.584043 -8.000000 78.910217
v 8.504482 -8.000000 78.730736
v 8.433824 -8.000000 78.547562
v 8.372239 -8.000000 78.361137
v 8.319875 -8.000000 78.171921
v 8.276859 -8.000000 77.980362
v 8.243294 -8.000000 77.786919
v 8.219261 -8.000000 77.592072
v 8.204818 -8.000000 77.396271
v 8.200000 -8.000000 77.199997
v 8.200000 -8.000000 37.000000
v 0.000000 -8.000000 22.200001
v 0.000000 -8.000000 37.000000
v 3.800000 -8.000000 22.200001
v 3.800000 -8.000000 29.600000
v 8.200000 -8.000000 29.600000
v 66.000000 -8.000000 12.000000
v 65.992538 -8.000000 12.299075
v 65.970184 -8.000000 12.597407
v 65.932983 -8.000000 12.894254
v 65.881035 -8.000000 13.188877
v 65.814461 -8.000000 13.480544
v 65.733437 -8.000000 13.768531
v 65.638153 -8.000000 14.052121
v 65.528854 -8.000000 14.330608
v 65.405815 -8.000000 14.603302
v 65.269333 -8.000000 14.869524
v 65.119743 -8.000000 15.128612
v 64.957436 -8.000000 15.379920
v 64.782799 -8.000000 15.622827
v 64.596268 -8.000000 15.856726
v 64.398308 -8.000000 16.081036
v 64.189423 -8.000000 16.295200
v 63.970116 -8.000000 16.498688
v 63.740940 -8.000000 16.690989
v 63.502460 -8.000000 16.871628
v 63.255276 -8.000000 17.040155
v 63.000000 -8.000000 17.196152
v 62.737263 -8.000000 17.339231
v 62.467724 -8.000000 17.469034
v 62.192047 -8.000000 17.585243
v 61.910919 -8.000000 17.687565
v 61.625042 -8.000000 17.775745
v 61.335125 -8.000000 17.849567
v 61.041889 -8.000000 17.908846
v 60.746063 -8.000000 17.953436
v 60.448380 -8.000000 17.983223
v 60.149586 -8.000000 17.998135
v 59.850414 -8.000000 17.998135
v 59.551620 -8.000000 17.983223
v 59.253937 -8.000000 17.953436
v 58.958111 -8.000000 17.908846
v 58.664875 -8.000000 17.849567
v 58.374958 -8.000000 17.775745
v 58.089081 -8.000000 17.687565
v 57.807953 -8.000000 17.585243
v 57.532276 -8.000000 17.469034
v 57.262737 -8.000000 17.339231
v 57.000000 -8.000000 17.196152
v 56.744724 -8.000000 17.040155
v 56.497540 -8.000000 16.871628
v 56.259060 -8.000000 16.690989
v 56.029884 -8.000000 16.498688
v 55.810577 -8.000000 16.295200
v 55.601688 -8.000000 16.081036
v 55.403732 -8.000000 15.856726
v 55.217205 -8.000000 15.622827
v 55.042568 -8.000000 15.379920
v 54.880253 -8.000000 15.128612
v 54.730671 -8.000000 14.869524
v 54.594189 -8.000000 14.603302
v 54.471142 -8.000000 14.330608
v 54.361843 -8.000000 14.052121
v 54.266563 -8.000000 13.768531
v 54.185535 -8.000000 13.480544
v 54.118965 -8.000000 13.188877
v 54.067017 -8.000000 12.894254
v 54.029816 -8.000000 12.597407
v 54.007458 -8.000000 12.299075
v 54.000000 -8.000000 12.000000
v 54.007458 -8.000000 11.700925
v 54.029816 -8.000000 11.402593
v 54.067017 -8.000000 11.105746
v 54.118965 -8.000000 10.811123
v 54.185535 -8.000000 10.519456
v 54.266563 -8.000000 10.231469
v 54.361843 -8.000000 9.947879
v 54.471142 -8.000000 9.669392
v 54.594189 -8.000000 9.396698
v 54.730671 -8.000000 9.130476
v 54.880253 -8.000000 8.871388
v 55.042568 -8.000000 8.620080
v 55.217205 -8.000000 8.377173
v 55.403732 -8.000000 8.143274
v 56.497540 -8.000000 7.128372
v 57.532276 -8.000000 6.530965
v 58.089081 -8.000000 6.312436
v 58.374958 -8.000000 6.224255
v 58.664875 -8.000000 6.150433
v 58.958111 -8.000000 6.091154
v 60.149586 -8.000000 6.001865
v 61.335125 -8.000000 6.150433
v 61.910919 -8.000000 6.312436
v 62.737263 -8.000000 6.660769
v 63.000000 -8.000000 6.803848
v 63.255276 -8.000000 6.959845
v 63.502460 -8.000000 7.128372
v 63.740940 -8.000000 7.309011
v 63.970116 -8.000000 7.501313
v 64.398308 -8.000000 7.918963
v 64.596268 -8.000000 8.143274
v 64.782799 -8.000000 8.377173
v 64.957436 -8.000000 8.620080
v 65.119743 -8.000000 8.871388
v 65.269333 -8.000000 9.130476
v 65.405815 -8.000000 9.396698
v 65.528854 -8.000000 9.669392
v 65.638153 -8.000000 9.947879
v 65.733437 -8.000000 10.231469
v 65.814461 -8.000000 10.519456
v 65.881035 -8.000000 10.811123
v 65.932983 -8.000000 11.105746
v 65.970184 -8.000000 11.402593
v 65.992538 -8.000000 11.700925
v 52.400002 -8.000000 41.200001
v 52.400002 -8.000000 36.799999
v 67.599998 -8.000000 41.200001
v 67.599998 -8.000000 36.799999
v 82.000000 -8.000000 41.200001
v 82.000000 -8.000000 36.799999
v 97.199997 -8.000000 41.200001
v 97.199997 -8.000000 36.799999
v 38.000000 -8.000000 41.200001
v 22.799999 -8.000000 41.200001
v 38.000000 -8.000000 36.799999
v 84.500000 -8.000000 71.000000
v 84.496643 -8.000000 71.134583
v 84.486580 -8.000000 71.268837
v 84.469841 -8.000000 71.402412
v 84.446465 -8.000000 71.534996
v 84.416512 -8.000000 71.666245
v 84.380043 -8.000000 71.795837
v 84.337173 -8.000000 71.923454
v 84.287987 -8.000000 72.048775
v 84.232613 -8.000000 72.171486
v 84.171196 -8.000000 72.291283
v 84.103882 -8.000000 72.407875
v 84.030846 -8.000000 72.520966
v 83.952255 -8.000000 72.630272
v 83.868317 -8.000000 72.735527
v 83.779243 -8.000000 72.836464
v 83.685242 -8.000000 72.932838
v 83.586555 -8.000000 73.024406
v 83.483421 -8.000000 73.110947
v 83.376106 -8.000000 73.192230
v 83.264877 -8.000000 73.268066
v 83.150002 -8.000000 73.338272
v 83.031769 -8.000000 73.402657
v 82.910477 -8.000000 73.461067
v 82.786423 -8.000000 73.513359
v 82.659912 -8.000000 73.559402
v 82.531273 -8.000000 73.599083
v 82.400810 -8.000000 73.632309
v 82.268852 -8.000000 73.658981
v 82.135727 -8.000000 73.679047
v 82.001770 -8.000000 73.692451
v 81.867310 -8.000000 73.699158
v 81.732689 -8.000000 73.699158
v 81.598228 -8.000000 73.692451
v 81.464272 -8.000000 73.679047
v 81.331146 -8.000000 73.658981
v 81.199196 -8.000000 73.632309
v 81.068733 -8.000000 73.599083
v 80.940086 -8.000000 73.559402
v 80.813576 -8.000000 73.513359
v 80.689522 -8.000000 73.461067
v 80.568230 -8.000000 73.402657
v 80.449997 -8.000000 73.338272
v 80.335129 -8.000000 73.268066
v 80.223892 -8.000000 73.192230
v 80.116577 -8.000000 73.110947
v 80.013451 -8.000000 73.024406
v 79.914764 -8.000000 72.932838
v 79.820763 -8.000000 72.836464
v 79.731682 -8.000000 72.735527
v 79.647743 -8.000000 72.630272
v 79.569153 -8.000000 72.520966
v 79.496117 -8.000000 72.407875
v 79.428802 -8.000000 72.291283
v 79.367386 -8.000000 72.171486
v 79.312012 -8.000000 72.048775
v 79.262833 -8.000000 71.923454
v 79.219955 -8.000000 71.795837
v 79.183495 -8.000000 71.666245
v 79.153534 -8.000000 71.534996
v 79.130157 -8.000000 71.402412
v 79.113419 -8.000000 71.268837
v 79.103355 -8.000000 71.134583
v 79.099998 -8.000000 71.000000
v 79.103355 -8.000000 70.865417
v 79.113419 -8.000000 70.731163
v 79.130157 -8.000000 70.597588
v 79.153534 -8.000000 70.465004
v 79.183495 -8.000000 70.333755
v 79.219955 -8.000000 70.204163
v 79.262833 -8.000000 70.076546
v 79.312012 -8.000000 69.951225
v 79.367386 -8.000000 69.828514
v 79.428802 -8.000000 69.708717
v 79.496117 -8.000000 69.592125
v 79.569153 -8.000000 69.479034
v 79.647743 -8.000000 69.369728
v 79.731682 -8.000000 69.264473
v 79.820763 -8.000000 69.163536
v 79.914764 -8.000000 69.067162
v 80.013451 -8.000000 68.975594
v 80.116577 -8.000000 68.889053
v 80.223892 -8.000000 68.807770
v 80.335129 -8.000000 68.731934
v 80.449997 -8.000000 68.661728
v 80.568230 -8.000000 68.597343
v 80.689522 -8.000000 68.538933
v 80.813576 -8.000000 68.486641
v 80.940086 -8.000000 68.440598
v 81.068733 -8.000000 68.400917
v 81.199196 -8.000000 68.367691
v 81.331146 -8.000000 68.341019
v 81.464272 -8.000000 68.320953
v 81.598228 -8.000000 68.307549
v 81.732689 -8.000000 68.300842
v 81.867310 -8.000000 68.300842
v 82.001770 -8.000000 68.307549
v 82.135727 -8.000000 68.320953
v 82.268852 -8.000000 68.341019
v 82.400810 -8.000000 68.367691
v 82.531273 -8.000000 68.400917
v 82.659912 -8.000000 68.440598
v 82.786423 -8.000000 68.486641
v 82.910477 -8.000000 68.538933
v 83.031769 -8.000000 68.597343
v 83.150002 -8.000000 68.661728
v 83.264877 -8.000000 68.731934
v 83.376106 -8.000000 68.807770
v 83.483421 -8.000000 68.889053
v 83.586555 -8.000000 68.975594
v 83.685242 -8.000000 69.067162
v 83.779243 -8.000000 69.163536
v 83.868317 -8.000000 69.264473
v 83.952255 -8.000000 69.369728
v 84.030846 -8.000000 69.479034
v 84.103882 -8.000000 69.592125
v 84.171196 -8.000000 69.708717
v 84.232613 -8.000000 69.828514
v 84.287987 -8.000000 69.951225
v 84.337173 -8.000000 70.076546
v 84.380043 -8.000000 70.204163
v 84.416512 -8.000000 70.333755
v 84.446465 -8.000000 70.465004
v 84.469841 -8.000000 70.597588
v 84.486580 -8.000000 70.731163
v 84.496643 -8.000000 70.865417
v 40.900002 -8.000000 71.000000
v 40.896645 -8.000000 71.134583
v 40.886581 -8.000000 71.268837
v 40.869843 -8.000000 71.402412
v 40.846466 -8.000000 71.534996
v 40.816509 -8.000000 71.666245
v 40.780048 -8.000000 71.795837
v 40.737171 -8.000000 71.923454
v 40.687984 -8.000000 72.048775
v 40.632614 -8.000000 72.171486
v 40.571198 -8.000000 72.291283
v 40.503887 -8.000000 72.407875
v 40.430843 -8.000000 72.520966
v 40.352257 -8.000000 72.630272
v 40.268318 -8.000000 72.735527
v 40.179241 -8.000000 72.836464
v 40.085239 -8.000000 72.932838
v 39.986553 -8.000000 73.024406
v 39.883423 -8.000000 73.110947
v 39.776108 -8.000000 73.192230
v 39.664875 -8.000000 73.268066
v 39.549999 -8.000000 73.338272
v 39.431770 -8.000000 73.402657
v 39.310474 -8.000000 73.461067
v 39.186420 -8.000000 73.513359
v 39.059914 -8.000000 73.559402
v 38.931271 -8.000000 73.599083
v 38.800808 -8.000000 73.632309
v 38.668850 -8.000000 73.658981
v 38.535728 -8.000000 73.679047
v 38.401772 -8.000000 73.692451
v 38.267311 -8.000000 73.699158
v 38.132687 -8.000000 73.699158
v 37.998230 -8.000000 73.692451
v 37.864273 -8.000000 73.679047
v 37.731152 -8.000000 73.658981
v 37.599194 -8.000000 73.632309
v 37.468731 -8.000000 73.599083
v 37.340088 -8.000000 73.559402
v 37.213581 -8.000000 73.513359
v 37.089523 -8.000000 73.461067
v 36.968231 -8.000000 73.402657
v 36.849998 -8.000000 73.338272
v 36.735126 -8.000000 73.268066
v 36.623894 -8.000000 73.192230
v 36.516579 -8.000000 73.110947
v 36.413448 -8.000000 73.024406
v 36.314762 -8.000000 72.932838
v 36.220760 -8.000000 72.836464
v 36.131680 -8.000000 72.735527
v 36.047741 -8.000000 72.630272
v 35.969154 -8.000000 72.520966
v 35.896114 -8.000000 72.407875
v 35.828800 -8.000000 72.291283
v 35.767384 -8.000000 72.171486
v 35.712013 -8.000000 72.048775
v 35.662830 -8.000000 71.923454
v 35.619953 -8.000000 71.795837
v 35.583492 -8.000000 71.666245
v 35.553535 -8.000000 71.534996
v 35.530155 -8.000000 71.402412
v 35.513416 -8.000000 71.268837
v 35.503357 -8.000000 71.134583
v 35.500000 -8.000000 71.000000
v 35.503357 -8.000000 70.865417
v 35.513416 -8.000000 70.731163
v 35.530155 -8.000000 70.597588
v 35.553535 -8.000000 70.465004
v 35.583492 -8.000000 70.333755
v 35.619953 -8.000000 70.204163
v 35.662830 -8.000000 70.076546
v 35.712013 -8.000000 69.951225
v 35.767384 -8.000000 69.828514
v 35.828800 -8.000000 69.708717
v 35.896114 -8.000000 69.592125
v 35.969154 -8.000000 69.479034
v 36.047741 -8.000000 69.369728
v 36.131680 -8.000000 69.264473
v 36.220760 -8.000000 69.163536
v 36.314762 -8.000000 69.067162
v 36.413448 -8.000000 68.975594
v 36.516579 -8.000000 68.889053
v 36.623894 -8.000000 68.807770
v 36.735126 -8.000000 68.731934
v 36.849998 -8.000000 68.661728
v 36.968231 -8.000000 68.597343
v 37.089523 -8.000000 68.538933
v 37.213581 -8.000000 68.486641
v 37.340088 -8.000000 68.440598
v 37.468731 -8.000000 68.400917
v 37.599194 -8.000000 68.367691
v 37.731152 -8.000000 68.341019
v 37.864273 -8.000000 68.320953
v 37.998230 -8.000000 68.307549
v 38.132687 -8.000000 68.300842
v 38.267311 -8.000000 68.300842
v 38.401772 -8.000000 68.307549
v 38.535728 -8.000000 68.320953
v 38.668850 -8.000000 68.341019
v 38.800808 -8.000000 68.367691
v 38.931271 -8.000000 68.400917
v 39.059914 -8.000000 68.440598
v 39.186420 -8.000000 68.486641
v 39.310474 -8.000000 68.538933
v 39.431770 -8.000000 68.597343
v 39.549999 -8.000000 68.661728
v 39.664875 -8.000000 68.731934
v 39.776108 -8.000000 68.807770
v 39.883423 -8.000000 68.889053
v 39.986553 -8.000000 68.975594
v 40.085239 -8.000000 69.067162
v 40.179241 -8.000000 69.163536
v 40.268318 -8.000000 69.264473
v 40.352257 -8.000000 69.369728
v 40.430843 -8.000000 69.479034
v 40.503887 -8.000000 69.592125
v 40.571198 -8.000000 69.708717
v 40.632614 -8.000000 69.828514
v 40.687984 -8.000000 69.951225
v 40.737171 -8.000000 70.076546
v 40.780048 -8.000000 70.204163
v 40.816509 -8.000000 70.333755
v 40.846466 -8.000000 70.465004
v 40.869843 -8.000000 70.597588
v 40.886581 -8.000000 70.731163
v 40.896645 -8.000000 70.865417
v 94.500000 -8.000000 61.000000
v 94.496643 -8.000000 61.134583
v 94.486580 -8.000000 61.268833
v 94.469841 -8.000000 61.402412
v 94.446465 -8.000000 61.534996
v 94.416512 -8.000000 61.666245
v 94.380043 -8.000000 61.795837
v 94.337173 -8.000000 61.923454
v 94.287987 -8.000000 62.048775
v 94.232613 -8.000000 62.171486
v 94.171196 -8.000000 62.291286
v 94.103882 -8.000000 62.407875
v 94.030846 -8.000000 62.520966
v 93.952255 -8.000000 62.630272
v 93.868317 -8.000000 62.735527
v 93.779243 -8.000000 62.836468
v 93.685242 -8.000000 62.932842
v 93.586555 -8.000000 63.024410
v 93.483421 -8.000000 63.110947
v 93.376106 -8.000000 63.192234
v 93.264877 -8.000000 63.268070
v 93.150002 -8.000000 63.338268
v 93.031769 -8.000000 63.402653
v 92.910477 -8.000000 63.461067
v 92.786423 -8.000000 63.513359
v 92.659912 -8.000000 63.559402
v 92.531273 -8.000000 63.599087
v 92.400810 -8.000000 63.632305
v 92.268852 -8.000000 63.658981
v 92.135727 -8.000000 63.679047
v 92.001770 -8.000000 63.692451
v 91.867310 -8.000000 63.699162
v 91.732689 -8.000000 63.699162
v 91.598228 -8.000000 63.692451
v 91.464272 -8.000000 63.679047
v 91.331146 -8.000000 63.658981
v 91.199196 -8.000000 63.632305
v 91.068733 -8.000000 63.599087
v 90.940086 -8.000000 63.559402
v 90.813576 -8.000000 63.513359
v 90.689522 -8.000000 63.461067
v 90.568230 -8.000000 63.402653
v 90.449997 -8.000000 63.338268
v 90.335129 -8.000000 63.268070
v 90.223892 -8.000000 63.192234
v 90.116577 -8.000000 63.110947
v 90.013451 -8.000000 63.024410
v 89.914764 -8.000000 62.932842
v 89.820763 -8.000000 62.836468
v 89.731682 -8.000000 62.735527
v 89.647743 -8.000000 62.630272
v 89.569153 -8.000000 62.520966
v 89.496117 -8.000000 62.407875
v 89.428802 -8.000000 62.291286
v 89.367386 -8.000000 62.171486
v 89.312012 -8.000000 62.048775
v 89.262833 -8.000000 61.923454
v 89.219955 -8.000000 61.795837
v 89.183495 -8.000000 61.666245
v 89.153534 -8.000000 61.534996
v 89.130157 -8.000000 61.402412
v 89.113419 -8.000000 61.268833
v 89.103355 -8.000000 61.134583
v 89.099998 -8.000000 61.000000
v 89.103355 -8.000000 60.865417
v 89.113419 -8.000000 60.731167
v 89.130157 -8.000000 60.597588
v 89.153534 -8.000000 60.465004
v 89.183495 -8.000000 60.333755
v 89.219955 -8.000000 60.204163
v 89.262833 -8.000000 60.076546
v 89.312012 -8.000000 59.951225
v 89.367386 -8.000000 59.828514
v 89.428802 -8.000000 59.708714
v 89.496117 -8.000000 59.592125
v 89.569153 -8.000000 59.479034
v 89.647743 -8.000000 59.369728
v 89.731682 -8.000000 59.264473
v 89.820763 -8.000000 59.163532
v 89.914764 -8.000000 59.067158
v 90.013451 -8.000000 58.975590
v 90.116577 -8.000000 58.889053
v 90.223892 -8.000000 58.807766
v 90.335129 -8.000000 58.731930
v 90.449997 -8.000000 58.661732
v 90.568230 -8.000000 58.597347
v 90.689522 -8.000000 58.538933
v 90.813576 -8.000000 58.486641
v 90.940086 -8.000000 58.440598
v 91.068733 -8.000000 58.400913
v 91.199196 -8.000000 58.367695
v 91.331146 -8.000000 58.341019
v 91.464272 -8.000000 58.320953
v 91.598228 -8.000000 58.307549
v 91.732689 -8.000000 58.300838
v 91.867310 -8.000000 58.300838
v 92.001770 -8.000000 58.307549
v 92.135727 -8.000000 58.320953
v 92.268852 -8.000000 58.341019
v 92.400810 -8.000000 58.367695
v 92.531273 -8.000000 58.400913
v 92.659912 -8.000000 58.440598
v 92.786423 -8.000000 58.486641
v 92.910477 -8.000000 58.538933
v 93.031769 -8.000000 58.597347
v 93.150002 -8.000000 58.661732
v 93.264877 -8.000000 58.731930
v 93.376106 -8.000000 58.807766
v 93.483421 -8.000000 58.889053
v 93.586555 -8.000000 58.975590
v 93.685242 -8.000000 59.067158
v 93.779243 -8.000000 59.163532
v 93.868317 -8.000000 59.264473
v 93.952255 -8.000000 59.369728
v 94.030846 -8.000000 59.479034
v 94.103882 -8.000000 59.592125
v 94.171196 -8.000000 59.708714
v 94.232613 -8.000000 59.828514
v 94.287987 -8.000000 59.951225
v 94.337173 -8.000000 60.076546
v 94.380043 -8.000000 60.204163
v 94.416512 -8.000000 60.333755
v 94.446465 -8.000000 60.465004
v 94.469841 -8.000000 60.597588
v 94.486580 -8.000000 60.731167
v 94.496643 -8.000000 60.865417
v 30.900000 -8.000000 61.000000
v 30.896645 -8.000000 61.134583
v 30.886583 -8.000000 61.268833
v 30.869843 -8.000000 61.402412
v 30.846466 -8.000000 61.534996
v 30.816509 -8.000000 61.666245
v 30.780046 -8.000000 61.795837
v 30.737169 -8.000000 61.923454
v 30.687986 -8.000000 62.048775
v 30.632616 -8.000000 62.171486
v 30.571198 -8.000000 62.291286
v 30.503885 -8.000000 62.407875
v 30.430845 -8.000000 62.520966
v 30.352259 -8.000000 62.630272
v 30.268320 -8.000000 62.735527
v 30.179239 -8.000000 62.836468
v 30.085239 -8.000000 62.932842
v 29.986551 -8.000000 63.024410
v 29.883423 -8.000000 63.110947
v 29.776108 -8.000000 63.192234
v 29.664875 -8.000000 63.268070
v 29.549999 -8.000000 63.338268
v 29.431768 -8.000000 63.402653
v 29.310474 -8.000000 63.461067
v 29.186420 -8.000000 63.513359
v 29.059914 -8.000000 63.559402
v 28.931269 -8.000000 63.599087
v 28.800806 -8.000000 63.632305
v 28.668850 -8.000000 63.658981
v 28.535728 -8.000000 63.679047
v 28.401772 -8.000000 63.692451
v 28.267313 -8.000000 63.699162
v 28.132687 -8.000000 63.699162
v 27.998228 -8.000000 63.692451
v 27.864271 -8.000000 63.679047
v 27.731150 -8.000000 63.658981
v 27.599194 -8.000000 63.632305
v 27.468731 -8.000000 63.599087
v 27.340086 -8.000000 63.559402
v 27.213579 -8.000000 63.513359
v 27.089525 -8.000000 63.461067
v 26.968231 -8.000000 63.402653
v 26.850000 -8.000000 63.338268
v 26.735125 -8.000000 63.268070
v 26.623892 -8.000000 63.192234
v 26.516577 -8.000000 63.110947
v 26.413448 -8.000000 63.024410
v 26.314760 -8.000000 62.932842
v 26.220760 -8.000000 62.836468
v 26.131680 -8.000000 62.735527
v 26.047743 -8.000000 62.630272
v 25.969154 -8.000000 62.520966
v 25.896114 -8.000000 62.407875
v 25.828802 -8.000000 62.291286
v 25.767384 -8.000000 62.171486
v 25.712015 -8.000000 62.048775
v 25.662830 -8.000000 61.923454
v 25.619953 -8.000000 61.795837
v 25.583492 -8.000000 61.666245
v 25.553534 -8.000000 61.534996
v 25.530157 -8.000000 61.402412
v 25.513416 -8.000000 61.268833
v 25.503357 -8.000000 61.134583
v 25.500000 -8.000000 61.000000
v 25.503357 -8.000000 60.865417
v 25.513416 -8.000000 60.731167
v 25.530157 -8.000000 60.597588
v 25.553534 -8.000000 60.465004
v 25.583492 -8.000000 60.333755
v 25.619953 -8.000000 60.204163
v 25.662830 -8.000000 60.076546
v 25.712015 -8.000000 59.951225
v 25.767384 -8.000000 59.828514
v 25.828802 -8.000000 59.708714
v 25.896114 -8.000000 59.592125
v 25.969154 -8.000000 59.479034
v 26.047743 -8.000000 59.369728
v 26.131680 -8.000000 59.264473
v 26.220760 -8.000000 59.163532
v 26.314760 -8.000000 59.067158
v 26.413448 -8.000000 58.975590
v 26.516577 -8.000000 58.889053
v 26.623892 -8.000000 58.807766
v 26.735125 -8.000000 58.731930
v 26.850000 -8.000000 58.661732
v 26.968231 -8.000000 58.597347
v 27.089525 -8.000000 58.538933
v 27.213579 -8.000000 58.486641
v 27.340086 -8.000000 58.440598
v 27.468731 -8.000000 58.400913
v 27.599194 -8.000000 58.367695
v 27.731150 -8.000000 58.341019
v 27.864271 -8.000000 58.320953
v 27.998228 -8.000000 58.307549
v 28.132687 -8.000000 58.300838
v 28.267313 -8.000000 58.300838
v 28.401772 -8.000000 58.307549
v 28.535728 -8.000000 58.320953
v 28.668850 -8.000000 58.341019
v 28.800806 -8.000000 58.367695
v 28.931269 -8.000000 58.400913
v 29.059914 -8.000000 58.440598
v 29.186420 -8.000000 58.486641
v 29.310474 -8.000000 58.538933
v 29.431768 -8.000000 58.597347
v 29.549999 -8.000000 58.661732
v 29.664875 -8.000000 58.731930
v 29.776108 -8.000000 58.807766
v 29.883423 -8.000000 58.889053
v 29.986551 -8.000000 58.975590
v 30.085239 -8.000000 59.067158
v 30.179239 -8.000000 59.163532
v 30.268320 -8.000000 59.264473
v 30.352259 -8.000000 59.369728
v 30.430845 -8.000000 59.479034
v 30.503885 -8.000000 59.592125
v 30.571198 -8.000000 59.708714
v 30.632616 -8.000000 59.828514
v 30.687986 -8.000000 59.951225
v 30.737169 -8.000000 60.076546
v 30.780046 -8.000000 60.204163
v 30.816509 -8.000000 60.333755
v 30.846466 -8.000000 60.465004
v 30.869843 -8.000000 60.597588
v 30.886583 -8.000000 60.731167
v 30.896645 -8.000000 60.865417
v 8.200000 -8.000000 14.800000
v 22.799999 -8.000000 36.799999
v 55.810577 -8.000000 7.704799
v 55.601688 -8.000000 7.918963
v 56.029884 -8.000000 7.501313
v 56.259060 -8.000000 7.309011
v 56.744724 -8.000000 6.959845
v 57.000000 -8.000000 6.803848
v 57.262737 -8.000000 6.660769
v 57.807953 -8.000000 6.414758
v 59.253937 -8.000000 6.046565
v 59.551620 -8.000000 6.016777
v 59.850414 -8.000000 6.001865
v 60.746063 -8.000000 6.046565
v 61.041889 -8.000000 6.091154
v 60.448380 -8.000000 6.016777
v 61.625042 -8.000000 6.224255
v 62.192047 -8.000000 6.414758
v 62.467724 -8.000000 6.530965
v 64.189423 -8.000000 7.704799
v 96.800003 -8.000000 -4.000000
v 111.800003 -8.000000 14.800000
vn -1.000000 -0.000000 0.000000
vn -1.000000 0.000000 -0.000000
vn 0.000000 0.000000 -1.000000
vn 0.000000 0.000000 -1.000000
vn 1.000000 0.000000 -0.000000
vn 1.000000 0.000000 0.000000
vn 0.000000 0.000000 -1.000000
vn 0.000000 0.000000 -1.000000
vn -1.000000 -0.000000 -0.000000
vn -1.000000 0.000000 0.000000
vn 0.000000 0.000000 -1.000000
vn 0.000000 0.000000 -1.000000
vn -1.000000 -0.000000 -0.000000
vn -1.000000 0.000000 0.000000
vn 0.000000 0.000000 -1.000000
vn 0.000000 0.000000 -1.000000
vn 1.000000 0.000000 -0.000000
vn 1.000000 0.000000 0.000000
vn 0.000000 0.000000 -1.000000
vn 0.000000 0.000000 -1.000000
vn -1.000000 -0.000000 -0.000000
vn -1.000000 0.000000 0.000000
vn 0.000000 0.000000 -1.000000
vn 0.000000 0.000000 -1.000000
vn 1.000000 0.000000 -0.000000
vn 1.000000 0.000000 0.000000
vn 0.000000 0.000000 -1.000000
vn 0.000000 0.000000 -1.000000
vn -1.000000 -0.000000 -0.000000
vn -1.000000 0.000000 0.000000
vn 0.000000 0.000000 -1.000000
vn 0.000000 0.000000 -1.000000
vn 1.000000 0.000000 -0.000000
vn 1.000000 0.000000 0.000000
vn 0.000000 0.000000 -1.000000
vn 0.000000 0.000000 -1.000000
vn 1.000000 0.000000 -0.000000
vn 1.000000 0.000000 0.000000
vn 0.000000 0.000000 -1.000000
vn 0.000000 0.000000 -1.000000
vn -1.000000 -0.000000 -0.000000
vn -1.000000 0.000000 0.000000
vn 0.000000 0.000000 -1.000000
vn 0.000000 0.000000 -1.000000
vn 1.000000 0.000000 -0.000000
vn 1.000000 0.000000 0.000000
vn 0.000000 1.000000 0.000000
vn 0.000000 1.000000 0.000000
vn 0.000000 1.000000 0.000000
vn 0.000000 1.000000 0.000000
vn 0.000000 1.000000 0.000000
vn 0.000000 1.000000 0.000000
vn 0.000000 1.000000 0.000000
vn 0.000000 1.000000 0.000000
vn 0.000000 1.000000 0.000000
vn 0.000000 1.000000 0.000000
vn 0.000000 1.000000 0.000000
vn 0.000000 1.000000 0.000000
vn 0.000000 1.000000 0.000000
vn 0.000000 1.000000 0.000000
vn 0.000000 1.000000 0.000000
vn 0.000000 1.000000 0.000000
vn 0.000000 1.000000 0.000000
vn 0.000000 1.000000 0.000000
vn 0.000000 1.000000 0.000000
vn 0.000000 1.000000 0.000000
vn 0.000000 1.000000 0.000000
vn 0.000000 1.000000 0.000000
vn 0.000000 1.000000 0.000000
vn 0.000000 1.000000 0.000000
vn 0.000000 1.000000 0.000000
vn 0.000000 1.000000 0.000000
vn 0.000000 1.000000 0.000000
vn 0.000000 1.000000 0.000000
vn 0.000000 1.000000 0.000000
vn 0.000000 1.000000 0.000000
vn 0.000000 1.000000 0.000000
vn 0.000000 1.000000 0.000000
vn 0.000000 1.000000 0.000000
vn 0.000000 1.000000 0.000000
vn 0.000000 1.000000 0.000000
vn 0.000000 1.000000 0.000000
vn 0.000000 1.000000 0.000000
vn 0.000000 1.000000 0.000000
vn 0.000000 1.000000 0.000000
vn 0.000000 1.000000 0.000000
vn 0.000000 1.000000 0.000000
vn 0.000000 1.000000 0.000000
vn 0.000000 1.000000 0.000000
vn 0.000000 1.000000 0.000000
vn 0.000000 1.000000 0.000000
vn 0.000000 1.000000 0.000000
vn 0.000000 1.000000 0.000000
vn 0.000000 1.000000 0.000000
vn 0.000000 1.000000 0.000000
vn 0.000000 1.000000 0.000000
vn 0.000000 1.000000 0.000000
vn 0.000000 1.000000 0.000000
vn 0.000000 1.000000 0.000000
vn 0.000000 1.000000 0.000000
vn 0.000000 1.000000 0.000000
vn 0.000000 1.000000 0.000000
vn 0.000000 1.000000 0.000000
vn 0.000000 1.000000 0.000000
vn 0.000000 1.000000 0.000000
vn 0.000000 1.000000 0.000000
vn 0.000000 1.000000 0.000000
vn 0.000000 1.000000 0.000000
vn 0.000000 1.000000 0.000000
vn 0.000000 1.000000 0.000000
vn 0.000000 1.000000 0.000000
vn 0.000000 1.000000 0.000000
vn 0.000000 1.000000 0.000000
vn 0.000000 1.000000 0.000000
vn 0.000000 1.000000 0.000000
vn 0.000000 1.000000 0.000000
vn 0.000000 1.000000 0.000000
vn 0.000000 1.000000 0.000000
vn 0.000000 1.000000 0.000000
vn 0.000000 1.000000 0.000000
vn 0.000000 1.000000 0.000000
vn 0.000000 1.000000 0.000000
vn 0.000000 1.000000 0.000000
vn 0.000000 1.000000 0.000000
vn 0.000000 1.000000 0.000000
vn 0.000000 1.000000 0.000000
vn 0.000000 1.000000 0.000000
vn 0.000000 1.000000 0.000000
vn 0.000000 1.000000 0.000000
vn 0.000000 1.000000 0.000000
vn 0.000000 1.000000 0.000000
vn 0.000000 1.000000 0.000000
vn 0.000000 1.000000 0.000000
vn 0.000000 1.000000 0.000000
vn 0.000000 1.000000 0.000000
vn 0.000000 1.000000 0.000000
vn 0.000000 1.000000 0.000000
vn 0.000000 1.000000 0.000000
vn 0.000000 1.000000 0.000000
vn 0.000000 1.000000 0.000000
vn 0.000000 1.000000 0.000000
vn 0.000000 1.000000 0.000000
vn 0.000000 1.000000 0.000000
vn 0.000000 1.000000 0.000000
vn 0.000000 1.000000 0.000000
vn 0.000000 1.000000 0.000000
vn 0.000000 1.000000 0.000000
vn 0.000000 1.000000 0.000000
vn 0.000000 1.000000 0.000000
vn 0.000000 1.000000 0.000000
vn 0.000000 1.000000 0.000000
vn 0.000000 1.000000 0.000000
vn 0.000000 1.000000 0.000000
vn 0.000000 1.000000 0.000000
vn 0.000000 1.000000 0.000000
vn 0.000000 1.000000 0.000000
vn 0.000000 1.000000 0.000000
vn 0.000000 1.000000 0.000000
vn 0.000000 1.000000 0.000000
vn 0.000000 1.000000 0.000000
vn 0.000000 1.000000 0.000000
vn 0.000000 1.000000 0.000000
vn 0.000000 1.000000 0.000000
vn 0.000000 1.000000 0.000000
vn 0.000000 1.000000 0.000000
vn 0.000000 1.000000 0.000000
vn 0.000000 1.000000 0.000000
vn 0.000000 1.000000 0.000000
vn 0.000000 1.000000 0.000000
vn 0.000000 1.000000 0.000000
vn 0.000000 1.000000 0.000000
vn 0.000000 1.000000 0.000000
vn 0.000000 1.000000 0.000000
vn 0.000000 1.000000 0.000000
vn 0.000000 1.000000 0.000000
vn 0.000000 1.000000 0.000000
vn 0.000000 1.000000 0.000000
vn 0.000000 1.000000 0.000000
vn 0.000000 1.000000 0.000000
vn 0.000000 1.000000 0.000000
vn 0.000000 1.000000 0.000000
vn 0.000000 1.000000 0.000000
vn 0.000000 1.000000 0.000000
vn 0.000000 1.000000 0.000000
vn 0.000000 1.000000 0.000000
vn 0.000000 1.000000 0.000000
vn 0.000000 1.000000 0.000000
vn 0.000000 1.000000 0.000000
vn 0.000000 1.000000 0.000000
vn 0.000000 1.000000 0.000000
vn 0.000000 1.000000 0.000000
vn 0.000000 1.000000 0.000000
vn 0.000000 1.000000 0.000000
vn 0.000000 1.000000 0.000000
vn 0.000000 1.000000 0.000000
vn 0.000000 1.000000 0.000000
vn 0.000000 1.000000 0.000000
vn 0.000000 1.000000 0.000000
vn 0.000000 1.000000 0.000000
vn 0.000000 1.000000 0.000000
vn 0.000000 1.000000 0.000000
vn 0.000000 1.000000 0.000000
vn 0.000000 1.000000 0.000000
vn 0.000000 1.000000 0.000000
vn 0.000000 1.000000 0.000000
vn 0.000000 1.000000 0.000000
vn 0.000000 1.000000 0.000000
vn 0.000000 1.000000 0.000000
vn 0.000000 1.000000 0.000000
vn 0.000000 1.000000 0.000000
vn 0.000000 1.000000 0.000000
vn 0.000000 1.000000 0.000000
vn 0.000000 1.000000 0.000000
vn 0.000000 1.000000 0.000000
vn 0.000000 1.000000 0.000000
vn 0.000000 1.000000 0.000000
vn 0.000000 1.000000 0.000000
vn 0.000000 1.000000 0.000000
vn 0.000000 1.000000 0.000000
vn 0.000000 1.000000 0.000000
vn 0.000000 1.000000 0.000000
vn 0.000000 1.000000 0.000000
vn 0.000000 1.000000 0.000000
vn 0.000000 1.000000 0.000000
vn 0.000000 1.000000 0.000000
vn 0.000000 1.000000 0.000000
vn 0.000000 1.000000 0.000000
vn 0.000000 1.000000 0.000000
vn 0.000000 1.000000 0.000000
vn 0.000000 1.000000 0.000000
vn 0.000000 1.000000 0.000000
vn 0.000000 1.000000 0.000000
vn 0.000000 1.000000 0.000000
vn 0.000000 1.000000 0.000000
vn 0.000000 1.000000 0.000000
vn 0.000000 1.000000 0.000000
vn 0.000000 1.000000 0.000000
vn 0.000000 1.000000 0.000000
vn 0.000000 1.000000 0.000000
vn 0.000000 1.000000 0.000000
vn 0.000000 1.000000 0.000000
vn 0.000000 1.000000 0.000000
vn 0.000000 1.000000 0.000000
vn 0.000000 1.000000 0.000000
vn 0.000000 1.000000 0.000000
vn 0.000000 1.000000 0.000000
vn 0.000000 1.000000 0.000000
vn 0.000000 1.000000 0.000000
vn 0.000000 1.000000 0.000000
vn 0.000000 1.000000 0.000000
vn 0.000000 1.000000 0.000000
vn 0.000000 1.000000 0.000000
vn 0.000000 1.000000 0.000000
vn 0.000000 1.000000 0.000000
vn 0.000000 1.000000 0.000000
vn 0.000000 1.000000 0.000000
vn 0.000000 1.000000 0.000000
vn 0.000000 1.000000 0.000000
vn 0.000000 1.000000 0.000000
vn 0.000000 1.000000 0.000000
vn 0.000000 1.000000 0.000000
vn 0.000000 1.000000 0.000000
vn 0.000000 1.000000 0.000000
vn 0.000000 1.000000 0.000000
vn 0.000000 1.000000 0.000000
vn 0.000000 1.000000 0.000000
vn 0.000000 1.000000 0.000000
vn 0.000000 1.000000 0.000000
vn 0.000000 1.000000 0.000000
vn 0.000000 1.000000 0.000000
vn 0.000000 1.000000 0.000000
vn 0.000000 1.000000 0.000000
vn 0.000000 1.000000 0.000000
vn 0.000000 1.000000 0.000000
vn 0.000000 1.000000 0.000000
vn 0.000000 1.000000 0.000000
vn 0.000000 1.000000 0.000000
vn 0.000000 1.000000 0.000000
vn 0.000000 1.000000 0.000000
vn 0.000000 1.000000 0.000000
vn 0.000000 1.000000 0.000000
vn 0.000000 1.000000 0.000000
vn 0.000000 1.000000 0.000000
vn 0.000000 1.000000 0.000000
vn 0.000000 1.000000 0.000000
vn 0.000000 1.000000 0.000000
vn 0.000000 1.000000 0.000000
vn 0.000000 1.000000 0.000000
vn 0.000000 1.000000 0.000000
vn 0.000000 1.000000 0.000000
vn 0.000000 1.000000 0.000000
vn 0.000000 1.000000 0.000000
vn 0.000000 1.000000 0.000000
vn 0.000000 1.000000 0.000000
vn 0.000000 1.000000 0.000000
vn 0.000000 1.000000 0.000000
vn 0.000000 1.000000 0.000000
vn 0.000000 1.000000 0.000000
vn 0.000000 1.000000 0.000000
vn 0.000000 1.000000 0.000000
vn 0.000000 1.000000 0.000000
vn 0.000000 1.000000 0.000000
vn 0.000000 1.000000 0.000000
vn 0.000000 1.000000 0.000000
vn 0.000000 1.000000 0.000000
vn 0.000000 1.000000 0.000000
vn 0.000000 1.000000 0.000000
vn 0.000000 1.000000 0.000000
vn 0.000000 1.000000 0.000000
vn 0.000000 1.000000 0.000000
vn 0.000000 1.000000 0.000000
vn 0.000000 1.000000 0.000000
vn 0.000000 1.000000 0.000000
vn 0.000000 1.000000 0.000000
vn 0.000000 1.000000 0.000000
vn 0.000000 1.000000 0.000000
vn 0.000000 1.000000 0.000000
vn 0.000000 1.000000 0.000000
vn 0.000000 1.000000 0.000000
vn 0.000000 1.000000 0.000000
vn 0.000000 1.000000 0.000000
vn 0.000000 1.000000 0.000000
vn 0.000000 1.000000 0.000000
vn 0.000000 1.000000 0.000000
vn 0.000000 1.000000 0.000000
vn 0.000000 1.000000 0.000000
vn 0.000000 1.000000 0.000000
vn 0.000000 1.000000 0.000000
vn 0.000000 1.000000 0.000000
vn 0.000000 1.000000 0.000000
vn 0.000000 1.000000 0.000000
vn 0.000000 1.000000 0.000000
vn 0.000000 1.000000 0.000000
vn 0.000000 1.000000 0.000000
vn 0.000000 1.000000 0.000000
vn 0.000000 1.000000 0.000000
vn 0.000000 1.000000 0.000000
vn 0.000000 1.000000 0.000000
vn 0.000000 1.000000 0.000000
vn 0.000000 1.000000 0.000000
vn 0.000000 1.000000 0.000000
vn 0.000000 1.000000 0.000000
vn 0.000000 1.000000 0.000000
vn 0.000000 1.000000 0.000000
vn 0.000000 1.000000 0.000000
vn 0.000000 1.000000 0.000000
vn 0.000000 1.000000 0.000000
vn 0.000000 1.000000 0.000000
vn 0.000000 1.000000 0.000000
vn 0.000000 1.000000 0.000000
vn 0.000000 1.000000 0.000000
vn 0.000000 1.000000 0.000000
vn 0.000000 1.000000 0.000000
vn 0.000000 1.000000 0.000000
vn 0.000000 1.000000 0.000000
vn 0.000000 1.000000 0.000000
vn 0.000000 1.000000 0.000000
vn 0.000000 1.000000 0.000000
vn 0.000000 1.000000 0.000000
vn 0.000000 1.000000 0.000000
vn 0.000000 1.000000 0.000000
vn 0.000000 1.000000 0.000000
vn 0.000000 1.000000 0.000000
vn 0.000000 1.000000 0.000000
vn 0.000000 1.000000 0.000000
vn 0.000000 1.000000 0.000000
vn 0.000000 1.000000 0.000000
vn 0.000000 1.000000 0.000000
vn 0.000000 1.000000 0.000000
vn 0.000000 1.000000 0.000000
vn 0.000000 1.000000 0.000000
vn 0.000000 1.000000 0.000000
vn 0.000000 1.000000 0.000000
vn 0.000000 1.000000 0.000000
vn 0.000000 1.000000 0.000000
vn 0.000000 1.000000 0.000000
vn 0.000000 1.000000 0.000000
vn 0.000000 1.000000 0.000000
vn 0.000000 1.000000 0.000000
vn 0.000000 1.000000 0.000000
vn 0.000000 1.000000 0.000000
vn 0.000000 1.000000 0.000000
vn 0.000000 1.000000 0.000000
vn 0.000000 1.000000 0.000000
vn 0.000000 1.000000 0.000000
vn 0.000000 1.000000 0.000000
vn 0.000000 1.000000 0.000000
vn 0.000000 1.000000 0.000000
vn 0.000000 1.000000 0.000000
vn 0.000000 1.000000 0.000000
vn 0.000000 1.000000 0.000000
vn 0.000000 1.000000 0.000000
vn 0.000000 1.000000 0.000000
vn 0.000000 1.000000 0.000000
vn 0.000000 1.000000 0.000000
vn 0.000000 1.000000 0.000000
vn 0.000000 1.000000 0.000000
vn 0.000000 1.000000 0.000000
vn 0.000000 1.000000 0.000000
vn 0.000000 1.000000 0.000000
vn 0.000000 1.000000 0.000000
vn 0.000000 1.000000 0.000000
vn 0.000000 1.000000 0.000000
vn 0.000000 1.000000 0.000000
vn 0.000000 1.000000 0.000000
vn 0.000000 1.000000 0.000000
vn 0.000000 1.000000 0.000000
vn 0.000000 1.000000 0.000000
vn 0.000000 1.000000 0.000000
vn 0.000000 1.000000 0.000000
vn 0.000000 1.000000 0.000000
vn 0.000000 1.000000 0.000000
vn 0.000000 1.000000 0.000000
vn 0.000000 1.000000 0.000000
vn 0.000000 1.000000 0.000000
vn 0.000000 1.000000 0.000000
vn 0.000000 1.000000 0.000000
vn 0.000000 1.000000 0.000000
vn 0.000000 1.000000 0.000000
vn 0.000000 1.000000 0.000000
vn 0.000000 1.000000 0.000000
vn 0.000000 1.000000 0.000000
vn 0.000000 1.000000 0.000000
vn 0.000000 1.000000 0.000000
vn 0.000000 1.000000 0.000000
vn 0.000000 1.000000 0.000000
vn 0.000000 1.000000 0.000000
vn 0.000000 1.000000 0.000000
vn 0.000000 1.000000 0.000000
vn 0.000000 1.000000 0.000000
vn 0.000000 1.000000 0.000000
vn 0.000000 1.000000 0.000000
vn 0.000000 1.000000 0.000000
vn 0.000000 1.000000 0.000000
vn 0.000000 1.000000 0.000000
vn 0.000000 1.000000 0.000000
vn 0.000000 1.000000 0.000000
vn 0.000000 1.000000 0.000000
vn 0.000000 1.000000 0.000000
vn 0.000000 1.000000 0.000000
vn 0.000000 1.000000 0.000000
vn 0.000000 1.000000 0.000000
vn 0.000000 1.000000 0.000000
vn 0.000000 1.000000 0.000000
vn 0.000000 1.000000 0.000000
vn 0.000000 1.000000 0.000000
vn 0.000000 1.000000 0.000000
vn 0.000000 1.000000 0.000000
vn 0.000000 1.000000 0.000000
vn 0.000000 1.000000 0.000000
vn 0.000000 1.000000 0.000000
vn 0.000000 1.000000 0.000000
vn 0.000000 1.000000 0.000000
vn 0.000000 1.000000 0.000000
vn 0.000000 1.000000 0.000000
vn 0.000000 1.000000 0.000000
vn 0.000000 1.000000 0.000000
vn 0.000000 1.000000 0.000000
vn 0.000000 1.000000 0.000000
vn 0.000000 1.000000 0.000000
vn 0.000000 1.000000 0.000000
vn 0.000000 1.000000 0.000000
vn 0.000000 1.000000 0.000000
vn 0.000000 1.000000 0.000000
vn 0.000000 1.000000 0.000000
vn 0.000000 1.000000 0.000000
vn 0.000000 1.000000 0.000000
vn 0.000000 1.000000 0.000000
vn 0.000000 1.000000 0.000000
vn 0.000000 1.000000 0.000000
vn 0.000000 1.000000 0.000000
vn 0.000000 1.000000 0.000000
vn 0.000000 1.000000 0.000000
vn 0.000000 1.000000 0.000000
vn 0.000000 1.000000 0.000000
vn 0.000000 1.000000 0.000000
vn 0.000000 1.000000 0.000000
vn 0.000000 1.000000 0.000000
vn 0.000000 1.000000 0.000000
vn 0.000000 1.000000 0.000000
vn 0.000000 1.000000 0.000000
vn 0.000000 1.000000 0.000000
vn 0.000000 1.000000 0.000000
vn 0.000000 1.000000 0.000000
vn 0.000000 1.000000 0.000000
vn 0.000000 1.000000 0.000000
vn 0.000000 1.000000 0.000000
vn 0.000000 1.000000 0.000000
vn 0.000000 1.000000 0.000000
vn 0.000000 1.000000 0.000000
vn 0.000000 1.000000 0.000000
vn 0.000000 1.000000 0.000000
vn 0.000000 1.000000 0.000000
vn 0.000000 1.000000 0.000000
vn 0.000000 1.000000 0.000000
vn 0.000000 1.000000 0.000000
vn 0.000000 1.000000 0.000000
vn 0.000000 1.000000 0.000000
vn 0.000000 1.000000 0.000000
vn 0.000000 1.000000 0.000000
vn 0.000000 1.000000 0.000000
vn 0.000000 1.000000 0.000000
vn 0.000000 1.000000 0.000000
vn 0.000000 1.000000 0.000000
vn 0.000000 1.000000 0.000000
vn 0.000000 1.000000 0.000000
vn 0.000000 1.000000 0.000000
vn 0.000000 1.000000 0.000000
vn 0.000000 1.000000 0.000000
vn 0.000000 1.000000 0.000000
vn 0.000000 1.000000 0.000000
vn 0.000000 1.000000 0.000000
vn 0.000000 1.000000 0.000000
vn 0.000000 1.000000 0.000000
vn 0.000000 1.000000 0.000000
vn 0.000000 1.000000 0.000000
vn 0.000000 1.000000 0.000000
vn 0.000000 1.000000 0.000000
vn 0.000000 1.000000 0.000000
vn 0.000000 1.000000 0.000000
vn 0.000000 1.000000 0.000000
vn 0.000000 1.000000 0.000000
vn 0.000000 1.000000 0.000000
vn 0.000000 1.000000 0.000000
vn 0.000000 1.000000 0.000000
vn 0.000000 1.000000 0.000000
vn 0.000000 1.000000 0.000000
vn 0.000000 1.000000 0.000000
vn 0.000000 1.000000 0.000000
vn 0.000000 1.000000 0.000000
vn 0.000000 1.000000 0.000000
vn 0.000000 1.000000 0.000000
vn 0.000000 1.000000 0.000000
vn 0.000000 1.000000 0.000000
vn 0.000000 1.000000 0.000000
vn 0.000000 1.000000 0.000000
vn 0.000000 1.000000 0.000000
vn 0.000000 1.000000 0.000000
vn 0.000000 1.000000 0.000000
vn 0.000000 1.000000 0.000000
vn 0.000000 1.000000 0.000000
vn 0.000000 1.000000 0.000000
vn 0.000000 1.000000 0.000000
vn 0.000000 1.000000 0.000000
vn 0.000000 1.000000 0.000000
vn 0.000000 1.000000 0.000000
vn 0.000000 1.000000 0.000000
vn 0.000000 1.000000 0.000000
vn 0.000000 1.000000 0.000000
vn 0.000000 1.000000 0.000000
vn 0.000000 1.000000 0.000000
vn 0.000000 1.000000 0.000000
vn 0.000000 1.000000 0.000000
vn 0.000000 1.000000 0.000000
vn 0.000000 1.000000 0.000000
vn 0.000000 1.000000 0.000000
vn 0.000000 1.000000 0.000000
vn 0.000000 1.000000 0.000000
vn 0.000000 1.000000 0.000000
vn 0.000000 1.000000 0.000000
vn 0.000000 1.000000 0.000000
vn 0.000000 1.000000 0.000000
vn 0.000000 1.000000 0.000000
vn 0.000000 1.000000 0.000000
vn 0.000000 1.000000 0.000000
vn 0.000000 1.000000 0.000000
vn 0.000000 1.000000 0.000000
vn 0.000000 1.000000 0.000000
vn 0.000000 1.000000 0.000000
vn 0.000000 1.000000 0.000000
vn 0.000000 1.000000 0.000000
vn 0.000000 1.000000 0.000000
vn 0.000000 1.000000 0.000000
vn 0.000000 1.000000 0.000000
vn 0.000000 1.000000 0.000000
vn 0.000000 1.000000 0.000000
vn 0.000000 1.000000 0.000000
vn 0.000000 1.000000 0.000000
vn 0.000000 1.000000 0.000000
vn 0.000000 1.000000 0.000000
vn 0.000000 1.000000 0.000000
vn 0.000000 1.000000 0.000000
vn 0.000000 1.000000 0.000000
vn 0.000000 1.000000 0.000000
vn 0.000000 1.000000 0.000000
vn 0.000000 1.000000 0.000000
vn 0.000000 1.000000 0.000000
vn 0.000000 1.000000 0.000000
vn 0.000000 1.000000 0.000000
vn 0.000000 1.000000 0.000000
vn 0.000000 1.000000 0.000000
vn 0.000000 1.000000 0.000000
vn 0.000000 1.000000 0.000000
vn 0.000000 1.000000 0.000000
vn 0.000000 1.000000 0.000000
vn 0.000000 1.000000 0.000000
vn 0.000000 1.000000 0.000000
vn 0.000000 1.000000 0.000000
vn 0.000000 1.000000 0.000000
vn 0.000000 1.000000 0.000000
vn 0.000000 1.000000 0.000000
vn 0.000000 1.000000 0.000000
vn 0.000000 1.000000 0.000000
vn 0.000000 1.000000 0.000000
vn 0.000000 1.000000 0.000000
vn 0.000000 1.000000 0.000000
vn 0.000000 1.000000 0.000000
vn 0.000000 1.000000 0.000000
vn 0.000000 1.000000 0.000000
vn 0.000000 1.000000 0.000000
vn 0.000000 1.000000 0.000000
vn 0.000000 1.000000 0.000000
vn 0.000000 1.000000 0.000000
vn 0.000000 1.000000 0.000000
vn 0.000000 1.000000 0.000000
vn 0.000000 1.000000 0.000000
vn 0.000000 1.000000 0.000000
vn 0.000000 1.000000 0.000000
vn 0.000000 1.000000 0.000000
vn 0.000000 1.000000 0.000000
vn 0.000000 1.000000 0.000000
vn 0.000000 1.000000 0.000000
vn 0.000000 1.000000 0.000000
vn 0.000000 1.000000 0.000000
vn 0.000000 1.000000 0.000000
vn 0.000000 1.000000 0.000000
vn 0.000000 1.000000 0.000000
vn 0.000000 1.000000 0.000000
vn 0.000000 1.000000 0.000000
vn 0.000000 1.000000 0.000000
vn 0.000000 1.000000 0.000000
vn 0.000000 1.000000 0.000000
vn 0.000000 1.000000 0.000000
vn 0.000000 1.000000 0.000000
vn 0.000000 1.000000 0.000000
vn 0.000000 1.000000 0.000000
vn 0.000000 1.000000 0.000000
vn 0.000000 1.000000 0.000000
vn 0.000000 1.000000 0.000000
vn 0.000000 1.000000 0.000000
vn 0.000000 1.000000 0.000000
vn 0.000000 1.000000 0.000000
vn 0.000000 1.000000 0.000000
vn 0.000000 1.000000 0.000000
vn 0.000000 1.000000 0.000000
vn 0.000000 1.000000 0.000000
vn 0.000000 1.000000 0.000000
vn 0.000000 1.000000 0.000000
vn 0.000000 1.000000 0.000000
vn 0.000000 1.000000 0.000000
vn 0.000000 1.000000 0.000000
vn 0.000000 1.000000 0.000000
vn 0.000000 1.000000 0.000000
vn 0.000000 1.000000 0.000000
vn 0.000000 1.000000 0.000000
vn 0.000000 1.000000 0.000000
vn 0.000000 1.000000 0.000000
vn 0.000000 1.000000 0.000000
vn 0.000000 1.000000 0.000000
vn 0.000000 1.000000 0.000000
vn 0.000000 1.000000 0.000000
vn 0.000000 1.000000 0.000000
vn 0.000000 1.000000 0.000000
vn 0.000000 1.000000 0.000000
vn 0.000000 1.000000 0.000000
vn 0.000000 1.000000 0.000000
vn 0.000000 1.000000 0.000000
vn 0.000000 1.000000 0.000000
vn 0.000000 1.000000 0.000000
vn 0.000000 1.000000 0.000000
vn 0.000000 1.000000 0.000000
vn 0.000000 1.000000 0.000000
vn 0.000000 1.000000 0.000000
vn 0.000000 1.000000 0.000000
vn 0.000000 1.000000 0.000000
vn 0.000000 1.000000 0.000000
vn 0.000000 1.000000 0.000000
vn 0.000000 1.000000 0.000000
vn 0.000000 1.000000 0.000000
vn 0.000000 1.000000 0.000000
vn 0.000000 1.000000 0.000000
vn 0.000000 1.000000 0.000000
vn 0.000000 1.000000 0.000000
vn 0.000000 1.000000 0.000000
vn 0.000000 1.000000 0.000000
vn 0.000000 1.000000 0.000000
vn 0.000000 1.000000 0.000000
vn 0.000000 1.000000 0.000000
vn 0.000000 1.000000 0.000000
vn 0.000000 1.000000 0.000000
vn 0.000000 1.000000 0.000000
vn 0.000000 1.000000 0.000000
vn 0.000000 1.000000 0.000000
vn 0.000000 1.000000 0.000000
vn 0.000000 1.000000 0.000000
vn 0.000000 1.000000 0.000000
vn 0.000000 1.000000 0.000000
vn 0.000000 1.000000 0.000000
vn 0.000000 1.000000 0.000000
vn 0.000000 1.000000 0.000000
vn 0.000000 1.000000 0.000000
vn 0.000000 1.000000 0.000000
vn 0.000000 1.000000 0.000000
vn 0.000000 1.000000 0.000000
vn 0.000000 1.000000 0.000000
vn 0.000000 1.000000 0.000000
vn 0.000000 1.000000 0.000000
vn 0.000000 1.000000 0.000000
vn 0.000000 1.000000 0.000000
vn 0.000000 1.000000 0.000000
vn 0.000000 1.000000 0.000000
vn 0.000000 1.000000 0.000000
vn 0.000000 1.000000 0.000000
vn 0.000000 1.000000 0.000000
vn 0.000000 1.000000 0.000000
vn 0.000000 1.000000 0.000000
vn 0.000000 1.000000 0.000000
vn 0.000000 1.000000 0.000000
vn 0.000000 1.000000 0.000000
vn 0.000000 1.000000 0.000000
vn 0.000000 1.000000 0.000000
vn 0.000000 1.000000 0.000000
vn 0.000000 1.000000 0.000000
vn 0.000000 1.000000 0.000000
vn 0.000000 1.000000 0.000000
vn 0.000000 1.000000 0.000000
vn 0.000000 1.000000 0.000000
vn 0.000000 1.000000 0.000000
vn 0.000000 1.000000 0.000000
vn 0.000000 1.000000 0.000000
vn 0.000000 1.000000 0.000000
vn 0.000000 1.000000 0.000000
vn 0.000000 1.000000 0.000000
vn 0.000000 1.000000 0.000000
vn 0.000000 1.000000 0.000000
vn 0.000000 1.000000 0.000000
vn 0.000000 1.000000 0.000000
vn 0.000000 1.000000 0.000000
vn 0.000000 1.000000 0.000000
vn 0.000000 1.000000 0.000000
vn 0.000000 1.000000 0.000000
vn 0.000000 1.000000 0.000000
vn 0.000000 1.000000 0.000000
vn 0.000000 1.000000 0.000000
vn 0.000000 1.000000 0.000000
vn 0.000000 1.000000 0.000000
vn 0.000000 1.000000 0.000000
vn 0.000000 1.000000 0.000000
vn 0.000000 1.000000 0.000000
vn 0.000000 1.000000 0.000000
vn 0.000000 1.000000 0.000000
vn 0.000000 1.000000 0.000000
vn 0.000000 1.000000 0.000000
vn 0.000000 1.000000 0.000000
vn 0.000000 1.000000 0.000000
vn 0.000000 1.000000 0.000000
vn 0.000000 1.000000 0.000000
vn 0.000000 1.000000 0.000000
vn 0.000000 1.000000 0.000000
vn 0.000000 1.000000 0.000000
vn 0.000000 1.000000 0.000000
vn 0.000000 1.000000 0.000000
vn 0.000000 1.000000 0.000000
vn 0.000000 1.000000 0.000000
vn 0.000000 1.000000 0.000000
vn 0.000000 1.000000 0.000000
vn 0.000000 1.000000 0.000000
vn 0.000000 1.000000 0.000000
vn 0.000000 1.000000 0.000000
vn 0.000000 1.000000 0.000000
vn 0.000000 1.000000 0.000000
vn 0.000000 1.000000 0.000000
vn 0.000000 1.000000 0.000000
vn 0.000000 1.000000 0.000000
vn 0.000000 1.000000 0.000000
vn 0.000000 1.000000 0.000000
vn 0.000000 1.000000 0.000000
vn 0.000000 1.000000 0.000000
vn 0.000000 1.000000 0.000000
vn 0.000000 1.000000 0.000000
vn 0.000000 1.000000 0.000000
vn 0.000000 1.000000 0.000000
vn 0.000000 1.000000 0.000000
vn 0.000000 1.000000 0.000000
vn 0.000000 1.000000 0.000000
vn 0.000000 1.000000 0.000000
vn 0.000000 1.000000 0.000000
vn 0.000000 1.000000 0.000000
vn 0.000000 1.000000 0.000000
vn 0.000000 1.000000 0.000000
vn 0.000000 1.000000 0.000000
vn 0.000000 1.000000 0.000000
vn 0.000000 1.000000 0.000000
vn 0.000000 1.000000 0.000000
vn 0.000000 1.000000 0.000000
vn 0.000000 1.000000 0.000000
vn 0.000000 1.000000 0.000000
vn 0.000000 1.000000 0.000000
vn 0.000000 1.000000 0.000000
vn 0.000000 1.000000 0.000000
vn 0.000000 1.000000 0.000000
vn 0.000000 1.000000 0.000000
vn 0.000000 1.000000 0.000000
vn 0.000000 1.000000 0.000000
vn 0.000000 1.000000 0.000000
vn 0.000000 1.000000 0.000000
vn 0.000000 0.000000 -1.000000
vn 0.000000 0.000000 -1.000000
vn -1.000000 -0.000000 0.000000
vn -1.000000 0.000000 -0.000000
vn 0.000000 0.000000 -1.000000
vn 0.000000 0.000000 -1.000000
vn 1.000000 0.000000 0.000000
vn 1.000000 0.000000 -0.000000
vn 1.000000 0.000000 0.000000
vn 1.000000 0.000000 -0.000000
vn 0.999698 0.000000 0.024559
vn 0.999698 0.000000 0.024559
vn 0.997291 0.000000 0.073561
vn 0.997291 0.000000 0.073561
vn 0.992479 0.000000 0.122413
vn 0.992479 0.000000 0.122413
vn 0.985281 0.000000 0.170943
vn 0.985281 0.000000 0.170943
vn 0.975695 0.000000 0.219131
vn 0.975695 0.000000 0.219131
vn 0.963780 0.000000 0.266700
vn 0.963780 0.000000 0.266700
vn 0.949531 0.000000 0.313674
vn 0.949531 0.000000 0.313674
vn 0.932997 0.000000 0.359885
vn 0.914194 -0.000000 0.405277
vn 0.932997 0.000000 0.359885
vn 0.914194 0.000000 0.405277
vn 0.893227 0.000000 0.449606
vn 0.893227 0.000000 0.449606
vn 0.870083 0.000000 0.492905
vn 0.870083 0.000000 0.492905
vn 0.844859 0.000000 0.534988
vn 0.844859 0.000000 0.534988
vn 0.817591 0.000000 0.575799
vn 0.817591 0.000000 0.575799
vn 0.788349 0.000000 0.615228
vn 0.788349 0.000000 0.615228
vn 0.757204 0.000000 0.653179
vn 0.757204 0.000000 0.653179
vn 0.724245 0.000000 0.689543
vn 0.724245 0.000000 0.689543
vn 0.689543 0.000000 0.724245
vn 0.653179 -0.000000 0.757204
vn 0.689543 0.000000 0.724245
vn 0.653179 0.000000 0.757204
vn 0.615223 0.000000 0.788353
vn 0.615223 0.000000 0.788353
vn 0.575807 0.000000 0.817586
vn 0.575807 0.000000 0.817586
vn 0.534988 0.000000 0.844859
vn 0.534988 0.000000 0.844859
vn 0.492905 0.000000 0.870083
vn 0.449621 -0.000000 0.893219
vn 0.492905 0.000000 0.870083
vn 0.449621 0.000000 0.893219
vn 0.405230 0.000000 0.914215
vn 0.405230 0.000000 0.914215
vn 0.359919 -0.000000 0.932984
vn 0.359919 0.000000 0.932984
vn 0.313674 0.000000 0.949531
vn 0.266700 -0.000000 0.963780
vn 0.313674 0.000000 0.949531
vn 0.266700 0.000000 0.963780
vn 0.219094 0.000000 0.975704
vn 0.219094 0.000000 0.975704
vn 0.170987 0.000000 0.985273
vn 0.122408 -0.000000 0.992480
vn 0.170987 0.000000 0.985273
vn 0.073561 -0.000000 0.997291
vn 0.122408 0.000000 0.992480
vn 0.073561 0.000000 0.997291
vn 0.024521 0.000000 0.999699
vn 0.024521 0.000000 0.999699
vn 0.000000 0.000000 1.000000
vn 0.000000 0.000000 1.000000
vn -0.024521 0.000000 0.999699
vn -0.024521 0.000000 0.999699
vn -0.073562 0.000000 0.997291
vn -0.073562 0.000000 0.997291
vn -0.122409 0.000000 0.992480
vn -0.122409 0.000000 0.992480
vn -0.170984 0.000000 0.985274
vn -0.170984 0.000000 0.985274
vn -0.219093 0.000000 0.975704
vn -0.219093 0.000000 0.975704
vn -0.266698 0.000000 0.963780
vn -0.266698 0.000000 0.963780
vn -0.313679 0.000000 0.949529
vn -0.313679 0.000000 0.949529
vn -0.359919 0.000000 0.932984
vn -0.359919 0.000000 0.932984
vn -0.405233 0.000000 0.914213
vn -0.405233 0.000000 0.914213
vn -0.449612 0.000000 0.893224
vn -0.449612 0.000000 0.893224
vn -0.492901 0.000000 0.870086
vn -0.492901 0.000000 0.870086
vn -0.534990 0.000000 0.844858
vn -0.534990 0.000000 0.844858
vn -0.575821 0.000000 0.817576
vn -0.575821 0.000000 0.817576
vn -0.615209 0.000000 0.788364
vn -0.615209 0.000000 0.788364
vn -0.653188 0.000000 0.757196
vn -0.653188 0.000000 0.757196
vn -0.689535 0.000000 0.724252
vn -0.689535 0.000000 0.724252
vn -0.724243 0.000000 0.689545
vn -0.724243 0.000000 0.689545
vn -0.757216 0.000000 0.653165
vn -0.757216 0.000000 0.653165
vn -0.788351 0.000000 0.615225
vn -0.788351 0.000000 0.615225
vn -0.817582 0.000000 0.575812
vn -0.817582 0.000000 0.575812
vn -0.844855 0.000000 0.534995
vn -0.844855 0.000000 0.534995
vn -0.870083 0.000000 0.492905
vn -0.870083 0.000000 0.492905
vn -0.893227 0.000000 0.449606
vn -0.893227 0.000000 0.449606
vn -0.914207 0.000000 0.405248
vn -0.932992 0.000000 0.359898
vn -0.914207 0.000000 0.405248
vn -0.932992 0.000000 0.359898
vn -0.949531 0.000000 0.313674
vn -0.963775 0.000000 0.266718
vn -0.949531 0.000000 0.313674
vn -0.963775 0.000000 0.266718
vn -0.975703 0.000000 0.219099
vn -0.975703 0.000000 0.219099
vn -0.985278 0.000000 0.170962
vn -0.985278 0.000000 0.170962
vn -0.992479 0.000000 0.122413
vn -0.997290 0.000000 0.073566
vn -0.992479 0.000000 0.122413
vn -0.997290 0.000000 0.073566
vn -0.999699 0.000000 0.024540
vn -0.999699 0.000000 0.024540
vn -1.000000 0.000000 -0.000000
vn -1.000000 -0.000000 0.000000
vn -1.000000 -0.000000 0.000000
vn -1.000000 0.000000 -0.000000
vn 0.000000 0.000000 -1.000000
vn 0.000000 0.000000 -1.000000
vn 1.000000 0.000000 0.000000
vn 1.000000 0.000000 -0.000000
vn 0.000000 0.000000 -1.000000
vn 0.000000 0.000000 -1.000000
vn -0.999689 0.000000 -0.024941
vn -0.999689 -0.000000 -0.024941
vn -0.997204 -0.000000 -0.074721
vn -0.997204 0.000000 -0.074721
vn -0.992239 -0.000000 -0.124348
vn -0.992239 0.000000 -0.124348
vn -0.984809 -0.000000 -0.173643
vn -0.984809 0.000000 -0.173643
vn -0.974926 -0.000000 -0.222530
vn -0.974926 0.000000 -0.222530
vn -0.962627 -0.000000 -0.270832
vn -0.947925 -0.000000 -0.318493
vn -0.962627 0.000000 -0.270832
vn -0.947925 -0.000000 -0.318493
vn -0.930873 -0.000000 -0.365343
vn -0.930873 0.000000 -0.365343
vn -0.911512 -0.000000 -0.411274
vn -0.911512 0.000000 -0.411274
vn -0.889874 -0.000000 -0.456206
vn -0.889874 0.000000 -0.456206
vn -0.866018 0.000000 -0.500013
vn -0.866018 -0.000000 -0.500013
vn -0.840033 0.000000 -0.542536
vn -0.840033 -0.000000 -0.542536
vn -0.811940 0.000000 -0.583741
vn -0.811940 -0.000000 -0.583741
vn -0.781827 -0.000000 -0.623495
vn -0.781827 -0.000000 -0.623495
vn -0.749773 -0.000000 -0.661696
vn -0.749773 -0.000000 -0.661696
vn -0.715876 0.000000 -0.698228
vn -0.715876 -0.000000 -0.698228
vn -0.680173 -0.000000 -0.733051
vn -0.680173 -0.000000 -0.733051
vn -0.642787 -0.000000 -0.766045
vn -0.642787 0.000000 -0.766045
vn -0.603800 -0.000000 -0.797136
vn -0.603800 0.000000 -0.797136
vn -0.563320 -0.000000 -0.826239
vn -0.563320 0.000000 -0.826239
vn -0.521437 -0.000000 -0.853290
vn -0.521437 0.000000 -0.853290
vn -0.478256 -0.000000 -0.878221
vn -0.478256 0.000000 -0.878221
vn -0.433883 -0.000000 -0.900969
vn -0.433883 0.000000 -0.900969
vn -0.388439 -0.000000 -0.921474
vn -0.388439 0.000000 -0.921474
vn -0.342018 -0.000000 -0.939693
vn -0.342018 0.000000 -0.939693
vn -0.294752 -0.000000 -0.955574
vn -0.294752 0.000000 -0.955574
vn -0.246758 -0.000000 -0.969077
vn -0.246758 0.000000 -0.969077
vn -0.198145 -0.000000 -0.980173
vn -0.198145 0.000000 -0.980173
vn -0.149047 -0.000000 -0.988830
vn -0.149047 0.000000 -0.988830
vn -0.099566 -0.000000 -0.995031
vn -0.099566 0.000000 -0.995031
vn -0.049844 -0.000000 -0.998757
vn -0.049844 0.000000 -0.998757
vn 0.000000 0.000000 -1.000000
vn 0.000000 0.000000 -1.000000
vn 0.049844 0.000000 -0.998757
vn 0.099566 0.000000 -0.995031
vn 0.049844 0.000000 -0.998757
vn 0.099566 0.000000 -0.995031
vn 0.149047 0.000000 -0.988830
vn 0.149047 0.000000 -0.988830
vn 0.198145 0.000000 -0.980173
vn 0.198145 0.000000 -0.980173
vn 0.246758 0.000000 -0.969077
vn 0.246758 0.000000 -0.969077
vn 0.294752 0.000000 -0.955574
vn 0.294752 0.000000 -0.955574
vn 0.342018 0.000000 -0.939693
vn 0.342018 0.000000 -0.939693
vn 0.388439 0.000000 -0.921474
vn 0.388439 0.000000 -0.921474
vn 0.433883 0.000000 -0.900969
vn 0.433883 0.000000 -0.900969
vn 0.478256 0.000000 -0.878221
vn 0.478256 0.000000 -0.878221
vn 0.521437 0.000000 -0.853290
vn 0.521437 0.000000 -0.853290
vn 0.563320 0.000000 -0.826239
vn 0.563320 0.000000 -0.826239
vn 0.603800 0.000000 -0.797136
vn 0.603800 0.000000 -0.797136
vn 0.642787 0.000000 -0.766045
vn 0.642787 0.000000 -0.766045
vn 0.680173 0.000000 -0.733051
vn 0.680173 0.000000 -0.733051
vn 0.715869 0.000000 -0.698234
vn 0.715869 0.000000 -0.698234
vn 0.749779 0.000000 -0.661688
vn 0.749779 0.000000 -0.661688
vn 0.781833 0.000000 -0.623488
vn 0.781833 0.000000 -0.623488
vn 0.811940 0.000000 -0.583741
vn 0.811940 0.000000 -0.583741
vn 0.840021 0.000000 -0.542554
vn 0.866029 0.000000 -0.499994
vn 0.840021 0.000000 -0.542554
vn 0.866029 0.000000 -0.499994
vn 0.889874 0.000000 -0.456206
vn 0.889874 0.000000 -0.456206
vn 0.911502 0.000000 -0.411295
vn 0.911502 0.000000 -0.411295
vn 0.930873 0.000000 -0.365343
vn 0.930873 0.000000 -0.365343
vn 0.947929 0.000000 -0.318482
vn 0.947929 0.000000 -0.318482
vn 0.962623 0.000000 -0.270844
vn 0.962623 0.000000 -0.270844
vn 0.974928 0.000000 -0.222518
vn 0.974928 0.000000 -0.222518
vn 0.984809 0.000000 -0.173643
vn 0.984809 0.000000 -0.173643
vn 0.992239 0.000000 -0.124348
vn 0.992239 0.000000 -0.124348
vn 0.997204 0.000000 -0.074734
vn 0.997204 0.000000 -0.074734
vn 0.999689 0.000000 -0.024928
vn 0.999689 0.000000 -0.024928
vn 0.999689 0.000000 0.024928
vn 0.999689 0.000000 0.024928
vn 0.997204 0.000000 0.074734
vn 0.997204 0.000000 0.074734
vn 0.992239 0.000000 0.124348
vn 0.992239 0.000000 0.124348
vn 0.984809 0.000000 0.173643
vn 0.984809 0.000000 0.173643
vn 0.974928 0.000000 0.222518
vn 0.974928 0.000000 0.222518
vn 0.962623 0.000000 0.270844
vn 0.962623 0.000000 0.270844
vn 0.947929 0.000000 0.318482
vn 0.947929 0.000000 0.318482
vn 0.930873 0.000000 0.365343
vn 0.930873 0.000000 0.365343
vn 0.911502 0.000000 0.411295
vn 0.911502 0.000000 0.411295
vn 0.889874 0.000000 0.456206
vn 0.889874 0.000000 0.456206
vn 0.866029 0.000000 0.499994
vn 0.866029 0.000000 0.499994
vn 0.840021 0.000000 0.542554
vn 0.840021 0.000000 0.542554
vn 0.811940 0.000000 0.583741
vn 0.811940 0.000000 0.583741
vn 0.781833 0.000000 0.623488
vn 0.781833 0.000000 0.623488
vn 0.749780 0.000000 0.661687
vn 0.749780 0.000000 0.661687
vn 0.715869 0.000000 0.698234
vn 0.715869 0.000000 0.698234
vn 0.680171 0.000000 0.733054
vn 0.680171 0.000000 0.733054
vn 0.642789 0.000000 0.766043
vn 0.642789 0.000000 0.766043
vn 0.603799 0.000000 0.797137
vn 0.603799 0.000000 0.797137
vn 0.563320 0.000000 0.826239
vn 0.563320 0.000000 0.826239
vn 0.521438 0.000000 0.853289
vn 0.521438 0.000000 0.853289
vn 0.478253 0.000000 0.878222
vn 0.478253 0.000000 0.878222
vn 0.433887 0.000000 0.900967
vn 0.433887 0.000000 0.900967
vn 0.388434 0.000000 0.921477
vn 0.388434 0.000000 0.921477
vn 0.342018 0.000000 0.939693
vn 0.342018 0.000000 0.939693
vn 0.294755 0.000000 0.955573
vn 0.294755 0.000000 0.955573
vn 0.246758 0.000000 0.969077
vn 0.246758 0.000000 0.969077
vn 0.198146 0.000000 0.980172
vn 0.198146 0.000000 0.980172
vn 0.149044 0.000000 0.988831
vn 0.149044 0.000000 0.988831
vn 0.099567 0.000000 0.995031
vn 0.099567 0.000000 0.995031
vn 0.049846 0.000000 0.998757
vn 0.049846 0.000000 0.998757
vn 0.000000 0.000000 1.000000
vn 0.000000 0.000000 1.000000
vn -0.049846 0.000000 0.998757
vn -0.049846 0.000000 0.998757
vn -0.099567 0.000000 0.995031
vn -0.099567 0.000000 0.995031
vn -0.149044 0.000000 0.988831
vn -0.149044 0.000000 0.988831
vn -0.198146 0.000000 0.980172
vn -0.198146 0.000000 0.980172
vn -0.246758 0.000000 0.969077
vn -0.246758 0.000000 0.969077
vn -0.294755 0.000000 0.955573
vn -0.294755 0.000000 0.955573
vn -0.342018 0.000000 0.939693
vn -0.342018 0.000000 0.939693
vn -0.388434 0.000000 0.921477
vn -0.388434 0.000000 0.921477
vn -0.433887 0.000000 0.900967
vn -0.433887 0.000000 0.900967
vn -0.478253 0.000000 0.878222
vn -0.478253 0.000000 0.878222
vn -0.521438 0.000000 0.853289
vn -0.521438 0.000000 0.853289
vn -0.563320 0.000000 0.826239
vn -0.563320 0.000000 0.826239
vn -0.603799 0.000000 0.797137
vn -0.603799 0.000000 0.797137
vn -0.642789 0.000000 0.766043
vn -0.642789 0.000000 0.766043
vn -0.680171 0.000000 0.733054
vn -0.680171 0.000000 0.733054
vn -0.715876 0.000000 0.698228
vn -0.715876 0.000000 0.698228
vn -0.749774 0.000000 0.661694
vn -0.749774 0.000000 0.661694
vn -0.781827 0.000000 0.623495
vn -0.781827 0.000000 0.623495
vn -0.811940 0.000000 0.583741
vn -0.811940 0.000000 0.583741
vn -0.840033 0.000000 0.542536
vn -0.840033 0.000000 0.542536
vn -0.866018 0.000000 0.500013
vn -0.866018 0.000000 0.500013
vn -0.889874 0.000000 0.456206
vn -0.889874 0.000000 0.456206
vn -0.911512 0.000000 0.411274
vn -0.911512 0.000000 0.411274
vn -0.930873 0.000000 0.365343
vn -0.930873 0.000000 0.365343
vn -0.947925 0.000000 0.318493
vn -0.947925 0.000000 0.318493
vn -0.962627 0.000000 0.270832
vn -0.962627 0.000000 0.270832
vn -0.974926 0.000000 0.222530
vn -0.974926 0.000000 0.222530
vn -0.984809 0.000000 0.173643
vn -0.984809 0.000000 0.173643
vn -0.992239 0.000000 0.124348
vn -0.992239 0.000000 0.124348
vn -0.997204 0.000000 0.074721
vn -0.997204 0.000000 0.074721
vn -0.999689 0.000000 0.024941
vn -0.999689 0.000000 0.024941
vn 1.000000 0.000000 0.000000
vn 1.000000 0.000000 -0.000000
vn 0.000000 0.000000 -1.000000
vn 0.000000 0.000000 -1.000000
vn -1.000000 0.000000 0.000000
vn -1.000000 -0.000000 -0.000000
vn 1.000000 0.000000 0.000000
vn 1.000000 0.000000 -0.000000
vn 0.000000 0.000000 -1.000000
vn 0.000000 0.000000 -1.000000
vn -1.000000 0.000000 0.000000
vn -1.000000 -0.000000 -0.000000
vn 0.000000 0.000000 -1.000000
vn 0.000000 0.000000 -1.000000
vn -1.000000 0.000000 0.000000
vn -1.000000 -0.000000 -0.000000
vn -0.999689 0.000000 -0.024936
vn -0.999689 -0.000000 -0.024936
vn -0.997203 -0.000000 -0.074746
vn -0.997203 0.000000 -0.074746
vn -0.992239 -0.000000 -0.124342
vn -0.992239 0.000000 -0.124342
vn -0.984810 -0.000000 -0.173637
vn -0.984810 0.000000 -0.173637
vn -0.974934 -0.000000 -0.222495
vn -0.974934 0.000000 -0.222495
vn -0.962611 -0.000000 -0.270887
vn -0.947944 -0.000000 -0.318437
vn -0.962611 0.000000 -0.270887
vn -0.947944 -0.000000 -0.318437
vn -0.930869 -0.000000 -0.365354
vn -0.930869 0.000000 -0.365354
vn -0.911493 -0.000000 -0.411316
vn -0.911493 0.000000 -0.411316
vn -0.889871 -0.000000 -0.456213
vn -0.889871 0.000000 -0.456213
vn -0.866027 0.000000 -0.499997
vn -0.866027 -0.000000 -0.499997
vn -0.840044 0.000000 -0.542518
vn -0.840044 -0.000000 -0.542518
vn -0.811922 0.000000 -0.583766
vn -0.811922 -0.000000 -0.583766
vn -0.781830 -0.000000 -0.623492
vn -0.781830 -0.000000 -0.623492
vn -0.749797 -0.000000 -0.661669
vn -0.749797 -0.000000 -0.661669
vn -0.715864 0.000000 -0.698240
vn -0.715864 -0.000000 -0.698240
vn -0.680175 -0.000000 -0.733050
vn -0.680175 -0.000000 -0.733050
vn -0.642789 -0.000000 -0.766043
vn -0.642789 0.000000 -0.766043
vn -0.603783 -0.000000 -0.797148
vn -0.603783 0.000000 -0.797148
vn -0.563328 -0.000000 -0.826233
vn -0.563328 0.000000 -0.826233
vn -0.521471 -0.000000 -0.853269
vn -0.521471 0.000000 -0.853269
vn -0.478245 -0.000000 -0.878227
vn -0.478245 0.000000 -0.878227
vn -0.433880 -0.000000 -0.900971
vn -0.433880 0.000000 -0.900971
vn -0.388427 -0.000000 -0.921480
vn -0.388427 0.000000 -0.921480
vn -0.342002 -0.000000 -0.939699
vn -0.342002 0.000000 -0.939699
vn -0.294759 -0.000000 -0.955572
vn -0.294759 0.000000 -0.955572
vn -0.246800 -0.000000 -0.969066
vn -0.246800 0.000000 -0.969066
vn -0.198121 -0.000000 -0.980178
vn -0.198121 0.000000 -0.980178
vn -0.149042 -0.000000 -0.988831
vn -0.149042 0.000000 -0.988831
vn -0.099571 -0.000000 -0.995030
vn -0.099571 0.000000 -0.995030
vn -0.049813 -0.000000 -0.998759
vn -0.049813 0.000000 -0.998759
vn 0.000000 0.000000 -1.000000
vn 0.000000 0.000000 -1.000000
vn 0.049813 0.000000 -0.998759
vn 0.099571 0.000000 -0.995030
vn 0.049813 0.000000 -0.998759
vn 0.099571 0.000000 -0.995030
vn 0.149042 0.000000 -0.988831
vn 0.149042 0.000000 -0.988831
vn 0.198132 0.000000 -0.980175
vn 0.198132 0.000000 -0.980175
vn 0.246800 0.000000 -0.969066
vn 0.246800 0.000000 -0.969066
vn 0.294743 0.000000 -0.955577
vn 0.294743 0.000000 -0.955577
vn 0.342002 0.000000 -0.939699
vn 0.342002 0.000000 -0.939699
vn 0.388427 0.000000 -0.921480
vn 0.388427 0.000000 -0.921480
vn 0.433880 0.000000 -0.900971
vn 0.433880 0.000000 -0.900971
vn 0.478245 0.000000 -0.878227
vn 0.478245 0.000000 -0.878227
vn 0.521496 0.000000 -0.853254
vn 0.521496 0.000000 -0.853254
vn 0.563302 0.000000 -0.826251
vn 0.563302 0.000000 -0.826251
vn 0.603783 0.000000 -0.797148
vn 0.603783 0.000000 -0.797148
vn 0.642817 0.000000 -0.766020
vn 0.642817 0.000000 -0.766020
vn 0.680175 0.000000 -0.733050
vn 0.680175 0.000000 -0.733050
vn 0.715864 0.000000 -0.698240
vn 0.715864 0.000000 -0.698240
vn 0.749768 0.000000 -0.661700
vn 0.749768 0.000000 -0.661700
vn 0.781830 0.000000 -0.623492
vn 0.781830 0.000000 -0.623492
vn 0.811922 0.000000 -0.583766
vn 0.811922 0.000000 -0.583766
vn 0.840044 0.000000 -0.542518
vn 0.866027 0.000000 -0.499997
vn 0.840044 0.000000 -0.542518
vn 0.866027 0.000000 -0.499997
vn 0.889871 0.000000 -0.456213
vn 0.889871 0.000000 -0.456213
vn 0.911493 0.000000 -0.411316
vn 0.911493 0.000000 -0.411316
vn 0.930888 0.000000 -0.365305
vn 0.930888 0.000000 -0.365305
vn 0.947927 0.000000 -0.318488
vn 0.947927 0.000000 -0.318488
vn 0.962626 0.000000 -0.270834
vn 0.962626 0.000000 -0.270834
vn 0.974921 0.000000 -0.222549
vn 0.974921 0.000000 -0.222549
vn 0.984810 0.000000 -0.173637
vn 0.984810 0.000000 -0.173637
vn 0.992239 0.000000 -0.124342
vn 0.992239 0.000000 -0.124342
vn 0.997203 0.000000 -0.074746
vn 0.997203 0.000000 -0.074746
vn 0.999689 0.000000 -0.024936
vn 0.999689 0.000000 -0.024936
vn 0.999689 0.000000 0.024936
vn 0.999689 0.000000 0.024936
vn 0.997203 0.000000 0.074746
vn 0.997203 0.000000 0.074746
vn 0.992239 0.000000 0.124342
vn 0.992239 0.000000 0.124342
vn 0.984810 0.000000 0.173637
vn 0.984810 0.000000 0.173637
vn 0.974921 0.000000 0.222549
vn 0.974921 0.000000 0.222549
vn 0.962626 0.000000 0.270834
vn 0.962626 0.000000 0.270834
vn 0.947927 0.000000 0.318488
vn 0.947927 0.000000 0.318488
vn 0.930888 0.000000 0.365305
vn 0.930888 0.000000 0.365305
vn 0.911493 0.000000 0.411316
vn 0.911493 0.000000 0.411316
vn 0.889871 0.000000 0.456213
vn 0.889871 0.000000 0.456213
vn 0.866027 0.000000 0.499997
vn 0.866027 0.000000 0.499997
vn 0.840044 0.000000 0.542518
vn 0.840044 0.000000 0.542518
vn 0.811922 0.000000 0.583766
vn 0.811922 0.000000 0.583766
vn 0.781830 0.000000 0.623492
vn 0.781830 0.000000 0.623492
vn 0.749768 0.000000 0.661700
vn 0.749768 0.000000 0.661700
vn 0.715864 0.000000 0.698240
vn 0.715864 0.000000 0.698240
vn 0.680175 0.000000 0.733050
vn 0.680175 0.000000 0.733050
vn 0.642817 0.000000 0.766020
vn 0.642817 0.000000 0.766020
vn 0.603783 0.000000 0.797148
vn 0.603783 0.000000 0.797148
vn 0.563302 0.000000 0.826251
vn 0.563302 0.000000 0.826251
vn 0.521496 0.000000 0.853254
vn 0.521496 0.000000 0.853254
vn 0.478245 0.000000 0.878227
vn 0.478245 0.000000 0.878227
vn 0.433880 0.000000 0.900971
vn 0.433880 0.000000 0.900971
vn 0.388427 0.000000 0.921480
vn 0.388427 0.000000 0.921480
vn 0.342002 0.000000 0.939699
vn 0.342002 0.000000 0.939699
vn 0.294743 0.000000 0.955577
vn 0.294743 0.000000 0.955577
vn 0.246800 0.000000 0.969066
vn 0.246800 0.000000 0.969066
vn 0.198132 0.000000 0.980175
vn 0.198132 0.000000 0.980175
vn 0.149042 0.000000 0.988831
vn 0.149042 0.000000 0.988831
vn 0.099571 0.000000 0.995030
vn 0.099571 0.000000 0.995030
vn 0.049813 0.000000 0.998759
vn 0.049813 0.000000 0.998759
vn 0.000000 0.000000 1.000000
vn 0.000000 0.000000 1.000000
vn -0.049813 0.000000 0.998759
vn -0.049813 0.000000 0.998759
vn -0.099571 0.000000 0.995030
vn -0.099571 0.000000 0.995030
vn -0.149042 0.000000 0.988831
vn -0.149042 0.000000 0.988831
vn -0.198121 0.000000 0.980178
vn -0.198121 0.000000 0.980178
vn -0.246800 0.000000 0.969066
vn -0.246800 0.000000 0.969066
vn -0.294759 0.000000 0.955572
vn -0.294759 0.000000 0.955572
vn -0.342002 0.000000 0.939699
vn -0.342002 0.000000 0.939699
vn -0.388427 0.000000 0.921480
vn -0.388427 0.000000 0.921480
vn -0.433880 0.000000 0.900971
vn -0.433880 0.000000 0.900971
vn -0.478245 0.000000 0.878227
vn -0.478245 0.000000 0.878227
vn -0.521471 0.000000 0.853269
vn -0.521471 0.000000 0.853269
vn -0.563328 0.000000 0.826233
vn -0.563328 0.000000 0.826233
vn -0.603783 0.000000 0.797148
vn -0.603783 0.000000 0.797148
vn -0.642789 0.000000 0.766043
vn -0.642789 0.000000 0.766043
vn -0.680175 0.000000 0.733050
vn -0.680175 0.000000 0.733050
vn -0.715864 0.000000 0.698240
vn -0.715864 0.000000 0.698240
vn -0.749797 0.000000 0.661669
vn -0.749797 0.000000 0.661669
vn -0.781830 0.000000 0.623492
vn -0.781830 0.000000 0.623492
vn -0.811922 0.000000 0.583766
vn -0.811922 0.000000 0.583766
vn -0.840044 0.000000 0.542518
vn -0.840044 0.000000 0.542518
vn -0.866027 0.000000 0.499997
vn -0.866027 0.000000 0.499997
vn -0.889871 0.000000 0.456213
vn -0.889871 0.000000 0.456213
vn -0.911493 0.000000 0.411316
vn -0.911493 0.000000 0.411316
vn -0.930869 0.000000 0.365354
vn -0.930869 0.000000 0.365354
vn -0.947944 0.000000 0.318437
vn -0.947944 0.000000 0.318437
vn -0.962611 0.000000 0.270887
vn -0.962611 0.000000 0.270887
vn -0.974934 0.000000 0.222495
vn -0.974934 0.000000 0.222495
vn -0.984810 0.000000 0.173637
vn -0.984810 0.000000 0.173637
vn -0.992239 0.000000 0.124342
vn -0.992239 0.000000 0.124342
vn -0.997203 0.000000 0.074746
vn -0.997203 0.000000 0.074746
vn -0.999689 0.000000 0.024936
vn -0.999689 0.000000 0.024936
vn -0.999689 0.000000 -0.024936
vn -0.999689 -0.000000 -0.024936
vn -0.997203 -0.000000 -0.074746
vn -0.997203 0.000000 -0.074746
vn -0.992239 -0.000000 -0.124342
vn -0.992239 0.000000 -0.124342
vn -0.984810 -0.000000 -0.173637
vn -0.984810 0.000000 -0.173637
vn -0.974928 -0.000000 -0.222522
vn -0.974928 0.000000 -0.222522
vn -0.962626 -0.000000 -0.270834
vn -0.947927 -0.000000 -0.318488
vn -0.962626 0.000000 -0.270834
vn -0.947927 -0.000000 -0.318488
vn -0.930869 -0.000000 -0.365354
vn -0.930869 0.000000 -0.365354
vn -0.911503 -0.000000 -0.411293
vn -0.911503 0.000000 -0.411293
vn -0.889871 -0.000000 -0.456213
vn -0.889871 0.000000 -0.456213
vn -0.866039 0.000000 -0.499976
vn -0.866039 -0.000000 -0.499976
vn -0.840018 0.000000 -0.542558
vn -0.840018 -0.000000 -0.542558
vn -0.811936 0.000000 -0.583747
vn -0.811936 -0.000000 -0.583747
vn -0.781830 -0.000000 -0.623492
vn -0.781830 -0.000000 -0.623492
vn -0.749782 -0.000000 -0.661684
vn -0.749782 -0.000000 -0.661684
vn -0.715864 0.000000 -0.698240
vn -0.715864 -0.000000 -0.698240
vn -0.680175 -0.000000 -0.733050
vn -0.680175 -0.000000 -0.733050
vn -0.642803 -0.000000 -0.766031
vn -0.642803 0.000000 -0.766031
vn -0.603783 -0.000000 -0.797148
vn -0.603783 0.000000 -0.797148
vn -0.563315 -0.000000 -0.826242
vn -0.563315 0.000000 -0.826242
vn -0.521471 -0.000000 -0.853269
vn -0.521471 0.000000 -0.853269
vn -0.478256 -0.000000 -0.878220
vn -0.478256 0.000000 -0.878220
vn -0.433869 -0.000000 -0.900976
vn -0.433869 0.000000 -0.900976
vn -0.388427 -0.000000 -0.921480
vn -0.388427 0.000000 -0.921480
vn -0.342012 -0.000000 -0.939696
vn -0.342012 0.000000 -0.939696
vn -0.294751 -0.000000 -0.955574
vn -0.294751 0.000000 -0.955574
vn -0.246800 -0.000000 -0.969066
vn -0.246800 0.000000 -0.969066
vn -0.198121 -0.000000 -0.980178
vn -0.198121 0.000000 -0.980178
vn -0.149046 -0.000000 -0.988830
vn -0.149046 0.000000 -0.988830
vn -0.099571 -0.000000 -0.995030
vn -0.099571 0.000000 -0.995030
vn -0.049813 -0.000000 -0.998759
vn -0.049813 0.000000 -0.998759
vn 0.000000 0.000000 -1.000000
vn 0.000000 0.000000 -1.000000
vn 0.049815 0.000000 -0.998759
vn 0.099571 0.000000 -0.995030
vn 0.049815 0.000000 -0.998759
vn 0.099571 0.000000 -0.995030
vn 0.149046 0.000000 -0.988830
vn 0.149046 0.000000 -0.988830
vn 0.198121 0.000000 -0.980178
vn 0.198121 0.000000 -0.980178
vn 0.246800 0.000000 -0.969066
vn 0.246800 0.000000 -0.969066
vn 0.294751 0.000000 -0.955574
vn 0.294751 0.000000 -0.955574
vn 0.342012 0.000000 -0.939696
vn 0.342012 0.000000 -0.939696
vn 0.388417 0.000000 -0.921484
vn 0.388417 0.000000 -0.921484
vn 0.433880 0.000000 -0.900971
vn 0.433880 0.000000 -0.900971
vn 0.478245 0.000000 -0.878227
vn 0.478245 0.000000 -0.878227
vn 0.521483 0.000000 -0.853262
vn 0.521483 0.000000 -0.853262
vn 0.563315 0.000000 -0.826242
vn 0.563315 0.000000 -0.826242
vn 0.603783 0.000000 -0.797148
vn 0.603783 0.000000 -0.797148
vn 0.642803 0.000000 -0.766031
vn 0.642803 0.000000 -0.766031
vn 0.680175 0.000000 -0.733050
vn 0.680175 0.000000 -0.733050
vn 0.715864 0.000000 -0.698240
vn 0.715864 0.000000 -0.698240
vn 0.749768 0.000000 -0.661700
vn 0.749768 0.000000 -0.661700
vn 0.781830 0.000000 -0.623492
vn 0.781830 0.000000 -0.623492
vn 0.811936 0.000000 -0.583747
vn 0.811936 0.000000 -0.583747
vn 0.840031 0.000000 -0.542538
vn 0.866027 0.000000 -0.499997
vn 0.840031 0.000000 -0.542538
vn 0.866027 0.000000 -0.499997
vn 0.889871 0.000000 -0.456213
vn 0.889871 0.000000 -0.456213
vn 0.911503 0.000000 -0.411293
vn 0.911503 0.000000 -0.411293
vn 0.930878 0.000000 -0.365330
vn 0.930878 0.000000 -0.365330
vn 0.947927 0.000000 -0.318488
vn 0.947927 0.000000 -0.318488
vn 0.962626 0.000000 -0.270834
vn 0.962626 0.000000 -0.270834
vn 0.974928 0.000000 -0.222522
vn 0.974928 0.000000 -0.222522
vn 0.984805 0.000000 -0.173664
vn 0.984805 0.000000 -0.173664
vn 0.992239 0.000000 -0.124342
vn 0.992239 0.000000 -0.124342
vn 0.997205 0.000000 -0.074718
vn 0.997205 0.000000 -0.074718
vn 0.999689 0.000000 -0.024936
vn 0.999689 0.000000 -0.024936
vn 0.999689 0.000000 0.024936
vn 0.999689 0.000000 0.024936
vn 0.997205 0.000000 0.074718
vn 0.997205 0.000000 0.074718
vn 0.992239 0.000000 0.124342
vn 0.992239 0.000000 0.124342
vn 0.984805 0.000000 0.173664
vn 0.984805 0.000000 0.173664
vn 0.974928 0.000000 0.222522
vn 0.974928 0.000000 0.222522
vn 0.962626 0.000000 0.270834
vn 0.962626 0.000000 0.270834
vn 0.947927 0.000000 0.318488
vn 0.947927 0.000000 0.318488
vn 0.930878 0.000000 0.365330
vn 0.930878 0.000000 0.365330
vn 0.911503 0.000000 0.411293
vn 0.911503 0.000000 0.411293
vn 0.889871 0.000000 0.456213
vn 0.889871 0.000000 0.456213
vn 0.866027 0.000000 0.499997
vn 0.866027 0.000000 0.499997
vn 0.840031 0.000000 0.542538
vn 0.840031 0.000000 0.542538
vn 0.811936 0.000000 0.583747
vn 0.811936 0.000000 0.583747
vn 0.781830 0.000000 0.623492
vn 0.781830 0.000000 0.623492
vn 0.749768 0.000000 0.661700
vn 0.749768 0.000000 0.661700
vn 0.715864 0.000000 0.698240
vn 0.715864 0.000000 0.698240
vn 0.680175 0.000000 0.733050
vn 0.680175 0.000000 0.733050
vn 0.642803 0.000000 0.766031
vn 0.642803 0.000000 0.766031
vn 0.603783 0.000000 0.797148
vn 0.603783 0.000000 0.797148
vn 0.563315 0.000000 0.826242
vn 0.563315 0.000000 0.826242
vn 0.521483 0.000000 0.853262
vn 0.521483 0.000000 0.853262
vn 0.478245 0.000000 0.878227
vn 0.478245 0.000000 0.878227
vn 0.433880 0.000000 0.900971
vn 0.433880 0.000000 0.900971
vn 0.388417 0.000000 0.921484
vn 0.388417 0.000000 0.921484
vn 0.342012 0.000000 0.939696
vn 0.342012 0.000000 0.939696
vn 0.294751 0.000000 0.955574
vn 0.294751 0.000000 0.955574
vn 0.246800 0.000000 0.969066
vn 0.246800 0.000000 0.969066
vn 0.198121 0.000000 0.980178
vn 0.198121 0.000000 0.980178
vn 0.149046 0.000000 0.988830
vn 0.149046 0.000000 0.988830
vn 0.099571 0.000000 0.995030
vn 0.099571 0.000000 0.995030
vn 0.049815 0.000000 0.998759
vn 0.049815 0.000000 0.998759
vn 0.000000 0.000000 1.000000
vn 0.000000 0.000000 1.000000
vn -0.049813 0.000000 0.998759
vn -0.049813 0.000000 0.998759
vn -0.099571 0.000000 0.995030
vn -0.099571 0.000000 0.995030
vn -0.149046 0.000000 0.988830
vn -0.149046 0.000000 0.988830
vn -0.198121 0.000000 0.980178
vn -0.198121 0.000000 0.980178
vn -0.246800 0.000000 0.969066
vn -0.246800 0.000000 0.969066
vn -0.294751 0.000000 0.955574
vn -0.294751 0.000000 0.955574
vn -0.342012 0.000000 0.939696
vn -0.342012 0.000000 0.939696
vn -0.388427 0.000000 0.921480
vn -0.388427 0.000000 0.921480
vn -0.433869 0.000000 0.900976
vn -0.433869 0.000000 0.900976
vn -0.478256 0.000000 0.878220
vn -0.478256 0.000000 0.878220
vn -0.521471 0.000000 0.853269
vn -0.521471 0.000000 0.853269
vn -0.563315 0.000000 0.826242
vn -0.563315 0.000000 0.826242
vn -0.603783 0.000000 0.797148
vn -0.603783 0.000000 0.797148
vn -0.642803 0.000000 0.766031
vn -0.642803 0.000000 0.766031
vn -0.680175 0.000000 0.733050
vn -0.680175 0.000000 0.733050
vn -0.715864 0.000000 0.698240
vn -0.715864 0.000000 0.698240
vn -0.749782 0.000000 0.661684
vn -0.749782 0.000000 0.661684
vn -0.781830 0.000000 0.623492
vn -0.781830 0.000000 0.623492
vn -0.811936 0.000000 0.583747
vn -0.811936 0.000000 0.583747
vn -0.840018 0.000000 0.542558
vn -0.840018 0.000000 0.542558
vn -0.866039 0.000000 0.499976
vn -0.866039 0.000000 0.499976
vn -0.889871 0.000000 0.456213
vn -0.889871 0.000000 0.456213
vn -0.911503 0.000000 0.411293
vn -0.911503 0.000000 0.411293
vn -0.930869 0.000000 0.365354
vn -0.930869 0.000000 0.365354
vn -0.947927 0.000000 0.318488
vn -0.947927 0.000000 0.318488
vn -0.962626 0.000000 0.270834
vn -0.962626 0.000000 0.270834
vn -0.974928 0.000000 0.222522
vn -0.974928 0.000000 0.222522
vn -0.984810 0.000000 0.173637
vn -0.984810 0.000000 0.173637
vn -0.992239 0.000000 0.124342
vn -0.992239 0.000000 0.124342
vn -0.997203 0.000000 0.074746
vn -0.997203 0.000000 0.074746
vn -0.999689 0.000000 0.024936
vn -0.999689 0.000000 0.024936
vn -0.999689 0.000000 -0.024936
vn -0.999689 -0.000000 -0.024936
vn -0.997202 -0.000000 -0.074748
vn -0.997202 0.000000 -0.074748
vn -0.992240 -0.000000 -0.124338
vn -0.992240 0.000000 -0.124338
vn -0.984810 -0.000000 -0.173637
vn -0.984810 0.000000 -0.173637
vn -0.974934 -0.000000 -0.222495
vn -0.974934 0.000000 -0.222495
vn -0.962611 -0.000000 -0.270887
vn -0.947944 -0.000000 -0.318437
vn -0.962611 0.000000 -0.270887
vn -0.947944 -0.000000 -0.318437
vn -0.930869 -0.000000 -0.365354
vn -0.930869 0.000000 -0.365354
vn -0.911493 -0.000000 -0.411316
vn -0.911493 0.000000 -0.411316
vn -0.889876 -0.000000 -0.456202
vn -0.889876 0.000000 -0.456202
vn -0.866020 0.000000 -0.500009
vn -0.866020 -0.000000 -0.500009
vn -0.840044 0.000000 -0.542518
vn -0.840044 -0.000000 -0.542518
vn -0.811922 0.000000 -0.583766
vn -0.811922 -0.000000 -0.583766
vn -0.781830 -0.000000 -0.623492
vn -0.781830 -0.000000 -0.623492
vn -0.749809 -0.000000 -0.661654
vn -0.749809 -0.000000 -0.661654
vn -0.715864 0.000000 -0.698240
vn -0.715864 -0.000000 -0.698240
vn -0.680175 -0.000000 -0.733050
vn -0.680175 -0.000000 -0.733050
vn -0.642773 -0.000000 -0.766057
vn -0.642773 0.000000 -0.766057
vn -0.603802 -0.000000 -0.797135
vn -0.603802 0.000000 -0.797135
vn -0.563328 -0.000000 -0.826233
vn -0.563328 0.000000 -0.826233
vn -0.521429 -0.000000 -0.853294
vn -0.521429 0.000000 -0.853294
vn -0.478245 -0.000000 -0.878227
vn -0.478245 0.000000 -0.878227
vn -0.433903 -0.000000 -0.900959
vn -0.433903 0.000000 -0.900959
vn -0.388427 -0.000000 -0.921480
vn -0.388427 0.000000 -0.921480
vn -0.342002 -0.000000 -0.939699
vn -0.342002 0.000000 -0.939699
vn -0.294785 -0.000000 -0.955564
vn -0.294785 0.000000 -0.955564
vn -0.246747 -0.000000 -0.969080
vn -0.246747 0.000000 -0.969080
vn -0.198148 -0.000000 -0.980172
vn -0.198148 0.000000 -0.980172
vn -0.149042 -0.000000 -0.988831
vn -0.149042 0.000000 -0.988831
vn -0.099571 -0.000000 -0.995030
vn -0.099571 0.000000 -0.995030
vn -0.049842 -0.000000 -0.998757
vn -0.049842 0.000000 -0.998757
vn 0.000000 0.000000 -1.000000
vn 0.000000 0.000000 -1.000000
vn 0.049842 0.000000 -0.998757
vn 0.099571 0.000000 -0.995030
vn 0.049842 0.000000 -0.998757
vn 0.099571 0.000000 -0.995030
vn 0.149042 0.000000 -0.988831
vn 0.149042 0.000000 -0.988831
vn 0.198159 0.000000 -0.980170
vn 0.198159 0.000000 -0.980170
vn 0.246747 0.000000 -0.969080
vn 0.246747 0.000000 -0.969080
vn 0.294769 0.000000 -0.955569
vn 0.294769 0.000000 -0.955569
vn 0.342002 0.000000 -0.939699
vn 0.342002 0.000000 -0.939699
vn 0.388427 0.000000 -0.921480
vn 0.388427 0.000000 -0.921480
vn 0.433903 0.000000 -0.900959
vn 0.433903 0.000000 -0.900959
vn 0.478245 0.000000 -0.878227
vn 0.478245 0.000000 -0.878227
vn 0.521455 0.000000 -0.853279
vn 0.521455 0.000000 -0.853279
vn 0.563302 0.000000 -0.826251
vn 0.563302 0.000000 -0.826251
vn 0.603802 0.000000 -0.797135
vn 0.603802 0.000000 -0.797135
vn 0.642801 0.000000 -0.766034
vn 0.642801 0.000000 -0.766034
vn 0.680175 0.000000 -0.733050
vn 0.680175 0.000000 -0.733050
vn 0.715864 0.000000 -0.698240
vn 0.715864 0.000000 -0.698240
vn 0.749781 0.000000 -0.661686
vn 0.749781 0.000000 -0.661686
vn 0.781830 0.000000 -0.623492
vn 0.781830 0.000000 -0.623492
vn 0.811922 0.000000 -0.583766
vn 0.811922 0.000000 -0.583766
vn 0.840044 0.000000 -0.542518
vn 0.866020 0.000000 -0.500009
vn 0.840044 0.000000 -0.542518
vn 0.866020 0.000000 -0.500009
vn 0.889876 0.000000 -0.456202
vn 0.889876 0.000000 -0.456202
vn 0.911493 0.000000 -0.411316
vn 0.911493 0.000000 -0.411316
vn 0.930888 0.000000 -0.365305
vn 0.930888 0.000000 -0.365305
vn 0.947927 0.000000 -0.318488
vn 0.947927 0.000000 -0.318488
vn 0.962626 0.000000 -0.270834
vn 0.962626 0.000000 -0.270834
vn 0.974921 0.000000 -0.222549
vn 0.974921 0.000000 -0.222549
vn 0.984810 0.000000 -0.173637
vn 0.984810 0.000000 -0.173637
vn 0.992240 0.000000 -0.124338
vn 0.992240 0.000000 -0.124338
vn 0.997202 0.000000 -0.074748
vn 0.997202 0.000000 -0.074748
vn 0.999689 0.000000 -0.024936
vn 0.999689 0.000000 -0.024936
vn 0.999689 0.000000 0.024936
vn 0.999689 0.000000 0.024936
vn 0.997202 0.000000 0.074748
vn 0.997202 0.000000 0.074748
vn 0.992240 0.000000 0.124338
vn 0.992240 0.000000 0.124338
vn 0.984810 0.000000 0.173637
vn 0.984810 0.000000 0.173637
vn 0.974921 0.000000 0.222549
vn 0.974921 0.000000 0.222549
vn 0.962626 0.000000 0.270834
vn 0.962626 0.000000 0.270834
vn 0.947927 0.000000 0.318488
vn 0.947927 0.000000 0.318488
vn 0.930888 0.000000 0.365305
vn 0.930888 0.000000 0.365305
vn 0.911493 0.000000 0.411316
vn 0.911493 0.000000 0.411316
vn 0.889876 0.000000 0.456202
vn 0.889876 0.000000 0.456202
vn 0.866020 0.000000 0.500009
vn 0.866020 0.000000 0.500009
vn 0.840044 0.000000 0.542518
vn 0.840044 0.000000 0.542518
vn 0.811922 0.000000 0.583766
vn 0.811922 0.000000 0.583766
vn 0.781830 0.000000 0.623492
vn 0.781830 0.000000 0.623492
vn 0.749781 0.000000 0.661686
vn 0.749781 0.000000 0.661686
vn 0.715864 0.000000 0.698240
vn 0.715864 0.000000 0.698240
vn 0.680175 0.000000 0.733050
vn 0.680175 0.000000 0.733050
vn 0.642801 0.000000 0.766034
vn 0.642801 0.000000 0.766034
vn 0.603802 0.000000 0.797135
vn 0.603802 0.000000 0.797135
vn 0.563302 0.000000 0.826251
vn 0.563302 0.000000 0.826251
vn 0.521455 0.000000 0.853279
vn 0.521455 0.000000 0.853279
vn 0.478245 0.000000 0.878227
vn 0.478245 0.000000 0.878227
vn 0.433903 0.000000 0.900959
vn 0.433903 0.000000 0.900959
vn 0.388427 0.000000 0.921480
vn 0.388427 0.000000 0.921480
vn 0.342002 0.000000 0.939699
vn 0.342002 0.000000 0.939699
vn 0.294769 0.000000 0.955569
vn 0.294769 0.000000 0.955569
vn 0.246747 0.000000 0.969080
vn 0.246747 0.000000 0.969080
vn 0.198159 0.000000 0.980170
vn 0.198159 0.000000 0.980170
vn 0.149042 0.000000 0.988831
vn 0.149042 0.000000 0.988831
vn 0.099571 0.000000 0.995030
vn 0.099571 0.000000 0.995030
vn 0.049842 0.000000 0.998757
vn 0.049842 0.000000 0.998757
vn 0.000000 0.000000 1.000000
vn 0.000000 0.000000 1.000000
vn -0.049842 0.000000 0.998757
vn -0.049842 0.000000 0.998757
vn -0.099571 0.000000 0.995030
vn -0.099571 0.000000 0.995030
vn -0.149042 0.000000 0.988831
vn -0.149042 0.000000 0.988831
vn -0.198148 0.000000 0.980172
vn -0.198148 0.000000 0.980172
vn -0.246747 0.000000 0.969080
vn -0.246747 0.000000 0.969080
vn -0.294785 0.000000 0.955564
vn -0.294785 0.000000 0.955564
vn -0.342002 0.000000 0.939699
vn -0.342002 0.000000 0.939699
vn -0.388427 0.000000 0.921480
vn -0.388427 0.000000 0.921480
vn -0.433903 0.000000 0.900959
vn -0.433903 0.000000 0.900959
vn -0.478245 0.000000 0.878227
vn -0.478245 0.000000 0.878227
vn -0.521429 0.000000 0.853294
vn -0.521429 0.000000 0.853294
vn -0.563328 0.000000 0.826233
vn -0.563328 0.000000 0.826233
vn -0.603802 0.000000 0.797135
vn -0.603802 0.000000 0.797135
vn -0.642773 0.000000 0.766057
vn -0.642773 0.000000 0.766057
vn -0.680175 0.000000 0.733050
vn -0.680175 0.000000 0.733050
vn -0.715864 0.000000 0.698240
vn -0.715864 0.000000 0.698240
vn -0.749809 0.000000 0.661654
vn -0.749809 0.000000 0.661654
vn -0.781830 0.000000 0.623492
vn -0.781830 0.000000 0.623492
vn -0.811922 0.000000 0.583766
vn -0.811922 0.000000 0.583766
vn -0.840044 0.000000 0.542518
vn -0.840044 0.000000 0.542518
vn -0.866020 0.000000 0.500009
vn -0.866020 0.000000 0.500009
vn -0.889876 0.000000 0.456202
vn -0.889876 0.000000 0.456202
vn -0.911493 0.000000 0.411316
vn -0.911493 0.000000 0.411316
vn -0.930869 0.000000 0.365354
vn -0.930869 0.000000 0.365354
vn -0.947944 0.000000 0.318437
vn -0.947944 0.000000 0.318437
vn -0.962611 0.000000 0.270887
vn -0.962611 0.000000 0.270887
vn -0.974934 0.000000 0.222495
vn -0.974934 0.000000 0.222495
vn -0.984810 0.000000 0.173637
vn -0.984810 0.000000 0.173637
vn -0.992240 0.000000 0.124338
vn -0.992240 0.000000 0.124338
vn -0.997202 0.000000 0.074748
vn -0.997202 0.000000 0.074748
vn -0.999689 0.000000 0.024936
vn -0.999689 0.000000 0.024936
vn -0.999689 0.000000 -0.024921
vn -0.999689 -0.000000 -0.024921
vn -0.997204 -0.000000 -0.074734
vn -0.997204 0.000000 -0.074734
vn -0.992238 -0.000000 -0.124352
vn -0.992238 0.000000 -0.124352
vn -0.984810 -0.000000 -0.173637
vn -0.984810 0.000000 -0.173637
vn -0.974928 -0.000000 -0.222522
vn -0.974928 0.000000 -0.222522
vn -0.962622 -0.000000 -0.270847
vn -0.947927 -0.000000 -0.318488
vn -0.962622 0.000000 -0.270847
vn -0.947927 -0.000000 -0.318488
vn -0.930878 -0.000000 -0.365330
vn -0.930878 0.000000 -0.365330
vn -0.911503 -0.000000 -0.411293
vn -0.911503 0.000000 -0.411293
vn -0.889871 -0.000000 -0.456213
vn -0.889871 0.000000 -0.456213
vn -0.866026 0.000000 -0.499999
vn -0.866026 -0.000000 -0.499999
vn -0.840031 0.000000 -0.542538
vn -0.840031 -0.000000 -0.542538
vn -0.811936 0.000000 -0.583747
vn -0.811936 -0.000000 -0.583747
vn -0.781830 -0.000000 -0.623492
vn -0.781830 -0.000000 -0.623492
vn -0.749781 -0.000000 -0.661686
vn -0.749781 -0.000000 -0.661686
vn -0.715871 0.000000 -0.698232
vn -0.715871 -0.000000 -0.698232
vn -0.680168 -0.000000 -0.733056
vn -0.680168 -0.000000 -0.733056
vn -0.642794 -0.000000 -0.766039
vn -0.642794 0.000000 -0.766039
vn -0.603802 -0.000000 -0.797135
vn -0.603802 0.000000 -0.797135
vn -0.563315 -0.000000 -0.826242
vn -0.563315 0.000000 -0.826242
vn -0.521429 -0.000000 -0.853294
vn -0.521429 0.000000 -0.853294
vn -0.478250 -0.000000 -0.878223
vn -0.478250 0.000000 -0.878223
vn -0.433898 -0.000000 -0.900962
vn -0.433898 0.000000 -0.900962
vn -0.388427 -0.000000 -0.921480
vn -0.388427 0.000000 -0.921480
vn -0.342012 -0.000000 -0.939696
vn -0.342012 0.000000 -0.939696
vn -0.294773 -0.000000 -0.955567
vn -0.294773 0.000000 -0.955567
vn -0.246747 -0.000000 -0.969080
vn -0.246747 0.000000 -0.969080
vn -0.198151 -0.000000 -0.980172
vn -0.198151 0.000000 -0.980172
vn -0.149046 -0.000000 -0.988830
vn -0.149046 0.000000 -0.988830
vn -0.099571 -0.000000 -0.995030
vn -0.099571 0.000000 -0.995030
vn -0.049842 -0.000000 -0.998757
vn -0.049842 0.000000 -0.998757
vn 0.000000 0.000000 -1.000000
vn 0.000000 0.000000 -1.000000
vn 0.049842 0.000000 -0.998757
vn 0.099571 0.000000 -0.995030
vn 0.049842 0.000000 -0.998757
vn 0.099571 0.000000 -0.995030
vn 0.149046 0.000000 -0.988830
vn 0.149046 0.000000 -0.988830
vn 0.198151 0.000000 -0.980172
vn 0.198151 0.000000 -0.980172
vn 0.246747 0.000000 -0.969080
vn 0.246747 0.000000 -0.969080
vn 0.294773 0.000000 -0.955567
vn 0.294773 0.000000 -0.955567
vn 0.342012 0.000000 -0.939696
vn 0.342012 0.000000 -0.939696
vn 0.388427 0.000000 -0.921480
vn 0.388427 0.000000 -0.921480
vn 0.433898 0.000000 -0.900962
vn 0.433898 0.000000 -0.900962
vn 0.478250 0.000000 -0.878223
vn 0.478250 0.000000 -0.878223
vn 0.521429 0.000000 -0.853294
vn 0.521429 0.000000 -0.853294
vn 0.563315 0.000000 -0.826242
vn 0.563315 0.000000 -0.826242
vn 0.603802 0.000000 -0.797135
vn 0.603802 0.000000 -0.797135
vn 0.642794 0.000000 -0.766039
vn 0.642794 0.000000 -0.766039
vn 0.680168 0.000000 -0.733056
vn 0.680168 0.000000 -0.733056
vn 0.715871 0.000000 -0.698232
vn 0.715871 0.000000 -0.698232
vn 0.749781 0.000000 -0.661686
vn 0.749781 0.000000 -0.661686
vn 0.781837 0.000000 -0.623483
vn 0.781837 0.000000 -0.623483
vn 0.811929 0.000000 -0.583756
vn 0.811929 0.000000 -0.583756
vn 0.840031 0.000000 -0.542538
vn 0.866026 0.000000 -0.499999
vn 0.840031 0.000000 -0.542538
vn 0.866026 0.000000 -0.499999
vn 0.889871 0.000000 -0.456213
vn 0.889871 0.000000 -0.456213
vn 0.911509 0.000000 -0.411281
vn 0.911509 0.000000 -0.411281
vn 0.930873 0.000000 -0.365342
vn 0.930873 0.000000 -0.365342
vn 0.947927 0.000000 -0.318488
vn 0.947927 0.000000 -0.318488
vn 0.962626 0.000000 -0.270834
vn 0.962626 0.000000 -0.270834
vn 0.974925 0.000000 -0.222536
vn 0.974925 0.000000 -0.222536
vn 0.984810 0.000000 -0.173637
vn 0.984810 0.000000 -0.173637
vn 0.992238 0.000000 -0.124352
vn 0.992238 0.000000 -0.124352
vn 0.997205 0.000000 -0.074720
vn 0.997205 0.000000 -0.074720
vn 0.999689 0.000000 -0.024936
vn 0.999689 0.000000 -0.024936
vn 0.999689 0.000000 0.024936
vn 0.999689 0.000000 0.024936
vn 0.997205 0.000000 0.074720
vn 0.997205 0.000000 0.074720
vn 0.992238 0.000000 0.124352
vn 0.992238 0.000000 0.124352
vn 0.984810 0.000000 0.173637
vn 0.984810 0.000000 0.173637
vn 0.974925 0.000000 0.222536
vn 0.974925 0.000000 0.222536
vn 0.962626 0.000000 0.270834
vn 0.962626 0.000000 0.270834
vn 0.947927 0.000000 0.318488
vn 0.947927 0.000000 0.318488
vn 0.930873 0.000000 0.365342
vn 0.930873 0.000000 0.365342
vn 0.911509 0.000000 0.411281
vn 0.911509 0.000000 0.411281
vn 0.889871 0.000000 0.456213
vn 0.889871 0.000000 0.456213
vn 0.866026 0.000000 0.499999
vn 0.866026 0.000000 0.499999
vn 0.840031 0.000000 0.542538
vn 0.840031 0.000000 0.542538
vn 0.811929 0.000000 0.583756
vn 0.811929 0.000000 0.583756
vn 0.781837 0.000000 0.623483
vn 0.781837 0.000000 0.623483
vn 0.749781 0.000000 0.661686
vn 0.749781 0.000000 0.661686
vn 0.715871 0.000000 0.698232
vn 0.715871 0.000000 0.698232
vn 0.680168 0.000000 0.733056
vn 0.680168 0.000000 0.733056
vn 0.642794 0.000000 0.766039
vn 0.642794 0.000000 0.766039
vn 0.603802 0.000000 0.797135
vn 0.603802 0.000000 0.797135
vn 0.563315 0.000000 0.826242
vn 0.563315 0.000000 0.826242
vn 0.521429 0.000000 0.853294
vn 0.521429 0.000000 0.853294
vn 0.478250 0.000000 0.878223
vn 0.478250 0.000000 0.878223
vn 0.433898 0.000000 0.900962
vn 0.433898 0.000000 0.900962
vn 0.388427 0.000000 0.921480
vn 0.388427 0.000000 0.921480
vn 0.342012 0.000000 0.939696
vn 0.342012 0.000000 0.939696
vn 0.294773 0.000000 0.955567
vn 0.294773 0.000000 0.955567
vn 0.246747 0.000000 0.969080
vn 0.246747 0.000000 0.969080
vn 0.198151 0.000000 0.980172
vn 0.198151 0.000000 0.980172
vn 0.149046 0.000000 0.988830
vn 0.149046 0.000000 0.988830
vn 0.099571 0.000000 0.995030
vn 0.099571 0.000000 0.995030
vn 0.049842 0.000000 0.998757
vn 0.049842 0.000000 0.998757
vn 0.000000 0.000000 1.000000
vn 0.000000 0.000000 1.000000
vn -0.049842 0.000000 0.998757
vn -0.049842 0.000000 0.998757
vn -0.099571 0.000000 0.995030
vn -0.099571 0.000000 0.995030
vn -0.149046 0.000000 0.988830
vn -0.149046 0.000000 0.988830
vn -0.198151 0.000000 0.980172
vn -0.198151 0.000000 0.980172
vn -0.246747 0.000000 0.969080
vn -0.246747 0.000000 0.969080
vn -0.294773 0.000000 0.955567
vn -0.294773 0.000000 0.955567
vn -0.342012 0.000000 0.939696
vn -0.342012 0.000000 0.939696
vn -0.388427 0.000000 0.921480
vn -0.388427 0.000000 0.921480
vn -0.433898 0.000000 0.900962
vn -0.433898 0.000000 0.900962
vn -0.478250 0.000000 0.878223
vn -0.478250 0.000000 0.878223
vn -0.521429 0.000000 0.853294
vn -0.521429 0.000000 0.853294
vn -0.563315 0.000000 0.826242
vn -0.563315 0.000000 0.826242
vn -0.603802 0.000000 0.797135
vn -0.603802 0.000000 0.797135
vn -0.642794 0.000000 0.766039
vn -0.642794 0.000000 0.766039
vn -0.680168 0.000000 0.733056
vn -0.680168 0.000000 0.733056
vn -0.715871 0.000000 0.698232
vn -0.715871 0.000000 0.698232
vn -0.749781 0.000000 0.661686
vn -0.749781 0.000000 0.661686
vn -0.781830 0.000000 0.623492
vn -0.781830 0.000000 0.623492
vn -0.811936 0.000000 0.583747
vn -0.811936 0.000000 0.583747
vn -0.840031 0.000000 0.542538
vn -0.840031 0.000000 0.542538
vn -0.866026 0.000000 0.499999
vn -0.866026 0.000000 0.499999
vn -0.889871 0.000000 0.456213
vn -0.889871 0.000000 0.456213
vn -0.911503 0.000000 0.411293
vn -0.911503 0.000000 0.411293
vn -0.930878 0.000000 0.365330
vn -0.930878 0.000000 0.365330
vn -0.947927 0.000000 0.318488
vn -0.947927 0.000000 0.318488
vn -0.962622 0.000000 0.270847
vn -0.962622 0.000000 0.270847
vn -0.974928 0.000000 0.222522
vn -0.974928 0.000000 0.222522
vn -0.984810 0.000000 0.173637
vn -0.984810 0.000000 0.173637
vn -0.992238 0.000000 0.124352
vn -0.992238 0.000000 0.124352
vn -0.997204 0.000000 0.074734
vn -0.997204 0.000000 0.074734
vn -0.999689 0.000000 0.024921
vn -0.999689 0.000000 0.024921
vn 0.000000 -1.000000 0.000000
vn -0.000000 -1.000000 0.000000
vn 0.000000 -1.000000 0.000000
vn 0.000000 -1.000000 0.000000
vn 0.000000 -1.000000 0.000000
vn 0.000000 -1.000000 0.000000
vn 0.000000 -1.000000 0.000000
vn 0.000000 -1.000000 0.000000
vn -0.000000 -1.000000 0.000000
vn 0.000000 -1.000000 0.000000
vn 0.000000 -1.000000 0.000000
vn 0.000000 -1.000000 0.000000
vn 0.000000 -1.000000 0.000000
vn 0.000000 -1.000000 0.000000
vn 0.000000 -1.000000 0.000000
vn -0.000000 -1.000000 0.000000
vn 0.000000 -1.000000 0.000000
vn -0.000000 -1.000000 0.000000
vn 0.000000 -1.000000 0.000000
vn -0.000000 -1.000000 0.000000
vn 0.000000 -1.000000 0.000000
vn -0.000000 -1.000000 0.000000
vn 0.000000 -1.000000 0.000000
vn -0.000000 -1.000000 0.000000
vn 0.000000 -1.000000 0.000000
vn -0.000000 -1.000000 0.000000
vn 0.000000 -1.000000 0.000000
vn -0.000000 -1.000000 0.000000
vn 0.000000 -1.000000 0.000000
vn 0.000000 -1.000000 0.000000
vn -0.000000 -1.000000 0.000000
vn 0.000000 -1.000000 0.000000
vn -0.000000 -1.000000 0.000000
vn 0.000000 -1.000000 0.000000
vn 0.000000 -1.000000 0.000000
vn -0.000000 -1.000000 0.000000
vn 0.000000 -1.000000 0.000000
vn -0.000000 -1.000000 0.000000
vn 0.000000 -1.000000 0.000000
vn -0.000000 -1.000000 0.000000
vn 0.000000 -1.000000 0.000000
vn -0.000000 -1.000000 0.000000
vn 0.000000 -1.000000 0.000000
vn -0.000000 -1.000000 0.000000
vn 0.000000 -1.000000 0.000000
vn -0.000000 -1.000000 0.000000
vn 0.000000 -1.000000 0.000000
vn -0.000000 -1.000000 0.000000
vn 0.000000 -1.000000 0.000000
vn -0.000000 -1.000000 0.000000
vn -0.000000 -1.000000 0.000000
vn -0.000000 -1.000000 0.000000
vn 0.000000 -1.000000 0.000000
vn 0.000000 -1.000000 0.000000
vn 0.000000 -1.000000 0.000000
vn 0.000000 -1.000000 0.000000
vn 0.000000 -1.000000 0.000000
vn 0.000000 -1.000000 0.000000
vn -0.000000 -1.000000 0.000000
vn 0.000000 -1.000000 0.000000
vn -0.000000 -1.000000 0.000000
vn 0.000000 -1.000000 0.000000
vn 0.000000 -1.000000 0.000000
vn 0.000000 -1.000000 0.000000
vn 0.000000 -1.000000 0.000000
vn 0.000000 -1.000000 0.000000
vn 0.000000 -1.000000 0.000000
vn 0.000000 -1.000000 0.000000
vn 0.000000 -1.000000 0.000000
vn 0.000000 -1.000000 0.000000
vn 0.000000 -1.000000 0.000000
vn 0.000000 -1.000000 0.000000
vn 0.000000 -1.000000 0.000000
vn 0.000000 -1.000000 0.000000
vn 0.000000 -1.000000 0.000000
vn 0.000000 -1.000000 0.000000
vn 0.000000 -1.000000 0.000000
vn 0.000000 -1.000000 0.000000
vn -0.000000 -1.000000 0.000000
vn -0.000000 -1.000000 0.000000
vn -0.000000 -1.000000 0.000000
vn -0.000000 -1.000000 0.000000
vn -0.000000 -1.000000 0.000000
vn -0.000000 -1.000000 0.000000
vn -0.000000 -1.000000 0.000000
vn -0.000000 -1.000000 0.000000
vn -0.000000 -1.000000 0.000000
vn -0.000000 -1.000000 0.000000
vn 0.000000 -1.000000 0.000000
vn -0.000000 -1.000000 0.000000
vn 0.000000 -1.000000 0.000000
vn 0.000000 -1.000000 0.000000
vn 0.000000 -1.000000 0.000000
vn 0.000000 -1.000000 0.000000
vn 0.000000 -1.000000 0.000000
vn 0.000000 -1.000000 0.000000
vn 0.000000 -1.000000 0.000000
vn 0.000000 -1.000000 0.000000
vn 0.000000 -1.000000 0.000000
vn 0.000000 -1.000000 0.000000
vn 0.000000 -1.000000 0.000000
vn 0.000000 -1.000000 0.000000
vn 0.000000 -1.000000 0.000000
vn 0.000000 -1.000000 0.000000
vn 0.000000 -1.000000 0.000000
vn 0.000000 -1.000000 0.000000
vn 0.000000 -1.000000 0.000000
vn -0.000000 -1.000000 0.000000
vn 0.000000 -1.000000 0.000000
vn -0.000000 -1.000000 0.000000
vn 0.000000 -1.000000 0.000000
vn -0.000000 -1.000000 0.000000
vn 0.000000 -1.000000 0.000000
vn -0.000000 -1.000000 0.000000
vn 0.000000 -1.000000 0.000000
vn -0.000000 -1.000000 0.000000
vn 0.000000 -1.000000 0.000000
vn -0.000000 -1.000000 0.000000
vn 0.000000 -1.000000 0.000000
vn -0.000000 -1.000000 0.000000
vn -0.000000 -1.000000 0.000000
vn 0.000000 -1.000000 0.000000
vn -0.000000 -1.000000 0.000000
vn 0.000000 -1.000000 0.000000
vn -0.000000 -1.000000 0.000000
vn 0.000000 -1.000000 0.000000
vn -0.000000 -1.000000 0.000000
vn 0.000000 -1.000000 0.000000
vn -0.000000 -1.000000 0.000000
vn 0.000000 -1.000000 0.000000
vn -0.000000 -1.000000 0.000000
vn 0.000000 -1.000000 0.000000
vn 0.000000 -1.000000 0.000000
vn 0.000000 -1.000000 0.000000
vn 0.000000 -1.000000 0.000000
vn -0.000000 -1.000000 0.000000
vn 0.000000 -1.000000 0.000000
vn 0.000000 -1.000000 0.000000
vn 0.000000 -1.000000 0.000000
vn 0.000000 -1.000000 0.000000
vn 0.000000 -1.000000 0.000000
vn 0.000000 -1.000000 0.000000
vn 0.000000 -1.000000 0.000000
vn 0.000000 -1.000000 0.000000
vn 0.000000 -1.000000 0.000000
vn 0.000000 -1.000000 0.000000
vn 0.000000 -1.000000 0.000000
vn 0.000000 -1.000000 0.000000
vn 0.000000 -1.000000 0.000000
vn 0.000000 -1.000000 0.000000
vn 0.000000 -1.000000 0.000000
vn 0.000000 -1.000000 0.000000
vn 0.000000 -1.000000 0.000000
vn 0.000000 -1.000000 0.000000
vn 0.000000 -1.000000 0.000000
vn 0.000000 -1.000000 0.000000
vn 0.000000 -1.000000 0.000000
vn 0.000000 -1.000000 0.000000
vn 0.000000 -1.000000 0.000000
vn 0.000000 -1.000000 0.000000
vn 0.000000 -1.000000 0.000000
vn 0.000000 -1.000000 0.000000
vn 0.000000 -1.000000 0.000000
vn 0.000000 -1.000000 0.000000
vn 0.000000 -1.000000 0.000000
vn 0.000000 -1.000000 0.000000
vn 0.000000 -1.000000 0.000000
vn 0.000000 -1.000000 0.000000
vn 0.000000 -1.000000 0.000000
vn 0.000000 -1.000000 0.000000
vn 0.000000 -1.000000 0.000000
vn 0.000000 -1.000000 0.000000
vn 0.000000 -1.000000 0.000000
vn 0.000000 -1.000000 0.000000
vn 0.000000 -1.000000 0.000000
vn 0.000000 -1.000000 0.000000
vn 0.000000 -1.000000 0.000000
vn 0.000000 -1.000000 0.000000
vn 0.000000 -1.000000 0.000000
vn 0.000000 -1.000000 0.000000
vn 0.000000 -1.000000 0.000000
vn 0.000000 -1.000000 0.000000
vn 0.000000 -1.000000 0.000000
vn 0.000000 -1.000000 0.000000
vn 0.000000 -1.000000 0.000000
vn -0.000000 -1.000000 0.000000
vn -0.000000 -1.000000 0.000000
vn -0.000000 -1.000000 0.000000
vn -0.000000 -1.000000 0.000000
vn -0.000000 -1.000000 0.000000
vn -0.000000 -1.000000 0.000000
vn -0.000000 -1.000000 0.000000
vn -0.000000 -1.000000 0.000000
vn -0.000000 -1.000000 0.000000
vn -0.000000 -1.000000 0.000000
vn -0.000000 -1.000000 0.000000
vn -0.000000 -1.000000 0.000000
vn -0.000000 -1.000000 0.000000
vn -0.000000 -1.000000 0.000000
vn -0.000000 -1.000000 0.000000
vn -0.000000 -1.000000 0.000000
vn 0.000000 -1.000000 0.000000
vn 0.000000 -1.000000 0.000000
vn 0.000000 -1.000000 0.000000
vn 0.000000 -1.000000 0.000000
vn 0.000000 -1.000000 0.000000
vn 0.000000 -1.000000 0.000000
vn 0.000000 -1.000000 0.000000
vn 0.000000 -1.000000 0.000000
vn 0.000000 -1.000000 0.000000
vn 0.000000 -1.000000 0.000000
vn 0.000000 -1.000000 0.000000
vn 0.000000 -1.000000 0.000000
vn 0.000000 -1.000000 0.000000
vn 0.000000 -1.000000 0.000000
vn 0.000000 -1.000000 0.000000
vn 0.000000 -1.000000 0.000000
vn 0.000000 -1.000000 0.000000
vn 0.000000 -1.000000 0.000000
vn 0.000000 -1.000000 0.000000
vn 0.000000 -1.000000 0.000000
vn 0.000000 -1.000000 0.000000
vn 0.000000 -1.000000 0.000000
vn 0.000000 -1.000000 0.000000
vn 0.000000 -1.000000 0.000000
vn 0.000000 -1.000000 0.000000
vn 0.000000 -1.000000 0.000000
vn 0.000000 -1.000000 0.000000
vn 0.000000 -1.000000 0.000000
vn 0.000000 -1.000000 0.000000
vn 0.000000 -1.000000 0.000000
vn -0.000000 -1.000000 0.000000
vn -0.000000 -1.000000 0.000000
vn -0.000000 -1.000000 0.000000
vn -0.000000 -1.000000 0.000000
vn -0.000000 -1.000000 0.000000
vn -0.000000 -1.000000 0.000000
vn -0.000000 -1.000000 0.000000
vn -0.000000 -1.000000 0.000000
vn -0.000000 -1.000000 0.000000
vn 0.000000 -1.000000 0.000000
vn 0.000000 -1.000000 0.000000
vn 0.000000 -1.000000 0.000000
vn 0.000000 -1.000000 0.000000
vn 0.000000 -1.000000 0.000000
vn 0.000000 -1.000000 0.000000
vn 0.000000 -1.000000 0.000000
vn 0.000000 -1.000000 0.000000
vn 0.000000 -1.000000 0.000000
vn 0.000000 -1.000000 0.000000
vn 0.000000 -1.000000 0.000000
vn 0.000000 -1.000000 0.000000
vn 0.000000 -1.000000 0.000000
vn 0.000000 -1.000000 0.000000
vn 0.000000 -1.000000 0.000000
vn 0.000000 -1.000000 0.000000
vn 0.000000 -1.000000 0.000000
vn 0.000000 -1.000000 0.000000
vn 0.000000 -1.000000 0.000000
vn 0.000000 -1.000000 0.000000
vn 0.000000 -1.000000 0.000000
vn 0.000000 -1.000000 0.000000
vn 0.000000 -1.000000 0.000000
vn -0.000000 -1.000000 0.000000
vn 0.000000 -1.000000 0.000000
vn 0.000000 -1.000000 0.000000
vn 0.000000 -1.000000 0.000000
vn 0.000000 -1.000000 0.000000
vn -0.000000 -1.000000 0.000000
vn 0.000000 -1.000000 0.000000
vn 0.000000 -1.000000 0.000000
vn -0.000000 -1.000000 0.000000
vn 0.000000 -1.000000 0.000000
vn 0.000000 -1.000000 0.000000
vn 0.000000 -1.000000 0.000000
vn 0.000000 -1.000000 0.000000
vn -0.000000 -1.000000 0.000000
vn 0.000000 -1.000000 0.000000
vn 0.000000 -1.000000 0.000000
vn 0.000000 -1.000000 0.000000
vn -0.000000 -1.000000 0.000000
vn 0.000000 -1.000000 0.000000
vn 0.000000 -1.000000 0.000000
vn -0.000000 -1.000000 0.000000
vn 0.000000 -1.000000 0.000000
vn 0.000000 -1.000000 0.000000
vn 0.000000 -1.000000 0.000000
vn 0.000000 -1.000000 0.000000
vn -0.000000 -1.000000 0.000000
vn 0.000000 -1.000000 0.000000
vn 0.000000 -1.000000 0.000000
vn 0.000000 -1.000000 0.000000
vn -0.000000 -1.000000 0.000000
vn 0.000000 -1.000000 0.000000
vn 0.000000 -1.000000 0.000000
vn 0.000000 -1.000000 0.000000
vn -0.000000 -1.000000 0.000000
vn 0.000000 -1.000000 0.000000
vn 0.000000 -1.000000 0.000000
vn 0.000000 -1.000000 0.000000
vn -0.000000 -1.000000 0.000000
vn 0.000000 -1.000000 0.000000
vn 0.000000 -1.000000 0.000000
vn -0.000000 -1.000000 0.000000
vn 0.000000 -1.000000 0.000000
vn 0.000000 -1.000000 0.000000
vn 0.000000 -1.000000 0.000000
vn -0.000000 -1.000000 0.000000
vn 0.000000 -1.000000 0.000000
vn 0.000000 -1.000000 0.000000
vn 0.000000 -1.000000 0.000000
vn -0.000000 -1.000000 0.000000
vn 0.000000 -1.000000 0.000000
vn 0.000000 -1.000000 0.000000
vn 0.000000 -1.000000 0.000000
vn -0.000000 -1.000000 0.000000
vn 0.000000 -1.000000 0.000000
vn 0.000000 -1.000000 0.000000
vn 0.000000 -1.000000 0.000000
vn 0.000000 -1.000000 0.000000
vn -0.000000 -1.000000 0.000000
vn 0.000000 -1.000000 0.000000
vn 0.000000 -1.000000 0.000000
vn 0.000000 -1.000000 0.000000
vn -0.000000 -1.000000 0.000000
vn 0.000000 -1.000000 0.000000
vn 0.000000 -1.000000 0.000000
vn -0.000000 -1.000000 0.000000
vn -0.000000 -1.000000 0.000000
vn 0.000000 -1.000000 0.000000
vn 0.000000 -1.000000 0.000000
vn -0.000000 -1.000000 0.000000
vn -0.000000 -1.000000 0.000000
vn 0.000000 -1.000000 0.000000
vn 0.000000 -1.000000 0.000000
vn -0.000000 -1.000000 0.000000
vn -0.000000 -1.000000 0.000000
vn 0.000000 -1.000000 0.000000
vn 0.000000 -1.000000 0.000000
vn -0.000000 -1.000000 0.000000
vn -0.000000 -1.000000 0.000000
vn 0.000000 -1.000000 0.000000
vn 0.000000 -1.000000 0.000000
vn -0.000000 -1.000000 0.000000
vn -0.000000 -1.000000 0.000000
vn 0.000000 -1.000000 0.000000
vn 0.000000 -1.000000 0.000000
vn 0.000000 -1.000000 0.000000
vn -0.000000 -1.000000 0.000000
vn -0.000000 -1.000000 0.000000
vn 0.000000 -1.000000 0.000000
vn 0.000000 -1.000000 0.000000
vn 0.000000 -1.000000 0.000000
vn 0.000000 -1.000000 0.000000
vn 0.000000 -1.000000 0.000000
vn 0.000000 -1.000000 0.000000
vn 0.000000 -1.000000 0.000000
vn 0.000000 -1.000000 0.000000
vn 0.000000 -1.000000 0.000000
vn 0.000000 -1.000000 0.000000
vn 0.000000 -1.000000 0.000000
vn 0.000000 -1.000000 0.000000
vn 0.000000 -1.000000 0.000000
vn 0.000000 -1.000000 0.000000
vn 0.000000 -1.000000 0.000000
vn 0.000000 -1.000000 0.000000
vn 0.000000 -1.000000 0.000000
vn 0.000000 -1.000000 0.000000
vn 0.000000 -1.000000 0.000000
vn 0.000000 -1.000000 0.000000
vn 0.000000 -1.000000 0.000000
vn 0.000000 -1.000000 0.000000
vn 0.000000 -1.000000 0.000000
vn 0.000000 -1.000000 0.000000
vn 0.000000 -1.000000 0.000000
vn 0.000000 -1.000000 0.000000
vn 0.000000 -1.000000 0.000000
vn 0.000000 -1.000000 0.000000
vn 0.000000 -1.000000 0.000000
vn 0.000000 -1.000000 0.000000
vn 0.000000 -1.000000 0.000000
vn 0.000000 -1.000000 0.000000
vn 0.000000 -1.000000 0.000000
vn 0.000000 -1.000000 0.000000
vn 0.000000 -1.000000 0.000000
vn 0.000000 -1.000000 0.000000
vn 0.000000 -1.000000 0.000000
vn 0.000000 -1.000000 0.000000
vn 0.000000 -1.000000 0.000000
vn 0.000000 -1.000000 0.000000
vn 0.000000 -1.000000 0.000000
vn 0.000000 -1.000000 0.000000
vn 0.000000 -1.000000 0.000000
vn 0.000000 -1.000000 0.000000
vn 0.000000 -1.000000 0.000000
vn 0.000000 -1.000000 0.000000
vn 0.000000 -1.000000 0.000000
vn 0.000000 -1.000000 0.000000
vn 0.000000 -1.000000 0.000000
vn 0.000000 -1.000000 0.000000
vn 0.000000 -1.000000 0.000000
vn 0.000000 -1.000000 0.000000
vn 0.000000 -1.000000 0.000000
vn 0.000000 -1.000000 0.000000
vn 0.000000 -1.000000 0.000000
vn 0.000000 -1.000000 0.000000
vn 0.000000 -1.000000 0.000000
vn 0.000000 -1.000000 0.000000
vn 0.000000 -1.000000 0.000000
vn 0.000000 -1.000000 0.000000
vn 0.000000 -1.000000 0.000000
vn 0.000000 -1.000000 0.000000
vn 0.000000 -1.000000 0.000000
vn 0.000000 -1.000000 0.000000
vn 0.000000 -1.000000 0.000000
vn 0.000000 -1.000000 0.000000
vn -0.000000 -1.000000 0.000000
vn 0.000000 -1.000000 0.000000
vn 0.000000 -1.000000 0.000000
vn -0.000000 -1.000000 0.000000
vn 0.000000 -1.000000 0.000000
vn 0.000000 -1.000000 0.000000
vn 0.000000 -1.000000 0.000000
vn 0.000000 -1.000000 0.000000
vn 0.000000 -1.000000 0.000000
vn 0.000000 -1.000000 0.000000
vn 0.000000 -1.000000 0.000000
vn -0.000000 -1.000000 0.000000
vn -0.000000 -1.000000 0.000000
vn 0.000000 -1.000000 0.000000
vn 0.000000 -1.000000 0.000000
vn -0.000000 -1.000000 0.000000
vn -0.000000 -1.000000 0.000000
vn 0.000000 -1.000000 0.000000
vn 0.000000 -1.000000 0.000000
vn -0.000000 -1.000000 0.000000
vn -0.000000 -1.000000 0.000000
vn 0.000000 -1.000000 0.000000
vn 0.000000 -1.000000 0.000000
vn -0.000000 -1.000000 0.000000
vn -0.000000 -1.000000 0.000000
vn 0.000000 -1.000000 0.000000
vn 0.000000 -1.000000 0.000000
vn -0.000000 -1.000000 0.000000
vn -0.000000 -1.000000 0.000000
vn 0.000000 -1.000000 0.000000
vn 0.000000 -1.000000 0.000000
vn -0.000000 -1.000000 0.000000
vn -0.000000 -1.000000 0.000000
vn 0.000000 -1.000000 0.000000
vn 0.000000 -1.000000 0.000000
vn 0.000000 -1.000000 0.000000
vn 0.000000 -1.000000 0.000000
vn -0.000000 -1.000000 0.000000
vn -0.000000 -1.000000 0.000000
vn 0.000000 -1.000000 0.000000
vn 0.000000 -1.000000 0.000000
vn 0.000000 -1.000000 0.000000
vn 0.000000 -1.000000 0.000000
vn 0.000000 -1.000000 0.000000
vn 0.000000 -1.000000 0.000000
vn -0.000000 -1.000000 0.000000
vn 0.000000 -1.000000 0.000000
vn 0.000000 -1.000000 0.000000
vn -0.000000 -1.000000 0.000000
vn 0.000000 -1.000000 0.000000
vn 0.000000 -1.000000 0.000000
vn 0.000000 -1.000000 0.000000
vn 0.000000 -1.000000 0.000000
vn 0.000000 -1.000000 0.000000
vn 0.000000 -1.000000 0.000000
vn 0.000000 -1.000000 0.000000
vn 0.000000 -1.000000 0.000000
vn 0.000000 -1.000000 0.000000
vn 0.000000 -1.000000 0.000000
vn 0.000000 -1.000000 0.000000
vn 0.000000 -1.000000 0.000000
vn 0.000000 -1.000000 0.000000
vn 0.000000 -1.000000 0.000000
vn 0.000000 -1.000000 0.000000
vn 0.000000 -1.000000 0.000000
vn 0.000000 -1.000000 0.000000
vn 0.000000 -1.000000 0.000000
vn 0.000000 -1.000000 0.000000
vn 0.000000 -1.000000 0.000000
vn 0.000000 -1.000000 0.000000
vn 0.000000 -1.000000 0.000000
vn 0.000000 -1.000000 0.000000
vn 0.000000 -1.000000 0.000000
vn 0.000000 -1.000000 0.000000
vn 0.000000 -1.000000 0.000000
vn 0.000000 -1.000000 0.000000
vn 0.000000 -1.000000 0.000000
vn 0.000000 -1.000000 0.000000
vn 0.000000 -1.000000 0.000000
vn 0.000000 -1.000000 0.000000
vn 0.000000 -1.000000 0.000000
vn 0.000000 -1.000000 0.000000
vn 0.000000 -1.000000 0.000000
vn 0.000000 -1.000000 0.000000
vn 0.000000 -1.000000 0.000000
vn 0.000000 -1.000000 0.000000
vn 0.000000 -1.000000 0.000000
vn 0.000000 -1.000000 0.000000
vn 0.000000 -1.000000 0.000000
vn 0.000000 -1.000000 0.000000
vn 0.000000 -1.000000 0.000000
vn 0.000000 -1.000000 0.000000
vn 0.000000 -1.000000 0.000000
vn 0.000000 -1.000000 0.000000
vn 0.000000 -1.000000 0.000000
vn 0.000000 -1.000000 0.000000
vn 0.000000 -1.000000 0.000000
vn 0.000000 -1.000000 0.000000
vn 0.000000 -1.000000 0.000000
vn 0.000000 -1.000000 0.000000
vn 0.000000 -1.000000 0.000000
vn 0.000000 -1.000000 0.000000
vn 0.000000 -1.000000 0.000000
vn 0.000000 -1.000000 0.000000
vn 0.000000 -1.000000 0.000000
vn 0.000000 -1.000000 0.000000
vn 0.000000 -1.000000 0.000000
vn 0.000000 -1.000000 0.000000
vn 0.000000 -1.000000 0.000000
vn 0.000000 -1.000000 0.000000
vn 0.000000 -1.000000 0.000000
vn 0.000000 -1.000000 0.000000
vn 0.000000 -1.000000 0.000000
vn 0.000000 -1.000000 0.000000
vn 0.000000 -1.000000 0.000000
vn 0.000000 -1.000000 0.000000
vn 0.000000 -1.000000 0.000000
vn 0.000000 -1.000000 0.000000
vn 0.000000 -1.000000 0.000000
vn 0.000000 -1.000000 0.000000
vn 0.000000 -1.000000 0.000000
vn 0.000000 -1.000000 0.000000
vn 0.000000 -1.000000 0.000000
vn 0.000000 -1.000000 0.000000
vn 0.000000 -1.000000 0.000000
vn 0.000000 -1.000000 0.000000
vn 0.000000 -1.000000 0.000000
vn 0.000000 -1.000000 0.000000
vn 0.000000 -1.000000 0.000000
vn 0.000000 -1.000000 0.000000
vn 0.000000 -1.000000 0.000000
vn 0.000000 -1.000000 0.000000
vn 0.000000 -1.000000 0.000000
vn 0.000000 -1.000000 0.000000
vn 0.000000 -1.000000 0.000000
vn 0.000000 -1.000000 0.000000
vn 0.000000 -1.000000 0.000000
vn 0.000000 -1.000000 0.000000
vn 0.000000 -1.000000 0.000000
vn 0.000000 -1.000000 0.000000
vn 0.000000 -1.000000 0.000000
vn 0.000000 -1.000000 0.000000
vn 0.000000 -1.000000 0.000000
vn 0.000000 -1.000000 0.000000
vn 0.000000 -1.000000 0.000000
vn 0.000000 -1.000000 0.000000
vn 0.000000 -1.000000 0.000000
vn 0.000000 -1.000000 0.000000
vn 0.000000 -1.000000 0.000000
vn 0.000000 -1.000000 0.000000
vn 0.000000 -1.000000 0.000000
vn 0.000000 -1.000000 0.000000
vn 0.000000 -1.000000 0.000000
vn 0.000000 -1.000000 0.000000
vn 0.000000 -1.000000 0.000000
vn 0.000000 -1.000000 0.000000
vn 0.000000 -1.000000 0.000000
vn 0.000000 -1.000000 0.000000
vn 0.000000 -1.000000 0.000000
vn 0.000000 -1.000000 0.000000
vn 0.000000 -1.000000 0.000000
vn 0.000000 -1.000000 0.000000
vn 0.000000 -1.000000 0.000000
vn 0.000000 -1.000000 0.000000
vn 0.000000 -1.000000 0.000000
vn 0.000000 -1.000000 0.000000
vn 0.000000 -1.000000 0.000000
vn 0.000000 -1.000000 0.000000
vn 0.000000 -1.000000 0.000000
vn 0.000000 -1.000000 0.000000
vn 0.000000 -1.000000 0.000000
vn 0.000000 -1.000000 0.000000
vn 0.000000 -1.000000 0.000000
vn 0.000000 -1.000000 0.000000
vn 0.000000 -1.000000 0.000000
vn 0.000000 -1.000000 0.000000
vn 0.000000 -1.000000 0.000000
vn 0.000000 -1.000000 0.000000
vn 0.000000 -1.000000 0.000000
vn 0.000000 -1.000000 0.000000
vn 0.000000 -1.000000 0.000000
vn 0.000000 -1.000000 0.000000
vn 0.000000 -1.000000 0.000000
vn 0.000000 -1.000000 0.000000
vn 0.000000 -1.000000 0.000000
vn 0.000000 -1.000000 0.000000
vn 0.000000 -1.000000 0.000000
vn 0.000000 -1.000000 0.000000
vn 0.000000 -1.000000 0.000000
vn 0.000000 -1.000000 0.000000
vn 0.000000 -1.000000 0.000000
vn 0.000000 -1.000000 0.000000
vn 0.000000 -1.000000 0.000000
vn 0.000000 -1.000000 0.000000
vn 0.000000 -1.000000 0.000000
vn 0.000000 -1.000000 0.000000
vn 0.000000 -1.000000 0.000000
vn 0.000000 -1.000000 0.000000
vn 0.000000 -1.000000 0.000000
vn 0.000000 -1.000000 0.000000
vn 0.000000 -1.000000 0.000000
vn 0.000000 -1.000000 0.000000
vn 0.000000 -1.000000 0.000000
vn 0.000000 -1.000000 0.000000
vn 0.000000 -1.000000 0.000000
vn 0.000000 -1.000000 0.000000
vn 0.000000 -1.000000 0.000000
vn 0.000000 -1.000000 0.000000
vn 0.000000 -1.000000 0.000000
vn 0.000000 -1.000000 0.000000
vn 0.000000 -1.000000 0.000000
vn 0.000000 -1.000000 0.000000
vn 0.000000 -1.000000 0.000000
vn 0.000000 -1.000000 0.000000
vn 0.000000 -1.000000 0.000000
vn 0.000000 -1.000000 0.000000
vn 0.000000 -1.000000 0.000000
vn 0.000000 -1.000000 0.000000
vn 0.000000 -1.000000 0.000000
vn 0.000000 -1.000000 0.000000
vn 0.000000 -1.000000 0.000000
vn 0.000000 -1.000000 0.000000
vn 0.000000 -1.000000 0.000000
vn 0.000000 -1.000000 0.000000
vn 0.000000 -1.000000 0.000000
vn 0.000000 -1.000000 0.000000
vn 0.000000 -1.000000 0.000000
vn 0.000000 -1.000000 0.000000
vn 0.000000 -1.000000 0.000000
vn 0.000000 -1.000000 0.000000
vn 0.000000 -1.000000 0.000000
vn 0.000000 -1.000000 0.000000
vn 0.000000 -1.000000 0.000000
vn 0.000000 -1.000000 0.000000
vn 0.000000 -1.000000 0.000000
vn 0.000000 -1.000000 0.000000
vn 0.000000 -1.000000 0.000000
vn 0.000000 -1.000000 0.000000
vn 0.000000 -1.000000 0.000000
vn 0.000000 -1.000000 0.000000
vn 0.000000 -1.000000 0.000000
vn 0.000000 -1.000000 0.000000
vn 0.000000 -1.000000 0.000000
vn 0.000000 -1.000000 0.000000
vn 0.000000 -1.000000 0.000000
vn 0.000000 -1.000000 0.000000
vn 0.000000 -1.000000 0.000000
vn 0.000000 -1.000000 0.000000
vn 0.000000 -1.000000 0.000000
vn 0.000000 -1.000000 0.000000
vn 0.000000 -1.000000 0.000000
vn 0.000000 -1.000000 0.000000
vn 0.000000 -1.000000 0.000000
vn 0.000000 -1.000000 0.000000
vn 0.000000 -1.000000 0.000000
vn 0.000000 -1.000000 0.000000
vn 0.000000 -1.000000 0.000000
vn 0.000000 -1.000000 0.000000
vn 0.000000 -1.000000 0.000000
vn 0.000000 -1.000000 0.000000
vn 0.000000 -1.000000 0.000000
vn 0.000000 -1.000000 0.000000
vn 0.000000 -1.000000 0.000000
vn 0.000000 -1.000000 0.000000
vn 0.000000 -1.000000 0.000000
vn 0.000000 -1.000000 0.000000
vn 0.000000 -1.000000 0.000000
vn 0.000000 -1.000000 0.000000
vn 0.000000 -1.000000 0.000000
vn 0.000000 -1.000000 0.000000
vn 0.000000 -1.000000 0.000000
vn 0.000000 -1.000000 0.000000
vn 0.000000 -1.000000 0.000000
vn 0.000000 -1.000000 0.000000
vn 0.000000 -1.000000 0.000000
vn 0.000000 -1.000000 0.000000
vn 0.000000 -1.000000 0.000000
vn 0.000000 -1.000000 0.000000
vn 0.000000 -1.000000 0.000000
vn 0.000000 -1.000000 0.000000
vn -0.000000 -1.000000 0.000000
vn 0.000000 -1.000000 0.000000
vn 0.000000 -1.000000 0.000000
vn 0.000000 -1.000000 0.000000
vn 0.000000 -1.000000 0.000000
vn 0.000000 -1.000000 0.000000
vn 0.000000 -1.000000 0.000000
vn 0.000000 -1.000000 0.000000
vn 0.000000 -1.000000 0.000000
vn 0.000000 -1.000000 0.000000
vn 0.000000 -1.000000 0.000000
vn 0.000000 -1.000000 0.000000
vn 0.000000 -1.000000 0.000000
vn 0.000000 -1.000000 0.000000
vn 0.000000 -1.000000 0.000000
vn 0.000000 -1.000000 0.000000
vn 0.000000 -1.000000 0.000000
vn 0.000000 -1.000000 0.000000
vn 0.000000 -1.000000 0.000000
vn 0.000000 -1.000000 0.000000
vn 0.000000 -1.000000 0.000000
vn 0.000000 -1.000000 0.000000
vn 0.000000 -1.000000 0.000000
vn 0.000000 -1.000000 0.000000
vn 0.000000 -1.000000 0.000000
vn 0.000000 -1.000000 0.000000
vn 0.000000 -1.000000 0.000000
vn 0.000000 -1.000000 0.000000
vn 0.000000 -1.000000 0.000000
vn -0.000000 -1.000000 0.000000
vn -0.000000 -1.000000 0.000000
vn -0.000000 -1.000000 0.000000
vn 0.000000 -1.000000 0.000000
vn 0.000000 -1.000000 0.000000
vn 0.000000 -1.000000 0.000000
vn -0.000000 -1.000000 -0.000000
vn -0.000000 -1.000000 -0.000000
vn 0.000000 -1.000000 0.000000
vn 0.000000 -1.000000 0.000000
vn -0.000000 -1.000000 -0.000000
vn -0.000000 -1.000000 -0.000000
vn -0.000000 -1.000000 -0.000000
vn -0.000000 -1.000000 -0.000000
vn 0.000000 -1.000000 0.000000
vn 0.000000 -1.000000 0.000000
vn 0.000000 -1.000000 0.000000
vn 0.000000 -1.000000 0.000000
vn 0.000000 -1.000000 0.000000
vn -0.000000 -1.000000 -0.000000
vn -0.000000 -1.000000 -0.000000
vn -0.000000 -1.000000 -0.000000
vn -0.000000 -1.000000 -0.000000
vn 0.000000 -1.000000 0.000000
vn -0.000000 -1.000000 -0.000000
vn 0.000000 -1.000000 0.000000
vn -0.000000 -1.000000 -0.000000
vn 0.000000 -1.000000 0.000000
vn 0.000000 -1.000000 0.000000
vn 0.000000 -1.000000 0.000000
vn -0.000000 -1.000000 -0.000000
vn -0.000000 -1.000000 -0.000000
vn 0.000000 -1.000000 0.000000
vn -0.000000 -1.000000 -0.000000
vn 0.000000 -1.000000 0.000000
vn 0.000000 -0.000000 1.000000
vn 0.000000 0.000000 1.000000
vn 0.000000 -0.000000 1.000000
vn 0.000000 0.000000 1.000000
vn -1.000000 0.000000 0.000000
vn -1.000000 0.000000 0.000000
vn 1.000000 0.000000 0.000000
vn 1.000000 -0.000000 0.000000
vn 0.000000 -0.000000 1.000000
vn 0.000000 0.000000 1.000000
vn 0.000000 0.000000 1.000000
vn 0.000000 -0.000000 1.000000
vn 0.000000 0.000000 1.000000
vn 0.000000 -0.000000 1.000000
vn 0.000000 0.000000 1.000000
vn 0.000000 -0.000000 1.000000
vn 0.000000 0.000000 1.000000
vn 0.000000 -0.000000 1.000000
vn 1.000000 0.000000 0.000000
vn 1.000000 0.000000 0.000000
f 1//1 2//1 3//1
f 1//2 4//2 2//2
f 4//3 5//3 2//3
f 2//4 5//4 6//4
f 5//5 7//5 8//5
f 5//6 8//6 6//6
f 7//7 9//7 8//7
f 8//8 9//8 10//8
f 9//9 11//9 10//9
f 10//10 11//10 12//10
f 11//11 13//11 12//11
f 12//12 13//12 14//12
f 13//13 15//13 14//13
f 14//14 15//14 16//14
f 15//15 17//15 16//15
f 16//16 17//16 18//16
f 17//17 19//17 18//17
f 18//18 19//18 20//18
f 19//19 21//19 20//19
f 20//20 21//20 22//20
f 21//21 23//21 22//21
f 22//22 23//22 24//22
f 23//23 25//23 24//23
f 24//24 25//24 26//24
f 25//25 27//25 26//25
f 26//26 27//26 28//26
f 27//27 29//27 28//27
f 28//28 29//28 30//28
f 29//29 31//29 30//29
f 30//30 31//30 32//30
f 31//31 33//31 32//31
f 32//32 33//32 1491//32
f 33//33 34//33 1491//33
f 1491//34 34//34 35//34
f 34//35 36//35 35//35
f 35//36 36//36 37//36
f 36//37 38//37 39//37
f 36//38 39//38 37//38
f 38//39 40//39 41//39
f 38//40 41//40 39//40
f 40//41 42//41 41//41
f 41//42 42//42 43//42
f 42//43 44//43 43//43
f 43//44 44//44 45//44
f 44//45 46//45 45//45
f 45//46 46//46 47//46
f 7//47 5//47 4//47
f 1//48 7//48 4//48
f 48//49 7//49 1//49
f 48//50 9//50 7//50
f 13//51 9//51 48//51
f 13//52 11//52 9//52
f 49//53 50//53 51//53
f 17//54 15//54 13//54
f 52//55 49//55 51//55
f 19//56 17//56 13//56
f 53//57 54//57 49//57
f 53//58 49//58 52//58
f 55//59 48//59 54//59
f 55//60 13//60 48//60
f 55//61 54//61 53//61
f 56//62 57//62 21//62
f 58//63 21//63 57//63
f 59//64 56//64 21//64
f 60//65 21//65 58//65
f 61//66 59//66 21//66
f 62//67 21//67 60//67
f 63//68 61//68 21//68
f 64//69 21//69 62//69
f 65//70 63//70 21//70
f 66//71 21//71 64//71
f 67//72 65//72 21//72
f 68//73 21//73 66//73
f 69//74 67//74 21//74
f 70//75 55//75 53//75
f 71//76 21//76 68//76
f 72//77 69//77 21//77
f 73//78 21//78 71//78
f 74//79 72//79 21//79
f 74//80 21//80 19//80
f 75//81 21//81 73//81
f 76//82 74//82 19//82
f 77//83 21//83 75//83
f 78//84 76//84 19//84
f 79//85 21//85 77//85
f 80//86 78//86 19//86
f 81//87 21//87 79//87
f 82//88 80//88 19//88
f 83//89 21//89 81//89
f 84//90 82//90 19//90
f 85//91 21//91 83//91
f 86//92 84//92 19//92
f 87//93 21//93 85//93
f 88//94 86//94 19//94
f 89//95 21//95 87//95
f 90//96 88//96 19//96
f 91//97 90//97 19//97
f 92//98 91//98 19//98
f 27//99 93//99 94//99
f 27//100 21//100 89//100
f 27//101 25//101 23//101
f 27//102 23//102 21//102
f 27//103 89//103 95//103
f 27//104 95//104 93//104
f 96//105 92//105 19//105
f 97//106 27//106 94//106
f 98//107 96//107 19//107
f 99//108 27//108 97//108
f 100//109 27//109 99//109
f 101//110 27//110 100//110
f 102//111 27//111 101//111
f 103//112 27//112 102//112
f 104//113 27//113 103//113
f 105//114 27//114 104//114
f 106//115 27//115 105//115
f 107//116 27//116 106//116
f 108//117 27//117 107//117
f 109//118 27//118 108//118
f 110//119 27//119 109//119
f 111//120 27//120 110//120
f 112//121 27//121 111//121
f 113//122 27//122 112//122
f 114//123 27//123 113//123
f 115//124 27//124 114//124
f 116//125 117//125 118//125
f 116//126 118//126 119//126
f 116//127 119//127 120//127
f 116//128 120//128 121//128
f 116//129 121//129 122//129
f 116//130 122//130 123//130
f 116//131 123//131 124//131
f 116//132 124//132 125//132
f 116//133 125//133 126//133
f 116//134 126//134 98//134
f 116//135 19//135 13//135
f 116//136 98//136 19//136
f 116//137 13//137 55//137
f 127//138 27//138 115//138
f 128//139 27//139 127//139
f 129//140 27//140 128//140
f 29//141 130//141 131//141
f 29//142 131//142 132//142
f 29//143 132//143 133//143
f 29//144 133//144 134//144
f 29//145 134//145 135//145
f 29//146 129//146 136//146
f 29//147 136//147 137//147
f 29//148 137//148 138//148
f 29//149 138//149 139//149
f 29//150 139//150 140//150
f 29//151 140//151 141//151
f 29//152 141//152 130//152
f 29//153 27//153 129//153
f 142//154 143//154 70//154
f 144//155 70//155 143//155
f 145//156 142//156 70//156
f 146//157 70//157 144//157
f 147//158 145//158 70//158
f 148//159 70//159 146//159
f 149//160 147//160 70//160
f 150//161 70//161 148//161
f 151//162 149//162 70//162
f 152//163 70//163 150//163
f 153//164 151//164 70//164
f 154//165 70//165 152//165
f 155//166 153//166 70//166
f 155//167 70//167 53//167
f 156//168 70//168 154//168
f 157//169 155//169 53//169
f 158//170 70//170 156//170
f 159//171 157//171 53//171
f 160//172 70//172 158//172
f 161//173 159//173 53//173
f 162//174 70//174 160//174
f 163//175 161//175 53//175
f 164//176 70//176 162//176
f 165//177 163//177 53//177
f 166//178 167//178 168//178
f 166//179 169//179 167//179
f 170//180 70//180 164//180
f 171//181 53//181 169//181
f 171//182 165//182 53//182
f 172//183 70//183 170//183
f 173//184 171//184 169//184
f 174//185 169//185 166//185
f 175//186 70//186 172//186
f 176//187 173//187 169//187
f 177//188 70//188 175//188
f 178//189 176//189 169//189
f 179//190 70//190 177//190
f 180//191 178//191 169//191
f 181//192 70//192 179//192
f 182//193 174//193 183//193
f 184//194 180//194 169//194
f 185//195 70//195 181//195
f 186//196 184//196 169//196
f 187//197 174//197 182//197
f 188//198 189//198 70//198
f 188//199 70//199 185//199
f 190//200 186//200 169//200
f 191//201 189//201 188//201
f 192//202 190//202 169//202
f 193//203 189//203 191//203
f 194//204 192//204 169//204
f 195//205 169//205 174//205
f 195//206 174//206 187//206
f 195//207 187//207 196//207
f 197//208 189//208 193//208
f 198//209 194//209 169//209
f 199//210 189//210 197//210
f 200//211 169//211 195//211
f 201//212 198//212 169//212
f 202//213 189//213 199//213
f 203//214 201//214 169//214
f 204//215 169//215 200//215
f 205//216 189//216 202//216
f 206//217 203//217 169//217
f 207//218 189//218 205//218
f 208//219 206//219 169//219
f 209//220 189//220 207//220
f 210//221 208//221 169//221
f 211//222 204//222 212//222
f 213//223 189//223 209//223
f 214//224 210//224 169//224
f 215//225 189//225 213//225
f 216//226 204//226 211//226
f 217//227 214//227 169//227
f 218//228 189//228 215//228
f 219//229 217//229 169//229
f 220//230 189//230 218//230
f 221//231 117//231 116//231
f 221//232 222//232 223//232
f 221//233 223//233 224//233
f 221//234 224//234 225//234
f 221//235 225//235 226//235
f 221//236 226//236 227//236
f 221//237 227//237 228//237
f 221//238 228//238 229//238
f 221//239 229//239 230//239
f 221//240 230//240 231//240
f 221//241 231//241 232//241
f 221//242 232//242 233//242
f 221//243 233//243 234//243
f 221//244 234//244 235//244
f 221//245 235//245 236//245
f 221//246 236//246 237//246
f 221//247 237//247 117//247
f 238//248 219//248 169//248
f 239//249 189//249 220//249
f 240//250 216//250 241//250
f 240//251 204//251 216//251
f 242//252 189//252 239//252
f 243//253 204//253 240//253
f 243//254 169//254 204//254
f 244//255 189//255 242//255
f 245//256 189//256 244//256
f 246//257 189//257 245//257
f 247//258 169//258 243//258
f 247//259 243//259 248//259
f 249//260 189//260 246//260
f 250//261 189//261 249//261
f 251//262 189//262 250//262
f 252//263 189//263 251//263
f 253//264 254//264 255//264
f 253//265 247//265 254//265
f 256//266 247//266 253//266
f 257//267 256//267 258//267
f 257//268 247//268 256//268
f 259//269 247//269 257//269
f 260//270 259//270 261//270
f 262//271 259//271 260//271
f 262//272 247//272 259//272
f 33//273 31//273 29//273
f 263//274 247//274 262//274
f 263//275 262//275 264//275
f 265//276 238//276 169//276
f 265//277 169//277 247//277
f 265//278 266//278 267//278
f 265//279 267//279 268//279
f 265//280 268//280 269//280
f 265//281 269//281 270//281
f 265//282 270//282 271//282
f 265//283 271//283 272//283
f 265//284 272//284 273//284
f 265//285 273//285 274//285
f 265//286 274//286 238//286
f 265//287 247//287 263//287
f 275//288 116//288 189//288
f 275//289 221//289 116//289
f 34//290 33//290 29//290
f 276//291 277//291 278//291
f 276//292 278//292 279//292
f 276//293 279//293 280//293
f 276//294 280//294 281//294
f 276//295 281//295 282//295
f 276//296 282//296 283//296
f 276//297 283//297 284//297
f 276//298 284//298 285//298
f 276//299 285//299 286//299
f 276//300 286//300 287//300
f 276//301 287//301 288//301
f 276//302 288//302 289//302
f 276//303 289//303 290//303
f 276//304 290//304 291//304
f 276//305 291//305 292//305
f 276//306 292//306 293//306
f 276//307 293//307 222//307
f 276//308 222//308 221//308
f 294//309 295//309 296//309
f 297//310 294//310 296//310
f 297//311 296//311 298//311
f 299//312 300//312 295//312
f 299//313 295//313 294//313
f 301//314 298//314 302//314
f 301//315 297//315 298//315
f 303//316 304//316 300//316
f 303//317 300//317 299//317
f 305//318 302//318 306//318
f 305//319 301//319 302//319
f 307//320 308//320 304//320
f 307//321 304//321 303//321
f 309//322 306//322 310//322
f 309//323 305//323 306//323
f 311//324 312//324 308//324
f 311//325 308//325 307//325
f 313//326 309//326 310//326
f 313//327 310//327 314//327
f 315//328 316//328 312//328
f 315//329 312//329 311//329
f 317//330 313//330 314//330
f 317//331 314//331 318//331
f 319//332 320//332 316//332
f 319//333 316//333 315//333
f 321//334 318//334 322//334
f 321//335 317//335 318//335
f 323//336 324//336 320//336
f 323//337 320//337 319//337
f 325//338 322//338 326//338
f 325//339 321//339 322//339
f 327//340 328//340 324//340
f 327//341 324//341 323//341
f 329//342 326//342 330//342
f 329//343 325//343 326//343
f 331//344 332//344 328//344
f 331//345 328//345 327//345
f 333//346 330//346 334//346
f 333//347 329//347 330//347
f 335//348 332//348 331//348
f 335//349 336//349 332//349
f 337//350 333//350 334//350
f 337//351 334//351 338//351
f 339//352 336//352 335//352
f 339//353 340//353 336//353
f 341//354 337//354 338//354
f 341//355 338//355 342//355
f 343//356 344//356 340//356
f 343//357 340//357 339//357
f 345//358 341//358 342//358
f 345//359 342//359 346//359
f 347//360 344//360 343//360
f 347//361 348//361 344//361
f 349//362 345//362 346//362
f 349//363 346//363 350//363
f 351//364 352//364 348//364
f 351//365 348//365 347//365
f 353//366 350//366 354//366
f 353//367 349//367 350//367
f 355//368 352//368 351//368
f 355//369 356//369 352//369
f 357//370 354//370 358//370
f 357//371 353//371 354//371
f 359//372 356//372 355//372
f 359//373 360//373 356//373
f 361//374 357//374 358//374
f 361//375 358//375 362//375
f 363//376 364//376 360//376
f 363//377 360//377 359//377
f 365//378 362//378 366//378
f 365//379 361//379 362//379
f 367//380 364//380 363//380
f 367//381 368//381 364//381
f 369//382 365//382 366//382
f 369//383 366//383 370//383
f 371//384 372//384 368//384
f 371//385 368//385 367//385
f 373//386 369//386 370//386
f 373//387 370//387 374//387
f 375//388 376//388 372//388
f 375//389 372//389 371//389
f 377//390 374//390 378//390
f 377//391 373//391 374//391
f 379//392 376//392 375//392
f 379//393 380//393 376//393
f 381//394 266//394 265//394
f 381//395 378//395 266//395
f 381//396 377//396 378//396
f 382//397 380//397 379//397
f 382//398 252//398 380//398
f 383//399 381//399 265//399
f 384//400 252//400 382//400
f 384//401 189//401 252//401
f 385//402 383//402 265//402
f 386//403 275//403 189//403
f 386//404 189//404 384//404
f 387//405 385//405 265//405
f 388//406 275//406 386//406
f 389//407 387//407 265//407
f 390//408 275//408 388//408
f 391//409 389//409 265//409
f 392//410 275//410 390//410
f 393//411 391//411 265//411
f 394//412 275//412 392//412
f 395//413 393//413 265//413
f 396//414 275//414 394//414
f 397//415 395//415 265//415
f 398//416 275//416 396//416
f 399//417 397//417 265//417
f 400//418 275//418 398//418
f 401//419 399//419 265//419
f 402//420 275//420 400//420
f 403//421 401//421 265//421
f 404//422 275//422 402//422
f 405//423 403//423 265//423
f 406//424 275//424 404//424
f 407//425 405//425 265//425
f 408//426 275//426 406//426
f 409//427 407//427 265//427
f 410//428 275//428 408//428
f 411//429 409//429 265//429
f 412//430 275//430 410//430
f 413//431 411//431 265//431
f 414//432 275//432 412//432
f 415//433 413//433 265//433
f 416//434 415//434 265//434
f 417//435 416//435 265//435
f 418//436 417//436 265//436
f 419//437 418//437 265//437
f 420//438 419//438 265//438
f 421//439 420//439 265//439
f 422//440 421//440 265//440
f 423//441 422//441 265//441
f 424//442 423//442 265//442
f 425//443 424//443 265//443
f 426//444 425//444 265//444
f 427//445 426//445 265//445
f 428//446 34//446 29//446
f 428//447 135//447 429//447
f 428//448 429//448 430//448
f 428//449 430//449 431//449
f 428//450 431//450 432//450
f 428//451 432//451 433//451
f 428//452 433//452 434//452
f 428//453 434//453 435//453
f 428//454 29//454 135//454
f 428//455 435//455 436//455
f 428//456 436//456 437//456
f 428//457 437//457 277//457
f 428//458 277//458 276//458
f 38//459 36//459 34//459
f 438//460 428//460 276//460
f 438//461 276//461 439//461
f 40//462 44//462 42//462
f 440//463 38//463 34//463
f 440//464 40//464 38//464
f 441//465 34//465 428//465
f 441//466 440//466 34//466
f 46//467 44//467 40//467
f 46//468 40//468 440//468
f 442//469 440//469 441//469
f 443//470 444//470 445//470
f 446//471 441//471 447//471
f 446//472 442//472 441//472
f 446//473 443//473 442//473
f 448//474 449//474 438//474
f 450//475 451//475 439//475
f 452//476 438//476 449//476
f 453//477 439//477 451//477
f 454//478 450//478 439//478
f 455//479 448//479 438//479
f 456//480 439//480 453//480
f 457//481 438//481 452//481
f 458//482 455//482 438//482
f 459//483 454//483 439//483
f 460//484 439//484 456//484
f 461//485 438//485 457//485
f 462//486 459//486 439//486
f 463//487 458//487 438//487
f 464//488 438//488 461//488
f 465//489 439//489 460//489
f 466//490 463//490 438//490
f 467//491 462//491 439//491
f 468//492 439//492 465//492
f 469//493 438//493 464//493
f 470//494 467//494 439//494
f 471//495 466//495 438//495
f 472//496 438//496 469//496
f 473//497 439//497 468//497
f 474//498 275//498 414//498
f 474//499 439//499 275//499
f 474//500 470//500 439//500
f 475//501 471//501 438//501
f 476//502 439//502 473//502
f 476//503 438//503 439//503
f 477//504 438//504 472//504
f 478//505 474//505 414//505
f 478//506 414//506 479//506
f 478//507 479//507 480//507
f 481//508 475//508 438//508
f 482//509 438//509 477//509
f 483//510 438//510 476//510
f 484//511 438//511 483//511
f 484//512 481//512 438//512
f 485//513 480//513 486//513
f 485//514 478//514 480//514
f 487//515 438//515 482//515
f 488//516 484//516 483//516
f 489//517 485//517 486//517
f 490//518 484//518 488//518
f 491//519 438//519 487//519
f 492//520 490//520 488//520
f 493//521 490//521 492//521
f 494//522 489//522 486//522
f 494//523 486//523 495//523
f 496//524 438//524 491//524
f 497//525 493//525 492//525
f 498//526 493//526 497//526
f 499//527 495//527 500//527
f 499//528 494//528 495//528
f 501//529 447//529 438//529
f 501//530 438//530 496//530
f 502//531 498//531 497//531
f 503//532 498//532 502//532
f 504//533 499//533 500//533
f 504//534 500//534 505//534
f 506//535 447//535 501//535
f 507//536 503//536 502//536
f 508//537 503//537 507//537
f 509//538 504//538 505//538
f 509//539 505//539 510//539
f 511//540 508//540 507//540
f 512//541 447//541 506//541
f 513//542 508//542 511//542
f 514//543 510//543 515//543
f 514//544 515//544 516//544
f 514//545 509//545 510//545
f 517//546 513//546 511//546
f 518//547 447//547 512//547
f 519//548 516//548 520//548
f 519//549 514//549 516//549
f 521//550 513//550 517//550
f 522//551 521//551 517//551
f 523//552 447//552 518//552
f 524//553 520//553 525//553
f 524//554 519//554 520//554
f 526//555 521//555 522//555
f 527//556 526//556 522//556
f 528//557 447//557 523//557
f 529//558 526//558 527//558
f 530//559 524//559 525//559
f 530//560 525//560 531//560
f 532//561 529//561 527//561
f 533//562 447//562 528//562
f 534//563 530//563 531//563
f 535//564 529//564 532//564
f 536//565 447//565 533//565
f 537//566 535//566 532//566
f 538//567 535//567 537//567
f 539//568 534//568 531//568
f 539//569 531//569 540//569
f 541//570 538//570 537//570
f 542//571 447//571 536//571
f 543//572 539//572 540//572
f 543//573 540//573 544//573
f 543//574 544//574 545//574
f 546//575 538//575 541//575
f 547//576 447//576 542//576
f 548//577 546//577 541//577
f 549//578 543//578 545//578
f 549//579 545//579 550//579
f 551//580 546//580 548//580
f 552//581 551//581 548//581
f 553//582 447//582 547//582
f 554//583 549//583 550//583
f 555//584 551//584 552//584
f 556//585 555//585 552//585
f 557//586 447//586 553//586
f 558//587 554//587 550//587
f 558//588 550//588 559//588
f 560//589 555//589 556//589
f 561//590 447//590 557//590
f 562//591 560//591 556//591
f 563//592 558//592 559//592
f 563//593 559//593 564//593
f 563//594 564//594 565//594
f 566//595 560//595 562//595
f 567//596 566//596 562//596
f 568//597 447//597 561//597
f 569//598 566//598 567//598
f 570//599 563//599 565//599
f 571//600 569//600 567//600
f 572//601 447//601 568//601
f 573//602 569//602 571//602
f 574//603 565//603 575//603
f 574//604 570//604 565//604
f 576//605 447//605 572//605
f 577//606 573//606 571//606
f 578//607 574//607 575//607
f 578//608 575//608 579//608
f 578//609 579//609 580//609
f 581//610 573//610 577//610
f 582//611 447//611 576//611
f 583//612 581//612 577//612
f 584//613 578//613 580//613
f 585//614 581//614 583//614
f 586//615 585//615 583//615
f 587//616 447//616 582//616
f 588//617 584//617 580//617
f 588//618 580//618 589//618
f 590//619 585//619 586//619
f 591//620 590//620 586//620
f 592//621 447//621 587//621
f 593//622 590//622 591//622
f 594//623 589//623 595//623
f 594//624 595//624 596//624
f 594//625 588//625 589//625
f 597//626 593//626 591//626
f 598//627 447//627 592//627
f 599//628 593//628 597//628
f 600//629 594//629 596//629
f 601//630 447//630 598//630
f 602//631 599//631 597//631
f 603//632 599//632 602//632
f 604//633 600//633 596//633
f 604//634 596//634 605//634
f 606//635 447//635 601//635
f 607//636 603//636 602//636
f 608//637 604//637 605//637
f 608//638 605//638 609//638
f 608//639 609//639 610//639
f 611//640 603//640 607//640
f 612//641 447//641 606//641
f 613//642 611//642 607//642
f 614//643 611//643 613//643
f 615//644 608//644 610//644
f 616//645 447//645 612//645
f 617//646 614//646 613//646
f 618//647 615//647 610//647
f 618//648 610//648 619//648
f 620//649 614//649 617//649
f 621//650 620//650 617//650
f 622//651 447//651 616//651
f 623//652 618//652 619//652
f 623//653 619//653 624//653
f 623//654 624//654 625//654
f 626//655 620//655 621//655
f 627//656 626//656 621//656
f 628//657 447//657 622//657
f 629//658 623//658 625//658
f 630//659 626//659 627//659
f 631//660 446//660 447//660
f 631//661 447//661 628//661
f 632//662 630//662 627//662
f 633//663 630//663 632//663
f 634//664 629//664 625//664
f 634//665 625//665 635//665
f 634//666 635//666 636//666
f 637//667 446//667 631//667
f 638//668 633//668 632//668
f 639//669 634//669 636//669
f 640//670 633//670 638//670
f 641//671 446//671 637//671
f 642//672 640//672 638//672
f 643//673 639//673 636//673
f 643//674 636//674 644//674
f 643//675 644//675 645//675
f 646//676 640//676 642//676
f 647//677 446//677 641//677
f 648//678 646//678 642//678
f 649//679 646//679 648//679
f 650//680 643//680 645//680
f 650//681 645//681 651//681
f 652//682 649//682 648//682
f 653//683 446//683 647//683
f 654//684 649//684 652//684
f 655//685 650//685 651//685
f 656//686 446//686 653//686
f 657//687 654//687 652//687
f 658//688 651//688 427//688
f 658//689 655//689 651//689
f 659//690 654//690 657//690
f 660//691 446//691 656//691
f 661//692 659//692 657//692
f 662//693 659//693 661//693
f 663//694 662//694 661//694
f 664//695 662//695 663//695
f 665//696 664//696 663//696
f 666//697 664//697 665//697
f 667//698 666//698 665//698
f 668//699 666//699 667//699
f 669//700 668//700 667//700
f 670//701 668//701 669//701
f 671//702 670//702 669//702
f 672//703 670//703 671//703
f 673//704 672//704 671//704
f 674//705 672//705 673//705
f 675//706 674//706 673//706
f 676//707 674//707 675//707
f 677//708 676//708 675//708
f 678//709 676//709 677//709
f 679//710 678//710 677//710
f 680//711 678//711 679//711
f 681//712 444//712 443//712
f 681//713 443//713 446//713
f 682//714 683//714 684//714
f 682//715 684//715 685//715
f 682//716 685//716 686//716
f 682//717 686//717 687//717
f 682//718 687//718 688//718
f 682//719 688//719 689//719
f 682//720 446//720 660//720
f 682//721 660//721 690//721
f 682//722 690//722 691//722
f 682//723 691//723 692//723
f 682//724 692//724 693//724
f 682//725 693//725 694//725
f 682//726 694//726 695//726
f 682//727 695//727 696//727
f 682//728 696//728 697//728
f 682//729 697//729 698//729
f 682//730 698//730 699//730
f 682//731 699//731 700//731
f 682//732 700//732 701//732
f 682//733 701//733 683//733
f 702//734 689//734 703//734
f 702//735 703//735 704//735
f 702//736 704//736 705//736
f 702//737 705//737 706//737
f 702//738 706//738 707//738
f 702//739 707//739 708//739
f 702//740 708//740 709//740
f 702//741 709//741 710//741
f 702//742 710//742 680//742
f 702//743 682//743 689//743
f 702//744 679//744 711//744
f 702//745 711//745 712//745
f 702//746 712//746 713//746
f 702//747 713//747 714//747
f 702//748 714//748 715//748
f 702//749 715//749 716//749
f 702//750 716//750 717//750
f 702//751 717//751 718//751
f 702//752 718//752 719//752
f 702//753 658//753 427//753
f 702//754 719//754 720//754
f 702//755 720//755 721//755
f 702//756 721//756 722//756
f 702//757 722//757 723//757
f 702//758 723//758 724//758
f 702//759 724//759 725//759
f 702//760 725//760 726//760
f 702//761 726//761 727//761
f 702//762 727//762 728//762
f 702//763 728//763 729//763
f 702//764 729//764 730//764
f 702//765 730//765 731//765
f 702//766 731//766 732//766
f 702//767 732//767 733//767
f 702//768 733//768 734//768
f 702//769 734//769 735//769
f 702//770 735//770 736//770
f 702//771 736//771 737//771
f 702//772 737//772 738//772
f 702//773 738//773 658//773
f 702//774 427//774 265//774
f 702//775 680//775 679//775
f 739//776 740//776 741//776
f 739//777 702//777 740//777
f 742//778 743//778 744//778
f 745//779 742//779 744//779
f 746//780 702//780 739//780
f 746//781 739//781 747//781
f 748//782 745//782 744//782
f 749//783 744//783 682//783
f 749//784 748//784 744//784
f 750//785 749//785 682//785
f 751//786 752//786 753//786
f 751//787 746//787 752//787
f 754//788 702//788 746//788
f 754//789 746//789 751//789
f 754//790 682//790 702//790
f 755//791 756//791 750//791
f 755//792 757//792 756//792
f 755//793 750//793 682//793
f 758//794 755//794 682//794
f 759//795 754//795 760//795
f 761//796 758//796 682//796
f 762//797 754//797 759//797
f 763//798 764//798 761//798
f 765//799 754//799 762//799
f 765//800 762//800 766//800
f 765//801 682//801 754//801
f 765//802 761//802 682//802
f 767//803 763//803 761//803
f 767//804 761//804 765//804
f 767//805 768//805 763//805
f 767//806 765//806 769//806
f 442//807 770//807 771//807
f 442//808 443//808 770//808
f 443//809 772//809 770//809
f 443//810 445//810 772//810
f 772//811 445//811 773//811
f 445//812 444//812 773//812
f 444//813 774//813 773//813
f 444//814 681//814 774//814
f 775//815 682//815 776//815
f 446//816 682//816 775//816
f 682//817 744//817 776//817
f 776//818 744//818 777//818
f 777//819 743//819 778//819
f 744//820 743//820 777//820
f 778//821 742//821 779//821
f 743//822 742//822 778//822
f 779//823 745//823 780//823
f 742//824 745//824 779//824
f 780//825 748//825 781//825
f 745//826 748//826 780//826
f 781//827 749//827 782//827
f 748//828 749//828 781//828
f 782//829 750//829 783//829
f 749//830 750//830 782//830
f 783//831 756//831 784//831
f 784//832 756//832 785//832
f 750//833 756//833 783//833
f 756//834 757//834 785//834
f 785//835 755//835 786//835
f 757//836 755//836 785//836
f 786//837 758//837 787//837
f 755//838 758//838 786//838
f 787//839 761//839 788//839
f 758//840 761//840 787//840
f 788//841 764//841 789//841
f 761//842 764//842 788//842
f 789//843 763//843 790//843
f 764//844 763//844 789//844
f 790//845 768//845 791//845
f 763//846 768//846 790//846
f 791//847 767//847 792//847
f 768//848 767//848 791//848
f 792//849 769//849 793//849
f 793//850 769//850 794//850
f 767//851 769//851 792//851
f 769//852 765//852 794//852
f 794//853 766//853 795//853
f 765//854 766//854 794//854
f 795//855 762//855 796//855
f 766//856 762//856 795//856
f 796//857 759//857 797//857
f 762//858 759//858 796//858
f 797//859 760//859 798//859
f 798//860 760//860 799//860
f 759//861 760//861 797//861
f 760//862 754//862 799//862
f 754//863 751//863 799//863
f 799//864 751//864 800//864
f 800//865 751//865 801//865
f 751//866 753//866 801//866
f 801//867 752//867 802//867
f 802//868 752//868 803//868
f 753//869 752//869 801//869
f 752//870 746//870 803//870
f 803//871 747//871 804//871
f 746//872 747//872 803//872
f 804//873 739//873 805//873
f 805//874 739//874 806//874
f 747//875 739//875 804//875
f 806//876 741//876 807//876
f 739//877 741//877 806//877
f 741//878 740//878 807//878
f 807//879 702//879 808//879
f 740//880 702//880 807//880
f 702//881 265//881 809//881
f 702//882 809//882 808//882
f 265//883 263//883 809//883
f 809//884 263//884 810//884
f 810//885 264//885 811//885
f 263//886 264//886 810//886
f 811//887 262//887 812//887
f 264//888 262//888 811//888
f 812//889 260//889 813//889
f 262//890 260//890 812//890
f 813//891 261//891 814//891
f 260//892 261//892 813//892
f 814//893 259//893 815//893
f 261//894 259//894 814//894
f 815//895 257//895 816//895
f 259//896 257//896 815//896
f 816//897 258//897 817//897
f 257//898 258//898 816//898
f 258//899 256//899 817//899
f 817//900 256//900 818//900
f 818//901 253//901 819//901
f 256//902 253//902 818//902
f 819//903 255//903 820//903
f 253//904 255//904 819//904
f 820//905 254//905 821//905
f 255//906 254//906 820//906
f 821//907 247//907 822//907
f 254//908 247//908 821//908
f 822//909 248//909 823//909
f 247//910 248//910 822//910
f 823//911 243//911 824//911
f 248//912 243//912 823//912
f 824//913 240//913 825//913
f 243//914 240//914 824//914
f 825//915 241//915 826//915
f 240//916 241//916 825//916
f 826//917 216//917 827//917
f 241//918 216//918 826//918
f 827//919 211//919 828//919
f 216//920 211//920 827//920
f 828//921 212//921 829//921
f 211//922 212//922 828//922
f 829//923 204//923 830//923
f 212//924 204//924 829//924
f 830//925 200//925 831//925
f 204//926 200//926 830//926
f 831//927 195//927 832//927
f 200//928 195//928 831//928
f 832//929 196//929 833//929
f 833//930 196//930 834//930
f 195//931 196//931 832//931
f 196//932 187//932 834//932
f 834//933 182//933 835//933
f 835//934 182//934 836//934
f 187//935 182//935 834//935
f 182//936 183//936 836//936
f 836//937 174//937 837//937
f 183//938 174//938 836//938
f 837//939 166//939 838//939
f 174//940 166//940 837//940
f 838//941 168//941 839//941
f 839//942 168//942 840//942
f 166//943 168//943 838//943
f 168//944 167//944 840//944
f 840//945 169//945 841//945
f 167//946 169//946 840//946
f 169//947 53//947 842//947
f 169//948 842//948 841//948
f 52//949 843//949 844//949
f 52//950 51//950 843//950
f 843//951 51//951 845//951
f 51//952 50//952 845//952
f 845//953 49//953 846//953
f 50//954 49//954 845//954
f 49//955 847//955 846//955
f 49//956 54//956 847//956
f 131//957 130//957 848//957
f 131//958 848//958 849//958
f 132//959 849//959 850//959
f 132//960 131//960 849//960
f 133//961 850//961 851//961
f 133//962 132//962 850//962
f 134//963 851//963 852//963
f 134//964 133//964 851//964
f 135//965 852//965 853//965
f 135//966 134//966 852//966
f 429//967 853//967 854//967
f 429//968 854//968 855//968
f 429//969 135//969 853//969
f 430//970 429//970 855//970
f 431//971 855//971 856//971
f 431//972 430//972 855//972
f 432//973 856//973 857//973
f 432//974 431//974 856//974
f 433//975 857//975 858//975
f 433//976 432//976 857//976
f 434//977 433//977 858//977
f 434//978 858//978 859//978
f 435//979 434//979 859//979
f 435//980 859//980 860//980
f 436//981 435//981 860//981
f 436//982 860//982 861//982
f 436//983 861//983 862//983
f 437//984 436//984 862//984
f 437//985 862//985 863//985
f 277//986 437//986 863//986
f 278//987 277//987 863//987
f 278//988 863//988 864//988
f 278//989 864//989 865//989
f 279//990 278//990 865//990
f 280//991 865//991 866//991
f 280//992 279//992 865//992
f 281//993 866//993 867//993
f 281//994 280//994 866//994
f 282//995 867//995 868//995
f 282//996 281//996 867//996
f 283//997 868//997 869//997
f 283//998 282//998 868//998
f 284//999 869//999 870//999
f 284//1000 283//1000 869//1000
f 285//1001 870//1001 871//1001
f 285//1002 284//1002 870//1002
f 286//1003 871//1003 872//1003
f 286//1004 285//1004 871//1004
f 287//1005 872//1005 873//1005
f 287//1006 286//1006 872//1006
f 288//1007 873//1007 874//1007
f 288//1008 287//1008 873//1008
f 289//1009 874//1009 875//1009
f 289//1010 288//1010 874//1010
f 290//1011 875//1011 876//1011
f 290//1012 289//1012 875//1012
f 291//1013 876//1013 877//1013
f 291//1014 290//1014 876//1014
f 292//1015 877//1015 878//1015
f 292//1016 291//1016 877//1016
f 293//1017 878//1017 879//1017
f 293//1018 292//1018 878//1018
f 222//1019 879//1019 880//1019
f 222//1020 293//1020 879//1020
f 223//1021 880//1021 881//1021
f 223//1022 881//1022 882//1022
f 223//1023 222//1023 880//1023
f 224//1024 223//1024 882//1024
f 225//1025 882//1025 883//1025
f 225//1026 224//1026 882//1026
f 226//1027 883//1027 884//1027
f 226//1028 225//1028 883//1028
f 227//1029 884//1029 885//1029
f 227//1030 226//1030 884//1030
f 228//1031 227//1031 885//1031
f 228//1032 885//1032 886//1032
f 228//1033 886//1033 887//1033
f 229//1034 228//1034 887//1034
f 230//1035 229//1035 887//1035
f 230//1036 887//1036 888//1036
f 231//1037 230//1037 888//1037
f 231//1038 888//1038 889//1038
f 232//1039 231//1039 889//1039
f 232//1040 889//1040 890//1040
f 233//1041 232//1041 890//1041
f 233//1042 890//1042 891//1042
f 234//1043 233//1043 891//1043
f 234//1044 891//1044 892//1044
f 235//1045 234//1045 892//1045
f 235//1046 892//1046 893//1046
f 236//1047 235//1047 893//1047
f 236//1048 893//1048 894//1048
f 237//1049 236//1049 894//1049
f 237//1050 894//1050 895//1050
f 117//1051 895//1051 896//1051
f 117//1052 237//1052 895//1052
f 118//1053 896//1053 897//1053
f 118//1054 117//1054 896//1054
f 119//1055 897//1055 898//1055
f 119//1056 118//1056 897//1056
f 120//1057 898//1057 899//1057
f 120//1058 119//1058 898//1058
f 121//1059 899//1059 900//1059
f 121//1060 900//1060 901//1060
f 121//1061 120//1061 899//1061
f 122//1062 121//1062 901//1062
f 123//1063 901//1063 902//1063
f 123//1064 122//1064 901//1064
f 124//1065 902//1065 903//1065
f 124//1066 123//1066 902//1066
f 125//1067 903//1067 904//1067
f 125//1068 124//1068 903//1068
f 126//1069 904//1069 905//1069
f 126//1070 125//1070 904//1070
f 98//1071 905//1071 906//1071
f 98//1072 126//1072 905//1072
f 96//1073 906//1073 907//1073
f 96//1074 98//1074 906//1074
f 92//1075 907//1075 908//1075
f 92//1076 96//1076 907//1076
f 91//1077 908//1077 909//1077
f 91//1078 92//1078 908//1078
f 90//1079 91//1079 909//1079
f 90//1080 909//1080 910//1080
f 88//1081 90//1081 910//1081
f 88//1082 910//1082 911//1082
f 86//1083 88//1083 911//1083
f 86//1084 911//1084 912//1084
f 84//1085 86//1085 912//1085
f 84//1086 912//1086 913//1086
f 82//1087 84//1087 913//1087
f 82//1088 913//1088 914//1088
f 80//1089 82//1089 914//1089
f 80//1090 914//1090 915//1090
f 78//1091 80//1091 915//1091
f 78//1092 915//1092 916//1092
f 76//1093 78//1093 916//1093
f 76//1094 916//1094 917//1094
f 74//1095 76//1095 917//1095
f 74//1096 917//1096 918//1096
f 72//1097 74//1097 918//1097
f 72//1098 918//1098 919//1098
f 69//1099 72//1099 919//1099
f 69//1100 919//1100 920//1100
f 67//1101 69//1101 920//1101
f 67//1102 920//1102 921//1102
f 65//1103 67//1103 921//1103
f 65//1104 921//1104 922//1104
f 63//1105 65//1105 922//1105
f 63//1106 922//1106 923//1106
f 61//1107 63//1107 923//1107
f 61//1108 923//1108 924//1108
f 59//1109 61//1109 924//1109
f 59//1110 924//1110 925//1110
f 56//1111 59//1111 925//1111
f 56//1112 925//1112 1474//1112
f 57//1113 56//1113 1474//1113
f 57//1114 1474//1114 1473//1114
f 58//1115 57//1115 1473//1115
f 58//1116 1473//1116 1475//1116
f 60//1117 58//1117 1475//1117
f 60//1118 1475//1118 1476//1118
f 62//1119 60//1119 1476//1119
f 62//1120 1476//1120 926//1120
f 64//1121 926//1121 1477//1121
f 64//1122 62//1122 926//1122
f 66//1123 1477//1123 1478//1123
f 66//1124 64//1124 1477//1124
f 68//1125 1478//1125 1479//1125
f 68//1126 66//1126 1478//1126
f 71//1127 1479//1127 927//1127
f 71//1128 68//1128 1479//1128
f 73//1129 927//1129 1480//1129
f 73//1130 71//1130 927//1130
f 75//1131 73//1131 1480//1131
f 75//1132 1480//1132 928//1132
f 77//1133 75//1133 928//1133
f 77//1134 928//1134 929//1134
f 79//1135 77//1135 929//1135
f 79//1136 929//1136 930//1136
f 81//1137 79//1137 930//1137
f 81//1138 930//1138 931//1138
f 83//1139 81//1139 931//1139
f 83//1140 931//1140 1481//1140
f 85//1141 83//1141 1481//1141
f 85//1142 1481//1142 1482//1142
f 87//1143 85//1143 1482//1143
f 87//1144 1482//1144 1483//1144
f 89//1145 87//1145 1483//1145
f 89//1146 1483//1146 932//1146
f 95//1147 89//1147 932//1147
f 95//1148 932//1148 1486//1148
f 93//1149 95//1149 1486//1149
f 93//1150 1486//1150 1484//1150
f 94//1151 93//1151 1484//1151
f 94//1152 1484//1152 1485//1152
f 97//1153 94//1153 1485//1153
f 97//1154 1485//1154 933//1154
f 99//1155 933//1155 1487//1155
f 99//1156 97//1156 933//1156
f 100//1157 1487//1157 934//1157
f 100//1158 99//1158 1487//1158
f 101//1159 934//1159 1488//1159
f 101//1160 100//1160 934//1160
f 102//1161 1488//1161 1489//1161
f 102//1162 101//1162 1488//1162
f 103//1163 1489//1163 935//1163
f 103//1164 102//1164 1489//1164
f 104//1165 935//1165 936//1165
f 104//1166 103//1166 935//1166
f 105//1167 936//1167 937//1167
f 105//1168 104//1168 936//1168
f 106//1169 937//1169 938//1169
f 106//1170 105//1170 937//1170
f 107//1171 938//1171 939//1171
f 107//1172 106//1172 938//1172
f 108//1173 939//1173 940//1173
f 108//1174 107//1174 939//1174
f 109//1175 940//1175 1490//1175
f 109//1176 108//1176 940//1176
f 110//1177 1490//1177 941//1177
f 110//1178 109//1178 1490//1178
f 111//1179 941//1179 942//1179
f 111//1180 110//1180 941//1180
f 112//1181 111//1181 942//1181
f 112//1182 942//1182 943//1182
f 113//1183 112//1183 943//1183
f 113//1184 943//1184 944//1184
f 114//1185 113//1185 944//1185
f 114//1186 944//1186 945//1186
f 115//1187 114//1187 945//1187
f 115//1188 945//1188 946//1188
f 127//1189 946//1189 947//1189
f 127//1190 115//1190 946//1190
f 128//1191 947//1191 948//1191
f 128//1192 127//1192 947//1192
f 129//1193 948//1193 949//1193
f 129//1194 128//1194 948//1194
f 136//1195 949//1195 950//1195
f 136//1196 129//1196 949//1196
f 137//1197 950//1197 951//1197
f 137//1198 136//1198 950//1198
f 138//1199 951//1199 952//1199
f 138//1200 137//1200 951//1200
f 139//1201 952//1201 953//1201
f 139//1202 138//1202 952//1202
f 140//1203 953//1203 954//1203
f 140//1204 139//1204 953//1204
f 141//1205 954//1205 955//1205
f 141//1206 140//1206 954//1206
f 130//1207 955//1207 848//1207
f 130//1208 141//1208 955//1208
f 221//1209 956//1209 957//1209
f 221//1210 275//1210 956//1210
f 275//1211 958//1211 956//1211
f 275//1212 439//1212 958//1212
f 958//1213 276//1213 959//1213
f 439//1214 276//1214 958//1214
f 428//1215 960//1215 961//1215
f 428//1216 438//1216 960//1216
f 438//1217 962//1217 960//1217
f 438//1218 447//1218 962//1218
f 962//1219 441//1219 963//1219
f 447//1220 441//1220 962//1220
f 70//1221 964//1221 965//1221
f 70//1222 189//1222 964//1222
f 964//1223 116//1223 966//1223
f 189//1224 116//1224 964//1224
f 669//1225 667//1225 967//1225
f 669//1226 967//1226 968//1226
f 671//1227 968//1227 969//1227
f 671//1228 669//1228 968//1228
f 673//1229 969//1229 970//1229
f 673//1230 671//1230 969//1230
f 675//1231 970//1231 971//1231
f 675//1232 673//1232 970//1232
f 677//1233 971//1233 972//1233
f 677//1234 675//1234 971//1234
f 679//1235 972//1235 973//1235
f 679//1236 973//1236 974//1236
f 679//1237 677//1237 972//1237
f 711//1238 679//1238 974//1238
f 712//1239 974//1239 975//1239
f 712//1240 711//1240 974//1240
f 713//1241 975//1241 976//1241
f 713//1242 712//1242 975//1242
f 714//1243 976//1243 977//1243
f 714//1244 713//1244 976//1244
f 715//1245 714//1245 977//1245
f 715//1246 977//1246 978//1246
f 716//1247 715//1247 978//1247
f 716//1248 978//1248 979//1248
f 717//1249 716//1249 979//1249
f 717//1250 979//1250 980//1250
f 717//1251 980//1251 981//1251
f 718//1252 717//1252 981//1252
f 718//1253 981//1253 982//1253
f 719//1254 718//1254 982//1254
f 720//1255 719//1255 982//1255
f 720//1256 982//1256 983//1256
f 720//1257 983//1257 984//1257
f 721//1258 720//1258 984//1258
f 722//1259 984//1259 985//1259
f 722//1260 721//1260 984//1260
f 723//1261 985//1261 986//1261
f 723//1262 722//1262 985//1262
f 724//1263 986//1263 987//1263
f 724//1264 723//1264 986//1264
f 725//1265 987//1265 988//1265
f 725//1266 724//1266 987//1266
f 726//1267 988//1267 989//1267
f 726//1268 725//1268 988//1268
f 727//1269 989//1269 990//1269
f 727//1270 726//1270 989//1270
f 728//1271 990//1271 991//1271
f 728//1272 727//1272 990//1272
f 729//1273 991//1273 992//1273
f 729//1274 728//1274 991//1274
f 730//1275 992//1275 993//1275
f 730//1276 729//1276 992//1276
f 731//1277 993//1277 994//1277
f 731//1278 730//1278 993//1278
f 732//1279 994//1279 995//1279
f 732//1280 731//1280 994//1280
f 733//1281 995//1281 996//1281
f 733//1282 732//1282 995//1282
f 734//1283 996//1283 997//1283
f 734//1284 733//1284 996//1284
f 735//1285 997//1285 998//1285
f 735//1286 734//1286 997//1286
f 736//1287 998//1287 999//1287
f 736//1288 735//1288 998//1288
f 737//1289 999//1289 1000//1289
f 737//1290 1000//1290 1001//1290
f 737//1291 736//1291 999//1291
f 738//1292 737//1292 1001//1292
f 658//1293 1001//1293 1002//1293
f 658//1294 738//1294 1001//1294
f 655//1295 1002//1295 1003//1295
f 655//1296 658//1296 1002//1296
f 650//1297 1003//1297 1004//1297
f 650//1298 655//1298 1003//1298
f 643//1299 650//1299 1004//1299
f 643//1300 1004//1300 1005//1300
f 643//1301 1005//1301 1006//1301
f 639//1302 643//1302 1006//1302
f 634//1303 639//1303 1006//1303
f 634//1304 1006//1304 1007//1304
f 629//1305 634//1305 1007//1305
f 629//1306 1007//1306 1008//1306
f 623//1307 629//1307 1008//1307
f 623//1308 1008//1308 1009//1308
f 618//1309 623//1309 1009//1309
f 618//1310 1009//1310 1010//1310
f 615//1311 618//1311 1010//1311
f 615//1312 1010//1312 1011//1312
f 608//1313 615//1313 1011//1313
f 608//1314 1011//1314 1012//1314
f 604//1315 608//1315 1012//1315
f 604//1316 1012//1316 1013//1316
f 600//1317 604//1317 1013//1317
f 600//1318 1013//1318 1014//1318
f 594//1319 1014//1319 1015//1319
f 594//1320 600//1320 1014//1320
f 588//1321 1015//1321 1016//1321
f 588//1322 594//1322 1015//1322
f 584//1323 1016//1323 1017//1323
f 584//1324 588//1324 1016//1324
f 578//1325 1017//1325 1018//1325
f 578//1326 584//1326 1017//1326
f 574//1327 1018//1327 1019//1327
f 574//1328 1019//1328 1020//1328
f 574//1329 578//1329 1018//1329
f 570//1330 574//1330 1020//1330
f 563//1331 1020//1331 1021//1331
f 563//1332 570//1332 1020//1332
f 558//1333 1021//1333 1022//1333
f 558//1334 563//1334 1021//1334
f 554//1335 1022//1335 1023//1335
f 554//1336 558//1336 1022//1336
f 549//1337 1023//1337 1024//1337
f 549//1338 554//1338 1023//1338
f 543//1339 1024//1339 1025//1339
f 543//1340 549//1340 1024//1340
f 539//1341 1025//1341 1026//1341
f 539//1342 543//1342 1025//1342
f 534//1343 1026//1343 1027//1343
f 534//1344 539//1344 1026//1344
f 530//1345 1027//1345 1028//1345
f 530//1346 534//1346 1027//1346
f 524//1347 530//1347 1028//1347
f 524//1348 1028//1348 1029//1348
f 519//1349 524//1349 1029//1349
f 519//1350 1029//1350 1030//1350
f 514//1351 519//1351 1030//1351
f 514//1352 1030//1352 1031//1352
f 509//1353 514//1353 1031//1353
f 509//1354 1031//1354 1032//1354
f 504//1355 509//1355 1032//1355
f 504//1356 1032//1356 1033//1356
f 499//1357 504//1357 1033//1357
f 499//1358 1033//1358 1034//1358
f 494//1359 499//1359 1034//1359
f 494//1360 1034//1360 1035//1360
f 489//1361 494//1361 1035//1361
f 489//1362 1035//1362 1036//1362
f 485//1363 489//1363 1036//1363
f 485//1364 1036//1364 1037//1364
f 478//1365 485//1365 1037//1365
f 478//1366 1037//1366 1038//1366
f 474//1367 478//1367 1038//1367
f 474//1368 1038//1368 1039//1368
f 470//1369 474//1369 1039//1369
f 470//1370 1039//1370 1040//1370
f 467//1371 470//1371 1040//1371
f 467//1372 1040//1372 1041//1372
f 462//1373 467//1373 1041//1373
f 462//1374 1041//1374 1042//1374
f 459//1375 462//1375 1042//1375
f 459//1376 1042//1376 1043//1376
f 454//1377 459//1377 1043//1377
f 454//1378 1043//1378 1044//1378
f 450//1379 454//1379 1044//1379
f 450//1380 1044//1380 1045//1380
f 451//1381 450//1381 1045//1381
f 451//1382 1045//1382 1046//1382
f 453//1383 451//1383 1046//1383
f 453//1384 1046//1384 1047//1384
f 456//1385 453//1385 1047//1385
f 456//1386 1047//1386 1048//1386
f 460//1387 456//1387 1048//1387
f 460//1388 1048//1388 1049//1388
f 465//1389 1049//1389 1050//1389
f 465//1390 460//1390 1049//1390
f 468//1391 1050//1391 1051//1391
f 468//1392 465//1392 1050//1392
f 473//1393 1051//1393 1052//1393
f 473//1394 468//1394 1051//1394
f 476//1395 1052//1395 1053//1395
f 476//1396 473//1396 1052//1396
f 483//1397 1053//1397 1054//1397
f 483//1398 476//1398 1053//1398
f 488//1399 483//1399 1054//1399
f 488//1400 1054//1400 1055//1400
f 492//1401 488//1401 1055//1401
f 492//1402 1055//1402 1056//1402
f 497//1403 492//1403 1056//1403
f 497//1404 1056//1404 1057//1404
f 502//1405 497//1405 1057//1405
f 502//1406 1057//1406 1058//1406
f 507//1407 502//1407 1058//1407
f 507//1408 1058//1408 1059//1408
f 511//1409 507//1409 1059//1409
f 511//1410 1059//1410 1060//1410
f 517//1411 511//1411 1060//1411
f 517//1412 1060//1412 1061//1412
f 522//1413 517//1413 1061//1413
f 522//1414 1061//1414 1062//1414
f 527//1415 522//1415 1062//1415
f 527//1416 1062//1416 1063//1416
f 532//1417 527//1417 1063//1417
f 532//1418 1063//1418 1064//1418
f 537//1419 532//1419 1064//1419
f 537//1420 1064//1420 1065//1420
f 541//1421 537//1421 1065//1421
f 541//1422 1065//1422 1066//1422
f 548//1423 1066//1423 1067//1423
f 548//1424 541//1424 1066//1424
f 552//1425 1067//1425 1068//1425
f 552//1426 548//1426 1067//1426
f 556//1427 1068//1427 1069//1427
f 556//1428 552//1428 1068//1428
f 562//1429 1069//1429 1070//1429
f 562//1430 556//1430 1069//1430
f 567//1431 1070//1431 1071//1431
f 567//1432 562//1432 1070//1432
f 571//1433 1071//1433 1072//1433
f 571//1434 567//1434 1071//1434
f 577//1435 1072//1435 1073//1435
f 577//1436 571//1436 1072//1436
f 583//1437 1073//1437 1074//1437
f 583//1438 577//1438 1073//1438
f 586//1439 1074//1439 1075//1439
f 586//1440 583//1440 1074//1440
f 591//1441 1075//1441 1076//1441
f 591//1442 586//1442 1075//1442
f 597//1443 1076//1443 1077//1443
f 597//1444 591//1444 1076//1444
f 602//1445 1077//1445 1078//1445
f 602//1446 597//1446 1077//1446
f 607//1447 1078//1447 1079//1447
f 607//1448 602//1448 1078//1448
f 613//1449 607//1449 1079//1449
f 613//1450 1079//1450 1080//1450
f 617//1451 613//1451 1080//1451
f 617//1452 1080//1452 1081//1452
f 621//1453 617//1453 1081//1453
f 621//1454 1081//1454 1082//1454
f 627//1455 621//1455 1082//1455
f 627//1456 1082//1456 1083//1456
f 632//1457 1083//1457 1084//1457
f 632//1458 627//1458 1083//1458
f 638//1459 1084//1459 1085//1459
f 638//1460 632//1460 1084//1460
f 642//1461 1085//1461 1086//1461
f 642//1462 638//1462 1085//1462
f 648//1463 1086//1463 1087//1463
f 648//1464 642//1464 1086//1464
f 652//1465 1087//1465 1088//1465
f 652//1466 648//1466 1087//1466
f 657//1467 1088//1467 1089//1467
f 657//1468 652//1468 1088//1468
f 661//1469 1089//1469 1090//1469
f 661//1470 657//1470 1089//1470
f 663//1471 1090//1471 1091//1471
f 663//1472 661//1472 1090//1472
f 665//1473 1091//1473 1092//1473
f 665//1474 663//1474 1091//1474
f 667//1475 1092//1475 967//1475
f 667//1476 665//1476 1092//1476
f 520//1477 516//1477 1093//1477
f 520//1478 1093//1478 1094//1478
f 525//1479 1094//1479 1095//1479
f 525//1480 520//1480 1094//1480
f 531//1481 1095//1481 1096//1481
f 531//1482 525//1482 1095//1482
f 540//1483 1096//1483 1097//1483
f 540//1484 531//1484 1096//1484
f 544//1485 1097//1485 1098//1485
f 544//1486 540//1486 1097//1486
f 545//1487 1098//1487 1099//1487
f 545//1488 1099//1488 1100//1488
f 545//1489 544//1489 1098//1489
f 550//1490 545//1490 1100//1490
f 559//1491 1100//1491 1101//1491
f 559//1492 550//1492 1100//1492
f 564//1493 1101//1493 1102//1493
f 564//1494 559//1494 1101//1494
f 565//1495 1102//1495 1103//1495
f 565//1496 564//1496 1102//1496
f 575//1497 565//1497 1103//1497
f 575//1498 1103//1498 1104//1498
f 579//1499 575//1499 1104//1499
f 579//1500 1104//1500 1105//1500
f 580//1501 579//1501 1105//1501
f 580//1502 1105//1502 1106//1502
f 580//1503 1106//1503 1107//1503
f 589//1504 580//1504 1107//1504
f 589//1505 1107//1505 1108//1505
f 595//1506 589//1506 1108//1506
f 596//1507 595//1507 1108//1507
f 596//1508 1108//1508 1109//1508
f 596//1509 1109//1509 1110//1509
f 605//1510 596//1510 1110//1510
f 609//1511 1110//1511 1111//1511
f 609//1512 605//1512 1110//1512
f 610//1513 1111//1513 1112//1513
f 610//1514 609//1514 1111//1514
f 619//1515 1112//1515 1113//1515
f 619//1516 610//1516 1112//1516
f 624//1517 1113//1517 1114//1517
f 624//1518 619//1518 1113//1518
f 625//1519 1114//1519 1115//1519
f 625//1520 624//1520 1114//1520
f 635//1521 1115//1521 1116//1521
f 635//1522 625//1522 1115//1522
f 636//1523 1116//1523 1117//1523
f 636//1524 635//1524 1116//1524
f 644//1525 1117//1525 1118//1525
f 644//1526 636//1526 1117//1526
f 645//1527 1118//1527 1119//1527
f 645//1528 644//1528 1118//1528
f 651//1529 1119//1529 1120//1529
f 651//1530 645//1530 1119//1530
f 427//1531 1120//1531 1121//1531
f 427//1532 651//1532 1120//1532
f 426//1533 1121//1533 1122//1533
f 426//1534 427//1534 1121//1534
f 425//1535 1122//1535 1123//1535
f 425//1536 426//1536 1122//1536
f 424//1537 1123//1537 1124//1537
f 424//1538 425//1538 1123//1538
f 423//1539 1124//1539 1125//1539
f 423//1540 424//1540 1124//1540
f 422//1541 1125//1541 1126//1541
f 422//1542 1126//1542 1127//1542
f 422//1543 423//1543 1125//1543
f 421//1544 422//1544 1127//1544
f 420//1545 1127//1545 1128//1545
f 420//1546 421//1546 1127//1546
f 419//1547 1128//1547 1129//1547
f 419//1548 420//1548 1128//1548
f 418//1549 1129//1549 1130//1549
f 418//1550 419//1550 1129//1550
f 417//1551 418//1551 1130//1551
f 417//1552 1130//1552 1131//1552
f 417//1553 1131//1553 1132//1553
f 416//1554 417//1554 1132//1554
f 415//1555 416//1555 1132//1555
f 415//1556 1132//1556 1133//1556
f 413//1557 415//1557 1133//1557
f 413//1558 1133//1558 1134//1558
f 411//1559 413//1559 1134//1559
f 411//1560 1134//1560 1135//1560
f 409//1561 411//1561 1135//1561
f 409//1562 1135//1562 1136//1562
f 407//1563 409//1563 1136//1563
f 407//1564 1136//1564 1137//1564
f 405//1565 407//1565 1137//1565
f 405//1566 1137//1566 1138//1566
f 403//1567 405//1567 1138//1567
f 403//1568 1138//1568 1139//1568
f 401//1569 403//1569 1139//1569
f 401//1570 1139//1570 1140//1570
f 399//1571 1140//1571 1141//1571
f 399//1572 401//1572 1140//1572
f 397//1573 1141//1573 1142//1573
f 397//1574 399//1574 1141//1574
f 395//1575 1142//1575 1143//1575
f 395//1576 397//1576 1142//1576
f 393//1577 1143//1577 1144//1577
f 393//1578 395//1578 1143//1578
f 391//1579 1144//1579 1145//1579
f 391//1580 1145//1580 1146//1580
f 391//1581 393//1581 1144//1581
f 389//1582 391//1582 1146//1582
f 387//1583 1146//1583 1147//1583
f 387//1584 389//1584 1146//1584
f 385//1585 1147//1585 1148//1585
f 385//1586 387//1586 1147//1586
f 383//1587 1148//1587 1149//1587
f 383//1588 385//1588 1148//1588
f 381//1589 1149//1589 1150//1589
f 381//1590 383//1590 1149//1590
f 377//1591 1150//1591 1151//1591
f 377//1592 381//1592 1150//1592
f 373//1593 1151//1593 1152//1593
f 373//1594 377//1594 1151//1594
f 369//1595 1152//1595 1153//1595
f 369//1596 373//1596 1152//1596
f 365//1597 1153//1597 1154//1597
f 365//1598 369//1598 1153//1598
f 361//1599 365//1599 1154//1599
f 361//1600 1154//1600 1155//1600
f 357//1601 361//1601 1155//1601
f 357//1602 1155//1602 1156//1602
f 353//1603 357//1603 1156//1603
f 353//1604 1156//1604 1157//1604
f 349//1605 353//1605 1157//1605
f 349//1606 1157//1606 1158//1606
f 345//1607 349//1607 1158//1607
f 345//1608 1158//1608 1159//1608
f 341//1609 345//1609 1159//1609
f 341//1610 1159//1610 1160//1610
f 337//1611 341//1611 1160//1611
f 337//1612 1160//1612 1161//1612
f 333//1613 337//1613 1161//1613
f 333//1614 1161//1614 1162//1614
f 329//1615 333//1615 1162//1615
f 329//1616 1162//1616 1163//1616
f 325//1617 329//1617 1163//1617
f 325//1618 1163//1618 1164//1618
f 321//1619 325//1619 1164//1619
f 321//1620 1164//1620 1165//1620
f 317//1621 321//1621 1165//1621
f 317//1622 1165//1622 1166//1622
f 313//1623 317//1623 1166//1623
f 313//1624 1166//1624 1167//1624
f 309//1625 313//1625 1167//1625
f 309//1626 1167//1626 1168//1626
f 305//1627 309//1627 1168//1627
f 305//1628 1168//1628 1169//1628
f 301//1629 305//1629 1169//1629
f 301//1630 1169//1630 1170//1630
f 297//1631 301//1631 1170//1631
f 297//1632 1170//1632 1171//1632
f 294//1633 297//1633 1171//1633
f 294//1634 1171//1634 1172//1634
f 299//1635 294//1635 1172//1635
f 299//1636 1172//1636 1173//1636
f 303//1637 299//1637 1173//1637
f 303//1638 1173//1638 1174//1638
f 307//1639 303//1639 1174//1639
f 307//1640 1174//1640 1175//1640
f 311//1641 1175//1641 1176//1641
f 311//1642 307//1642 1175//1642
f 315//1643 1176//1643 1177//1643
f 315//1644 311//1644 1176//1644
f 319//1645 1177//1645 1178//1645
f 319//1646 315//1646 1177//1646
f 323//1647 1178//1647 1179//1647
f 323//1648 319//1648 1178//1648
f 327//1649 1179//1649 1180//1649
f 327//1650 323//1650 1179//1650
f 331//1651 327//1651 1180//1651
f 331//1652 1180//1652 1181//1652
f 335//1653 331//1653 1181//1653
f 335//1654 1181//1654 1182//1654
f 339//1655 335//1655 1182//1655
f 339//1656 1182//1656 1183//1656
f 343//1657 339//1657 1183//1657
f 343//1658 1183//1658 1184//1658
f 347//1659 343//1659 1184//1659
f 347//1660 1184//1660 1185//1660
f 351//1661 347//1661 1185//1661
f 351//1662 1185//1662 1186//1662
f 355//1663 351//1663 1186//1663
f 355//1664 1186//1664 1187//1664
f 359//1665 355//1665 1187//1665
f 359//1666 1187//1666 1188//1666
f 363//1667 359//1667 1188//1667
f 363//1668 1188//1668 1189//1668
f 367//1669 363//1669 1189//1669
f 367//1670 1189//1670 1190//1670
f 371//1671 367//1671 1190//1671
f 371//1672 1190//1672 1191//1672
f 375//1673 371//1673 1191//1673
f 375//1674 1191//1674 1192//1674
f 379//1675 1192//1675 1193//1675
f 379//1676 375//1676 1192//1676
f 382//1677 1193//1677 1194//1677
f 382//1678 379//1678 1193//1678
f 384//1679 1194//1679 1195//1679
f 384//1680 382//1680 1194//1680
f 386//1681 1195//1681 1196//1681
f 386//1682 384//1682 1195//1682
f 388//1683 1196//1683 1197//1683
f 388//1684 386//1684 1196//1684
f 390//1685 1197//1685 1198//1685
f 390//1686 388//1686 1197//1686
f 392//1687 1198//1687 1199//1687
f 392//1688 390//1688 1198//1688
f 394//1689 1199//1689 1200//1689
f 394//1690 392//1690 1199//1690
f 396//1691 1200//1691 1201//1691
f 396//1692 394//1692 1200//1692
f 398//1693 1201//1693 1202//1693
f 398//1694 396//1694 1201//1694
f 400//1695 1202//1695 1203//1695
f 400//1696 398//1696 1202//1696
f 402//1697 1203//1697 1204//1697
f 402//1698 400//1698 1203//1698
f 404//1699 1204//1699 1205//1699
f 404//1700 402//1700 1204//1700
f 406//1701 404//1701 1205//1701
f 406//1702 1205//1702 1206//1702
f 408//1703 406//1703 1206//1703
f 408//1704 1206//1704 1207//1704
f 410//1705 408//1705 1207//1705
f 410//1706 1207//1706 1208//1706
f 412//1707 410//1707 1208//1707
f 412//1708 1208//1708 1209//1708
f 414//1709 1209//1709 1210//1709
f 414//1710 412//1710 1209//1710
f 479//1711 1210//1711 1211//1711
f 479//1712 414//1712 1210//1712
f 480//1713 1211//1713 1212//1713
f 480//1714 479//1714 1211//1714
f 486//1715 1212//1715 1213//1715
f 486//1716 480//1716 1212//1716
f 495//1717 1213//1717 1214//1717
f 495//1718 486//1718 1213//1718
f 500//1719 1214//1719 1215//1719
f 500//1720 495//1720 1214//1720
f 505//1721 1215//1721 1216//1721
f 505//1722 500//1722 1215//1722
f 510//1723 1216//1723 1217//1723
f 510//1724 505//1724 1216//1724
f 515//1725 1217//1725 1218//1725
f 515//1726 510//1726 1217//1726
f 516//1727 1218//1727 1093//1727
f 516//1728 515//1728 1218//1728
f 693//1729 692//1729 1219//1729
f 693//1730 1219//1730 1220//1730
f 694//1731 1220//1731 1221//1731
f 694//1732 693//1732 1220//1732
f 695//1733 1221//1733 1222//1733
f 695//1734 694//1734 1221//1734
f 696//1735 1222//1735 1223//1735
f 696//1736 695//1736 1222//1736
f 697//1737 1223//1737 1224//1737
f 697//1738 696//1738 1223//1738
f 698//1739 1224//1739 1225//1739
f 698//1740 1225//1740 1226//1740
f 698//1741 697//1741 1224//1741
f 699//1742 698//1742 1226//1742
f 700//1743 1226//1743 1227//1743
f 700//1744 699//1744 1226//1744
f 701//1745 1227//1745 1228//1745
f 701//1746 700//1746 1227//1746
f 683//1747 1228//1747 1229//1747
f 683//1748 701//1748 1228//1748
f 684//1749 683//1749 1229//1749
f 684//1750 1229//1750 1230//1750
f 685//1751 684//1751 1230//1751
f 685//1752 1230//1752 1231//1752
f 686//1753 685//1753 1231//1753
f 686//1754 1231//1754 1232//1754
f 686//1755 1232//1755 1233//1755
f 687//1756 686//1756 1233//1756
f 687//1757 1233//1757 1234//1757
f 688//1758 687//1758 1234//1758
f 689//1759 688//1759 1234//1759
f 689//1760 1234//1760 1235//1760
f 689//1761 1235//1761 1236//1761
f 703//1762 689//1762 1236//1762
f 704//1763 1236//1763 1237//1763
f 704//1764 703//1764 1236//1764
f 705//1765 1237//1765 1238//1765
f 705//1766 704//1766 1237//1766
f 706//1767 1238//1767 1239//1767
f 706//1768 705//1768 1238//1768
f 707//1769 1239//1769 1240//1769
f 707//1770 706//1770 1239//1770
f 708//1771 1240//1771 1241//1771
f 708//1772 707//1772 1240//1772
f 709//1773 1241//1773 1242//1773
f 709//1774 708//1774 1241//1774
f 710//1775 1242//1775 1243//1775
f 710//1776 709//1776 1242//1776
f 680//1777 1243//1777 1244//1777
f 680//1778 710//1778 1243//1778
f 678//1779 1244//1779 1245//1779
f 678//1780 680//1780 1244//1780
f 676//1781 1245//1781 1246//1781
f 676//1782 678//1782 1245//1782
f 674//1783 1246//1783 1247//1783
f 674//1784 676//1784 1246//1784
f 672//1785 1247//1785 1248//1785
f 672//1786 674//1786 1247//1786
f 670//1787 1248//1787 1249//1787
f 670//1788 672//1788 1248//1788
f 668//1789 1249//1789 1250//1789
f 668//1790 670//1790 1249//1790
f 666//1791 1250//1791 1251//1791
f 666//1792 668//1792 1250//1792
f 664//1793 1251//1793 1252//1793
f 664//1794 1252//1794 1253//1794
f 664//1795 666//1795 1251//1795
f 662//1796 664//1796 1253//1796
f 659//1797 1253//1797 1254//1797
f 659//1798 662//1798 1253//1798
f 654//1799 1254//1799 1255//1799
f 654//1800 659//1800 1254//1800
f 649//1801 1255//1801 1256//1801
f 649//1802 654//1802 1255//1802
f 646//1803 649//1803 1256//1803
f 646//1804 1256//1804 1257//1804
f 646//1805 1257//1805 1258//1805
f 640//1806 646//1806 1258//1806
f 633//1807 640//1807 1258//1807
f 633//1808 1258//1808 1259//1808
f 630//1809 633//1809 1259//1809
f 630//1810 1259//1810 1260//1810
f 626//1811 630//1811 1260//1811
f 626//1812 1260//1812 1261//1812
f 620//1813 626//1813 1261//1813
f 620//1814 1261//1814 1262//1814
f 614//1815 620//1815 1262//1815
f 614//1816 1262//1816 1263//1816
f 611//1817 614//1817 1263//1817
f 611//1818 1263//1818 1264//1818
f 603//1819 611//1819 1264//1819
f 603//1820 1264//1820 1265//1820
f 599//1821 603//1821 1265//1821
f 599//1822 1265//1822 1266//1822
f 593//1823 1266//1823 1267//1823
f 593//1824 599//1824 1266//1824
f 590//1825 1267//1825 1268//1825
f 590//1826 593//1826 1267//1826
f 585//1827 1268//1827 1269//1827
f 585//1828 590//1828 1268//1828
f 581//1829 1269//1829 1270//1829
f 581//1830 585//1830 1269//1830
f 573//1831 1270//1831 1271//1831
f 573//1832 1271//1832 1272//1832
f 573//1833 581//1833 1270//1833
f 569//1834 573//1834 1272//1834
f 566//1835 1272//1835 1273//1835
f 566//1836 569//1836 1272//1836
f 560//1837 1273//1837 1274//1837
f 560//1838 566//1838 1273//1838
f 555//1839 1274//1839 1275//1839
f 555//1840 560//1840 1274//1840
f 551//1841 1275//1841 1276//1841
f 551//1842 555//1842 1275//1842
f 546//1843 1276//1843 1277//1843
f 546//1844 551//1844 1276//1844
f 538//1845 1277//1845 1278//1845
f 538//1846 546//1846 1277//1846
f 535//1847 1278//1847 1279//1847
f 535//1848 538//1848 1278//1848
f 529//1849 1279//1849 1280//1849
f 529//1850 535//1850 1279//1850
f 526//1851 529//1851 1280//1851
f 526//1852 1280//1852 1281//1852
f 521//1853 526//1853 1281//1853
f 521//1854 1281//1854 1282//1854
f 513//1855 521//1855 1282//1855
f 513//1856 1282//1856 1283//1856
f 508//1857 513//1857 1283//1857
f 508//1858 1283//1858 1284//1858
f 503//1859 508//1859 1284//1859
f 503//1860 1284//1860 1285//1860
f 498//1861 503//1861 1285//1861
f 498//1862 1285//1862 1286//1862
f 493//1863 498//1863 1286//1863
f 493//1864 1286//1864 1287//1864
f 490//1865 493//1865 1287//1865
f 490//1866 1287//1866 1288//1866
f 484//1867 490//1867 1288//1867
f 484//1868 1288//1868 1289//1868
f 481//1869 484//1869 1289//1869
f 481//1870 1289//1870 1290//1870
f 475//1871 481//1871 1290//1871
f 475//1872 1290//1872 1291//1872
f 471//1873 475//1873 1291//1873
f 471//1874 1291//1874 1292//1874
f 466//1875 471//1875 1292//1875
f 466//1876 1292//1876 1293//1876
f 463//1877 466//1877 1293//1877
f 463//1878 1293//1878 1294//1878
f 458//1879 463//1879 1294//1879
f 458//1880 1294//1880 1295//1880
f 455//1881 458//1881 1295//1881
f 455//1882 1295//1882 1296//1882
f 448//1883 455//1883 1296//1883
f 448//1884 1296//1884 1297//1884
f 449//1885 448//1885 1297//1885
f 449//1886 1297//1886 1298//1886
f 452//1887 449//1887 1298//1887
f 452//1888 1298//1888 1299//1888
f 457//1889 452//1889 1299//1889
f 457//1890 1299//1890 1300//1890
f 461//1891 457//1891 1300//1891
f 461//1892 1300//1892 1301//1892
f 464//1893 1301//1893 1302//1893
f 464//1894 461//1894 1301//1894
f 469//1895 1302//1895 1303//1895
f 469//1896 464//1896 1302//1896
f 472//1897 1303//1897 1304//1897
f 472//1898 469//1898 1303//1898
f 477//1899 1304//1899 1305//1899
f 477//1900 472//1900 1304//1900
f 482//1901 1305//1901 1306//1901
f 482//1902 477//1902 1305//1902
f 487//1903 482//1903 1306//1903
f 487//1904 1306//1904 1307//1904
f 491//1905 487//1905 1307//1905
f 491//1906 1307//1906 1308//1906
f 496//1907 491//1907 1308//1907
f 496//1908 1308//1908 1309//1908
f 501//1909 496//1909 1309//1909
f 501//1910 1309//1910 1310//1910
f 506//1911 501//1911 1310//1911
f 506//1912 1310//1912 1311//1912
f 512//1913 506//1913 1311//1913
f 512//1914 1311//1914 1312//1914
f 518//1915 512//1915 1312//1915
f 518//1916 1312//1916 1313//1916
f 523//1917 518//1917 1313//1917
f 523//1918 1313//1918 1314//1918
f 528//1919 523//1919 1314//1919
f 528//1920 1314//1920 1315//1920
f 533//1921 528//1921 1315//1921
f 533//1922 1315//1922 1316//1922
f 536//1923 533//1923 1316//1923
f 536//1924 1316//1924 1317//1924
f 542//1925 536//1925 1317//1925
f 542//1926 1317//1926 1318//1926
f 547//1927 1318//1927 1319//1927
f 547//1928 542//1928 1318//1928
f 553//1929 1319//1929 1320//1929
f 553//1930 547//1930 1319//1930
f 557//1931 1320//1931 1321//1931
f 557//1932 553//1932 1320//1932
f 561//1933 1321//1933 1322//1933
f 561//1934 557//1934 1321//1934
f 568//1935 1322//1935 1323//1935
f 568//1936 561//1936 1322//1936
f 572//1937 1323//1937 1324//1937
f 572//1938 568//1938 1323//1938
f 576//1939 1324//1939 1325//1939
f 576//1940 572//1940 1324//1940
f 582//1941 1325//1941 1326//1941
f 582//1942 576//1942 1325//1942
f 587//1943 1326//1943 1327//1943
f 587//1944 582//1944 1326//1944
f 592//1945 1327//1945 1328//1945
f 592//1946 587//1946 1327//1946
f 598//1947 1328//1947 1329//1947
f 598//1948 592//1948 1328//1948
f 601//1949 1329//1949 1330//1949
f 601//1950 598//1950 1329//1950
f 606//1951 1330//1951 1331//1951
f 606//1952 601//1952 1330//1952
f 612//1953 606//1953 1331//1953
f 612//1954 1331//1954 1332//1954
f 616//1955 612//1955 1332//1955
f 616//1956 1332//1956 1333//1956
f 622//1957 616//1957 1333//1957
f 622//1958 1333//1958 1334//1958
f 628//1959 622//1959 1334//1959
f 628//1960 1334//1960 1335//1960
f 631//1961 1335//1961 1336//1961
f 631//1962 628//1962 1335//1962
f 637//1963 1336//1963 1337//1963
f 637//1964 631//1964 1336//1964
f 641//1965 1337//1965 1338//1965
f 641//1966 637//1966 1337//1966
f 647//1967 1338//1967 1339//1967
f 647//1968 641//1968 1338//1968
f 653//1969 1339//1969 1340//1969
f 653//1970 647//1970 1339//1970
f 656//1971 1340//1971 1341//1971
f 656//1972 653//1972 1340//1972
f 660//1973 1341//1973 1342//1973
f 660//1974 656//1974 1341//1974
f 690//1975 1342//1975 1343//1975
f 690//1976 660//1976 1342//1976
f 691//1977 1343//1977 1344//1977
f 691//1978 690//1978 1343//1978
f 692//1979 1344//1979 1219//1979
f 692//1980 691//1980 1344//1980
f 352//1981 356//1981 1345//1981
f 352//1982 1345//1982 1346//1982
f 348//1983 1346//1983 1347//1983
f 348//1984 352//1984 1346//1984
f 344//1985 1347//1985 1348//1985
f 344//1986 348//1986 1347//1986
f 340//1987 1348//1987 1349//1987
f 340//1988 344//1988 1348//1988
f 336//1989 1349//1989 1350//1989
f 336//1990 340//1990 1349//1990
f 332//1991 1350//1991 1351//1991
f 332//1992 1351//1992 1352//1992
f 332//1993 336//1993 1350//1993
f 328//1994 332//1994 1352//1994
f 324//1995 1352//1995 1353//1995
f 324//1996 328//1996 1352//1996
f 320//1997 1353//1997 1354//1997
f 320//1998 324//1998 1353//1998
f 316//1999 1354//1999 1355//1999
f 316//2000 320//2000 1354//2000
f 312//2001 316//2001 1355//2001
f 312//2002 1355//2002 1356//2002
f 308//2003 312//2003 1356//2003
f 308//2004 1356//2004 1357//2004
f 304//2005 308//2005 1357//2005
f 304//2006 1357//2006 1358//2006
f 304//2007 1358//2007 1359//2007
f 300//2008 304//2008 1359//2008
f 300//2009 1359//2009 1360//2009
f 295//2010 300//2010 1360//2010
f 296//2011 295//2011 1360//2011
f 296//2012 1360//2012 1361//2012
f 296//2013 1361//2013 1362//2013
f 298//2014 296//2014 1362//2014
f 302//2015 1362//2015 1363//2015
f 302//2016 298//2016 1362//2016
f 306//2017 1363//2017 1364//2017
f 306//2018 302//2018 1363//2018
f 310//2019 1364//2019 1365//2019
f 310//2020 306//2020 1364//2020
f 314//2021 1365//2021 1366//2021
f 314//2022 310//2022 1365//2022
f 318//2023 1366//2023 1367//2023
f 318//2024 314//2024 1366//2024
f 322//2025 1367//2025 1368//2025
f 322//2026 318//2026 1367//2026
f 326//2027 1368//2027 1369//2027
f 326//2028 322//2028 1368//2028
f 330//2029 1369//2029 1370//2029
f 330//2030 326//2030 1369//2030
f 334//2031 1370//2031 1371//2031
f 334//2032 330//2032 1370//2032
f 338//2033 1371//2033 1372//2033
f 338//2034 334//2034 1371//2034
f 342//2035 1372//2035 1373//2035
f 342//2036 338//2036 1372//2036
f 346//2037 1373//2037 1374//2037
f 346//2038 342//2038 1373//2038
f 350//2039 1374//2039 1375//2039
f 350//2040 346//2040 1374//2040
f 354//2041 1375//2041 1376//2041
f 354//2042 350//2042 1375//2042
f 358//2043 1376//2043 1377//2043
f 358//2044 354//2044 1376//2044
f 362//2045 1377//2045 1378//2045
f 362//2046 1378//2046 1379//2046
f 362//2047 358//2047 1377//2047
f 366//2048 362//2048 1379//2048
f 370//2049 1379//2049 1380//2049
f 370//2050 366//2050 1379//2050
f 374//2051 1380//2051 1381//2051
f 374//2052 370//2052 1380//2052
f 378//2053 1381//2053 1382//2053
f 378//2054 374//2054 1381//2054
f 266//2055 378//2055 1382//2055
f 266//2056 1382//2056 1383//2056
f 266//2057 1383//2057 1384//2057
f 267//2058 266//2058 1384//2058
f 268//2059 267//2059 1384//2059
f 268//2060 1384//2060 1385//2060
f 269//2061 268//2061 1385//2061
f 269//2062 1385//2062 1386//2062
f 270//2063 269//2063 1386//2063
f 270//2064 1386//2064 1387//2064
f 271//2065 270//2065 1387//2065
f 271//2066 1387//2066 1388//2066
f 272//2067 271//2067 1388//2067
f 272//2068 1388//2068 1389//2068
f 273//2069 272//2069 1389//2069
f 273//2070 1389//2070 1390//2070
f 274//2071 273//2071 1390//2071
f 274//2072 1390//2072 1391//2072
f 238//2073 274//2073 1391//2073
f 238//2074 1391//2074 1392//2074
f 219//2075 1392//2075 1393//2075
f 219//2076 238//2076 1392//2076
f 217//2077 1393//2077 1394//2077
f 217//2078 219//2078 1393//2078
f 214//2079 1394//2079 1395//2079
f 214//2080 217//2080 1394//2080
f 210//2081 1395//2081 1396//2081
f 210//2082 214//2082 1395//2082
f 208//2083 1396//2083 1397//2083
f 208//2084 1397//2084 1398//2084
f 208//2085 210//2085 1396//2085
f 206//2086 208//2086 1398//2086
f 203//2087 1398//2087 1399//2087
f 203//2088 206//2088 1398//2088
f 201//2089 1399//2089 1400//2089
f 201//2090 203//2090 1399//2090
f 198//2091 1400//2091 1401//2091
f 198//2092 201//2092 1400//2092
f 194//2093 1401//2093 1402//2093
f 194//2094 198//2094 1401//2094
f 192//2095 1402//2095 1403//2095
f 192//2096 194//2096 1402//2096
f 190//2097 1403//2097 1404//2097
f 190//2098 192//2098 1403//2098
f 186//2099 1404//2099 1405//2099
f 186//2100 190//2100 1404//2100
f 184//2101 1405//2101 1406//2101
f 184//2102 186//2102 1405//2102
f 180//2103 184//2103 1406//2103
f 180//2104 1406//2104 1407//2104
f 178//2105 180//2105 1407//2105
f 178//2106 1407//2106 1408//2106
f 176//2107 178//2107 1408//2107
f 176//2108 1408//2108 1409//2108
f 173//2109 176//2109 1409//2109
f 173//2110 1409//2110 1410//2110
f 171//2111 173//2111 1410//2111
f 171//2112 1410//2112 1411//2112
f 165//2113 171//2113 1411//2113
f 165//2114 1411//2114 1412//2114
f 163//2115 165//2115 1412//2115
f 163//2116 1412//2116 1413//2116
f 161//2117 163//2117 1413//2117
f 161//2118 1413//2118 1414//2118
f 159//2119 161//2119 1414//2119
f 159//2120 1414//2120 1415//2120
f 157//2121 159//2121 1415//2121
f 157//2122 1415//2122 1416//2122
f 155//2123 157//2123 1416//2123
f 155//2124 1416//2124 1417//2124
f 153//2125 155//2125 1417//2125
f 153//2126 1417//2126 1418//2126
f 151//2127 153//2127 1418//2127
f 151//2128 1418//2128 1419//2128
f 149//2129 151//2129 1419//2129
f 149//2130 1419//2130 1420//2130
f 147//2131 149//2131 1420//2131
f 147//2132 1420//2132 1421//2132
f 145//2133 147//2133 1421//2133
f 145//2134 1421//2134 1422//2134
f 142//2135 145//2135 1422//2135
f 142//2136 1422//2136 1423//2136
f 143//2137 142//2137 1423//2137
f 143//2138 1423//2138 1424//2138
f 144//2139 143//2139 1424//2139
f 144//2140 1424//2140 1425//2140
f 146//2141 144//2141 1425//2141
f 146//2142 1425//2142 1426//2142
f 148//2143 146//2143 1426//2143
f 148//2144 1426//2144 1427//2144
f 150//2145 1427//2145 1428//2145
f 150//2146 148//2146 1427//2146
f 152//2147 1428//2147 1429//2147
f 152//2148 150//2148 1428//2148
f 154//2149 1429//2149 1430//2149
f 154//2150 152//2150 1429//2150
f 156//2151 1430//2151 1431//2151
f 156//2152 154//2152 1430//2152
f 158//2153 1431//2153 1432//2153
f 158//2154 156//2154 1431//2154
f 160//2155 158//2155 1432//2155
f 160//2156 1432//2156 1433//2156
f 162//2157 160//2157 1433//2157
f 162//2158 1433//2158 1434//2158
f 164//2159 162//2159 1434//2159
f 164//2160 1434//2160 1435//2160
f 170//2161 164//2161 1435//2161
f 170//2162 1435//2162 1436//2162
f 172//2163 170//2163 1436//2163
f 172//2164 1436//2164 1437//2164
f 175//2165 172//2165 1437//2165
f 175//2166 1437//2166 1438//2166
f 177//2167 175//2167 1438//2167
f 177//2168 1438//2168 1439//2168
f 179//2169 177//2169 1439//2169
f 179//2170 1439//2170 1440//2170
f 181//2171 179//2171 1440//2171
f 181//2172 1440//2172 1441//2172
f 185//2173 181//2173 1441//2173
f 185//2174 1441//2174 1442//2174
f 188//2175 185//2175 1442//2175
f 188//2176 1442//2176 1443//2176
f 191//2177 188//2177 1443//2177
f 191//2178 1443//2178 1444//2178
f 193//2179 1444//2179 1445//2179
f 193//2180 191//2180 1444//2180
f 197//2181 1445//2181 1446//2181
f 197//2182 193//2182 1445//2182
f 199//2183 1446//2183 1447//2183
f 199//2184 197//2184 1446//2184
f 202//2185 1447//2185 1448//2185
f 202//2186 199//2186 1447//2186
f 205//2187 1448//2187 1449//2187
f 205//2188 202//2188 1448//2188
f 207//2189 1449//2189 1450//2189
f 207//2190 205//2190 1449//2190
f 209//2191 1450//2191 1451//2191
f 209//2192 207//2192 1450//2192
f 213//2193 1451//2193 1452//2193
f 213//2194 209//2194 1451//2194
f 215//2195 1452//2195 1453//2195
f 215//2196 213//2196 1452//2196
f 218//2197 1453//2197 1454//2197
f 218//2198 215//2198 1453//2198
f 220//2199 1454//2199 1455//2199
f 220//2200 218//2200 1454//2200
f 239//2201 1455//2201 1456//2201
f 239//2202 220//2202 1455//2202
f 242//2203 1456//2203 1457//2203
f 242//2204 239//2204 1456//2204
f 244//2205 242//2205 1457//2205
f 244//2206 1457//2206 1458//2206
f 245//2207 244//2207 1458//2207
f 245//2208 1458//2208 1459//2208
f 246//2209 245//2209 1459//2209
f 246//2210 1459//2210 1460//2210
f 249//2211 246//2211 1460//2211
f 249//2212 1460//2212 1461//2212
f 250//2213 1461//2213 1462//2213
f 250//2214 249//2214 1461//2214
f 251//2215 1462//2215 1463//2215
f 251//2216 250//2216 1462//2216
f 252//2217 1463//2217 1464//2217
f 252//2218 251//2218 1463//2218
f 380//2219 1464//2219 1465//2219
f 380//2220 252//2220 1464//2220
f 376//2221 1465//2221 1466//2221
f 376//2222 380//2222 1465//2222
f 372//2223 1466//2223 1467//2223
f 372//2224 376//2224 1466//2224
f 368//2225 1467//2225 1468//2225
f 368//2226 372//2226 1467//2226
f 364//2227 1468//2227 1469//2227
f 364//2228 368//2228 1468//2228
f 360//2229 1469//2229 1470//2229
f 360//2230 364//2230 1469//2230
f 356//2231 1470//2231 1345//2231
f 356//2232 360//2232 1470//2232
f 6//2233 8//2233 2//2233
f 8//2234 3//2234 2//2234
f 8//2235 1471//2235 3//2235
f 10//2236 1471//2236 8//2236
f 10//2237 14//2237 1471//2237
f 12//2238 14//2238 10//2238
f 845//2239 846//2239 843//2239
f 16//2240 18//2240 14//2240
f 846//2241 844//2241 843//2241
f 18//2242 20//2242 14//2242
f 847//2243 842//2243 846//2243
f 846//2244 842//2244 844//2244
f 1471//2245 1472//2245 847//2245
f 14//2246 1472//2246 1471//2246
f 847//2247 1472//2247 842//2247
f 1473//2248 1474//2248 22//2248
f 22//2249 1475//2249 1473//2249
f 1474//2250 925//2250 22//2250
f 22//2251 1476//2251 1475//2251
f 925//2252 924//2252 22//2252
f 22//2253 926//2253 1476//2253
f 924//2254 923//2254 22//2254
f 22//2255 1477//2255 926//2255
f 923//2256 922//2256 22//2256
f 22//2257 1478//2257 1477//2257
f 922//2258 921//2258 22//2258
f 22//2259 1479//2259 1478//2259
f 921//2260 920//2260 22//2260
f 1472//2261 965//2261 842//2261
f 22//2262 927//2262 1479//2262
f 920//2263 919//2263 22//2263
f 22//2264 1480//2264 927//2264
f 919//2265 918//2265 22//2265
f 22//2266 918//2266 20//2266
f 22//2267 928//2267 1480//2267
f 918//2268 917//2268 20//2268
f 22//2269 929//2269 928//2269
f 917//2270 916//2270 20//2270
f 22//2271 930//2271 929//2271
f 916//2272 915//2272 20//2272
f 22//2273 931//2273 930//2273
f 915//2274 914//2274 20//2274
f 22//2275 1481//2275 931//2275
f 914//2276 913//2276 20//2276
f 22//2277 1482//2277 1481//2277
f 913//2278 912//2278 20//2278
f 22//2279 1483//2279 1482//2279
f 912//2280 911//2280 20//2280
f 22//2281 932//2281 1483//2281
f 911//2282 910//2282 20//2282
f 910//2283 909//2283 20//2283
f 909//2284 908//2284 20//2284
f 1484//2285 28//2285 1485//2285
f 22//2286 28//2286 932//2286
f 26//2287 28//2287 24//2287
f 24//2288 28//2288 22//2288
f 932//2289 28//2289 1486//2289
f 1486//2290 28//2290 1484//2290
f 908//2291 907//2291 20//2291
f 28//2292 933//2292 1485//2292
f 907//2293 906//2293 20//2293
f 28//2294 1487//2294 933//2294
f 28//2295 934//2295 1487//2295
f 28//2296 1488//2296 934//2296
f 28//2297 1489//2297 1488//2297
f 28//2298 935//2298 1489//2298
f 28//2299 936//2299 935//2299
f 28//2300 937//2300 936//2300
f 28//2301 938//2301 937//2301
f 28//2302 939//2302 938//2302
f 28//2303 940//2303 939//2303
f 28//2304 1490//2304 940//2304
f 28//2305 941//2305 1490//2305
f 28//2306 942//2306 941//2306
f 28//2307 943//2307 942//2307
f 28//2308 944//2308 943//2308
f 28//2309 945//2309 944//2309
f 28//2310 946//2310 945//2310
f 896//2311 966//2311 897//2311
f 897//2312 966//2312 898//2312
f 898//2313 966//2313 899//2313
f 899//2314 966//2314 900//2314
f 900//2315 966//2315 901//2315
f 901//2316 966//2316 902//2316
f 902//2317 966//2317 903//2317
f 903//2318 966//2318 904//2318
f 904//2319 966//2319 905//2319
f 905//2320 966//2320 906//2320
f 20//2321 966//2321 14//2321
f 906//2322 966//2322 20//2322
f 14//2323 966//2323 1472//2323
f 28//2324 947//2324 946//2324
f 28//2325 948//2325 947//2325
f 28//2326 949//2326 948//2326
f 848//2327 30//2327 849//2327
f 849//2328 30//2328 850//2328
f 850//2329 30//2329 851//2329
f 851//2330 30//2330 852//2330
f 852//2331 30//2331 853//2331
f 949//2332 30//2332 950//2332
f 950//2333 30//2333 951//2333
f 951//2334 30//2334 952//2334
f 952//2335 30//2335 953//2335
f 953//2336 30//2336 954//2336
f 954//2337 30//2337 955//2337
f 955//2338 30//2338 848//2338
f 28//2339 30//2339 949//2339
f 1424//2340 1423//2340 965//2340
f 965//2341 1425//2341 1424//2341
f 1423//2342 1422//2342 965//2342
f 965//2343 1426//2343 1425//2343
f 1422//2344 1421//2344 965//2344
f 965//2345 1427//2345 1426//2345
f 1421//2346 1420//2346 965//2346
f 965//2347 1428//2347 1427//2347
f 1420//2348 1419//2348 965//2348
f 965//2349 1429//2349 1428//2349
f 1419//2350 1418//2350 965//2350
f 965//2351 1430//2351 1429//2351
f 1418//2352 1417//2352 965//2352
f 965//2353 1417//2353 842//2353
f 965//2354 1431//2354 1430//2354
f 1417//2355 1416//2355 842//2355
f 965//2356 1432//2356 1431//2356
f 1416//2357 1415//2357 842//2357
f 965//2358 1433//2358 1432//2358
f 1415//2359 1414//2359 842//2359
f 965//2360 1434//2360 1433//2360
f 1414//2361 1413//2361 842//2361
f 965//2362 1435//2362 1434//2362
f 1413//2363 1412//2363 842//2363
f 840//2364 838//2364 839//2364
f 841//2365 838//2365 840//2365
f 965//2366 1436//2366 1435//2366
f 842//2367 1411//2367 841//2367
f 1412//2368 1411//2368 842//2368
f 965//2369 1437//2369 1436//2369
f 1411//2370 1410//2370 841//2370
f 841//2371 837//2371 838//2371
f 965//2372 1438//2372 1437//2372
f 1410//2373 1409//2373 841//2373
f 965//2374 1439//2374 1438//2374
f 1409//2375 1408//2375 841//2375
f 965//2376 1440//2376 1439//2376
f 1408//2377 1407//2377 841//2377
f 965//2378 1441//2378 1440//2378
f 837//2379 835//2379 836//2379
f 1407//2380 1406//2380 841//2380
f 965//2381 1442//2381 1441//2381
f 1406//2382 1405//2382 841//2382
f 837//2383 834//2383 835//2383
f 964//2384 1443//2384 965//2384
f 965//2385 1443//2385 1442//2385
f 1405//2386 1404//2386 841//2386
f 964//2387 1444//2387 1443//2387
f 1404//2388 1403//2388 841//2388
f 964//2389 1445//2389 1444//2389
f 1403//2390 1402//2390 841//2390
f 841//2391 832//2391 837//2391
f 837//2392 832//2392 834//2392
f 834//2393 832//2393 833//2393
f 964//2394 1446//2394 1445//2394
f 1402//2395 1401//2395 841//2395
f 964//2396 1447//2396 1446//2396
f 841//2397 831//2397 832//2397
f 1401//2398 1400//2398 841//2398
f 964//2399 1448//2399 1447//2399
f 1400//2400 1399//2400 841//2400
f 841//2401 830//2401 831//2401
f 964//2402 1449//2402 1448//2402
f 1399//2403 1398//2403 841//2403
f 964//2404 1450//2404 1449//2404
f 1398//2405 1397//2405 841//2405
f 964//2406 1451//2406 1450//2406
f 1397//2407 1396//2407 841//2407
f 830//2408 828//2408 829//2408
f 964//2409 1452//2409 1451//2409
f 1396//2410 1395//2410 841//2410
f 964//2411 1453//2411 1452//2411
f 830//2412 827//2412 828//2412
f 1395//2413 1394//2413 841//2413
f 964//2414 1454//2414 1453//2414
f 1394//2415 1393//2415 841//2415
f 964//2416 1455//2416 1454//2416
f 896//2417 957//2417 966//2417
f 880//2418 957//2418 881//2418
f 881//2419 957//2419 882//2419
f 882//2420 957//2420 883//2420
f 883//2421 957//2421 884//2421
f 884//2422 957//2422 885//2422
f 885//2423 957//2423 886//2423
f 886//2424 957//2424 887//2424
f 887//2425 957//2425 888//2425
f 888//2426 957//2426 889//2426
f 889//2427 957//2427 890//2427
f 890//2428 957//2428 891//2428
f 891//2429 957//2429 892//2429
f 892//2430 957//2430 893//2430
f 893//2431 957//2431 894//2431
f 894//2432 957//2432 895//2432
f 895//2433 957//2433 896//2433
f 1393//2434 1392//2434 841//2434
f 964//2435 1456//2435 1455//2435
f 827//2436 825//2436 826//2436
f 830//2437 825//2437 827//2437
f 964//2438 1457//2438 1456//2438
f 830//2439 824//2439 825//2439
f 841//2440 824//2440 830//2440
f 964//2441 1458//2441 1457//2441
f 964//2442 1459//2442 1458//2442
f 964//2443 1460//2443 1459//2443
f 841//2444 822//2444 824//2444
f 824//2445 822//2445 823//2445
f 964//2446 1461//2446 1460//2446
f 964//2447 1462//2447 1461//2447
f 964//2448 1463//2448 1462//2448
f 964//2449 1464//2449 1463//2449
f 821//2450 819//2450 820//2450
f 822//2451 819//2451 821//2451
f 822//2452 818//2452 819//2452
f 818//2453 816//2453 817//2453
f 822//2454 816//2454 818//2454
f 822//2455 815//2455 816//2455
f 815//2456 813//2456 814//2456
f 815//2457 812//2457 813//2457
f 822//2458 812//2458 815//2458
f 32//2459 1491//2459 30//2459
f 822//2460 810//2460 812//2460
f 812//2461 810//2461 811//2461
f 1392//2462 809//2462 841//2462
f 841//2463 809//2463 822//2463
f 1383//2464 809//2464 1384//2464
f 1384//2465 809//2465 1385//2465
f 1385//2466 809//2466 1386//2466
f 1386//2467 809//2467 1387//2467
f 1387//2468 809//2468 1388//2468
f 1388//2469 809//2469 1389//2469
f 1389//2470 809//2470 1390//2470
f 1390//2471 809//2471 1391//2471
f 1391//2472 809//2472 1392//2472
f 822//2473 809//2473 810//2473
f 966//2474 956//2474 964//2474
f 957//2475 956//2475 966//2475
f 1491//2476 35//2476 30//2476
f 863//2477 959//2477 864//2477
f 864//2478 959//2478 865//2478
f 865//2479 959//2479 866//2479
f 866//2480 959//2480 867//2480
f 867//2481 959//2481 868//2481
f 868//2482 959//2482 869//2482
f 869//2483 959//2483 870//2483
f 870//2484 959//2484 871//2484
f 871//2485 959//2485 872//2485
f 872//2486 959//2486 873//2486
f 873//2487 959//2487 874//2487
f 874//2488 959//2488 875//2488
f 875//2489 959//2489 876//2489
f 876//2490 959//2490 877//2490
f 877//2491 959//2491 878//2491
f 878//2492 959//2492 879//2492
f 879//2493 959//2493 880//2493
f 880//2494 959//2494 957//2494
f 1360//2495 1172//2495 1361//2495
f 1172//2496 1171//2496 1361//2496
f 1361//2497 1171//2497 1362//2497
f 1359//2498 1173//2498 1360//2498
f 1360//2499 1173//2499 1172//2499
f 1362//2500 1170//2500 1363//2500
f 1171//2501 1170//2501 1362//2501
f 1358//2502 1174//2502 1359//2502
f 1359//2503 1174//2503 1173//2503
f 1170//2504 1169//2504 1363//2504
f 1363//2505 1169//2505 1364//2505
f 1357//2506 1175//2506 1358//2506
f 1358//2507 1175//2507 1174//2507
f 1364//2508 1168//2508 1365//2508
f 1169//2509 1168//2509 1364//2509
f 1356//2510 1176//2510 1357//2510
f 1357//2511 1176//2511 1175//2511
f 1365//2512 1167//2512 1366//2512
f 1168//2513 1167//2513 1365//2513
f 1355//2514 1177//2514 1356//2514
f 1356//2515 1177//2515 1176//2515
f 1167//2516 1166//2516 1366//2516
f 1366//2517 1166//2517 1367//2517
f 1354//2518 1178//2518 1355//2518
f 1355//2519 1178//2519 1177//2519
f 1367//2520 1165//2520 1368//2520
f 1166//2521 1165//2521 1367//2521
f 1353//2522 1179//2522 1354//2522
f 1354//2523 1179//2523 1178//2523
f 1368//2524 1164//2524 1369//2524
f 1165//2525 1164//2525 1368//2525
f 1352//2526 1180//2526 1353//2526
f 1353//2527 1180//2527 1179//2527
f 1369//2528 1163//2528 1370//2528
f 1164//2529 1163//2529 1369//2529
f 1351//2530 1181//2530 1352//2530
f 1352//2531 1181//2531 1180//2531
f 1370//2532 1162//2532 1371//2532
f 1163//2533 1162//2533 1370//2533
f 1350//2534 1182//2534 1351//2534
f 1351//2535 1182//2535 1181//2535
f 1162//2536 1161//2536 1371//2536
f 1371//2537 1161//2537 1372//2537
f 1350//2538 1183//2538 1182//2538
f 1349//2539 1183//2539 1350//2539
f 1161//2540 1160//2540 1372//2540
f 1372//2541 1160//2541 1373//2541
f 1349//2542 1184//2542 1183//2542
f 1348//2543 1184//2543 1349//2543
f 1160//2544 1159//2544 1373//2544
f 1373//2545 1159//2545 1374//2545
f 1347//2546 1185//2546 1348//2546
f 1348//2547 1185//2547 1184//2547
f 1159//2548 1158//2548 1374//2548
f 1374//2549 1158//2549 1375//2549
f 1346//2550 1186//2550 1347//2550
f 1347//2551 1186//2551 1185//2551
f 1375//2552 1157//2552 1376//2552
f 1158//2553 1157//2553 1375//2553
f 1345//2554 1187//2554 1346//2554
f 1346//2555 1187//2555 1186//2555
f 1376//2556 1156//2556 1377//2556
f 1157//2557 1156//2557 1376//2557
f 1345//2558 1188//2558 1187//2558
f 1470//2559 1188//2559 1345//2559
f 1156//2560 1155//2560 1377//2560
f 1377//2561 1155//2561 1378//2561
f 1469//2562 1189//2562 1470//2562
f 1470//2563 1189//2563 1188//2563
f 1155//2564 1154//2564 1378//2564
f 1378//2565 1154//2565 1379//2565
f 1469//2566 1190//2566 1189//2566
f 1468//2567 1190//2567 1469//2567
f 1154//2568 1153//2568 1379//2568
f 1379//2569 1153//2569 1380//2569
f 1468//2570 1191//2570 1190//2570
f 1467//2571 1191//2571 1468//2571
f 1380//2572 1152//2572 1381//2572
f 1153//2573 1152//2573 1380//2573
f 1467//2574 1192//2574 1191//2574
f 1466//2575 1192//2575 1467//2575
f 1152//2576 1151//2576 1381//2576
f 1381//2577 1151//2577 1382//2577
f 1465//2578 1193//2578 1466//2578
f 1466//2579 1193//2579 1192//2579
f 1383//2580 1150//2580 809//2580
f 1382//2581 1150//2581 1383//2581
f 1151//2582 1150//2582 1382//2582
f 1464//2583 1194//2583 1465//2583
f 1465//2584 1194//2584 1193//2584
f 1150//2585 1149//2585 809//2585
f 964//2586 1195//2586 1464//2586
f 1464//2587 1195//2587 1194//2587
f 1149//2588 1148//2588 809//2588
f 956//2589 1196//2589 964//2589
f 964//2590 1196//2590 1195//2590
f 1148//2591 1147//2591 809//2591
f 956//2592 1197//2592 1196//2592
f 1147//2593 1146//2593 809//2593
f 956//2594 1198//2594 1197//2594
f 1146//2595 1145//2595 809//2595
f 956//2596 1199//2596 1198//2596
f 1145//2597 1144//2597 809//2597
f 956//2598 1200//2598 1199//2598
f 1144//2599 1143//2599 809//2599
f 956//2600 1201//2600 1200//2600
f 1143//2601 1142//2601 809//2601
f 956//2602 1202//2602 1201//2602
f 1142//2603 1141//2603 809//2603
f 956//2604 1203//2604 1202//2604
f 1141//2605 1140//2605 809//2605
f 956//2606 1204//2606 1203//2606
f 1140//2607 1139//2607 809//2607
f 956//2608 1205//2608 1204//2608
f 1139//2609 1138//2609 809//2609
f 956//2610 1206//2610 1205//2610
f 1138//2611 1137//2611 809//2611
f 956//2612 1207//2612 1206//2612
f 1137//2613 1136//2613 809//2613
f 956//2614 1208//2614 1207//2614
f 1136//2615 1135//2615 809//2615
f 956//2616 1209//2616 1208//2616
f 1135//2617 1134//2617 809//2617
f 956//2618 1210//2618 1209//2618
f 1134//2619 1133//2619 809//2619
f 1133//2620 1132//2620 809//2620
f 1132//2621 1131//2621 809//2621
f 1131//2622 1130//2622 809//2622
f 1130//2623 1129//2623 809//2623
f 1129//2624 1128//2624 809//2624
f 1128//2625 1127//2625 809//2625
f 1127//2626 1126//2626 809//2626
f 1126//2627 1125//2627 809//2627
f 1125//2628 1124//2628 809//2628
f 1124//2629 1123//2629 809//2629
f 1123//2630 1122//2630 809//2630
f 1122//2631 1121//2631 809//2631
f 35//2632 961//2632 30//2632
f 853//2633 961//2633 854//2633
f 854//2634 961//2634 855//2634
f 855//2635 961//2635 856//2635
f 856//2636 961//2636 857//2636
f 857//2637 961//2637 858//2637
f 858//2638 961//2638 859//2638
f 859//2639 961//2639 860//2639
f 30//2640 961//2640 853//2640
f 860//2641 961//2641 861//2641
f 861//2642 961//2642 862//2642
f 862//2643 961//2643 863//2643
f 863//2644 961//2644 959//2644
f 37//2645 39//2645 35//2645
f 961//2646 960//2646 959//2646
f 959//2647 960//2647 958//2647
f 45//2648 41//2648 43//2648
f 39//2649 1492//2649 35//2649
f 41//2650 1492//2650 39//2650
f 35//2651 963//2651 961//2651
f 1492//2652 963//2652 35//2652
f 45//2653 47//2653 41//2653
f 41//2654 47//2654 1492//2654
f 1492//2655 771//2655 963//2655
f 773//2656 770//2656 772//2656
f 963//2657 775//2657 962//2657
f 771//2658 775//2658 963//2658
f 770//2659 775//2659 771//2659
f 1298//2660 1297//2660 960//2660
f 1046//2661 1045//2661 958//2661
f 960//2662 1299//2662 1298//2662
f 958//2663 1047//2663 1046//2663
f 1045//2664 1044//2664 958//2664
f 1297//2665 1296//2665 960//2665
f 958//2666 1048//2666 1047//2666
f 960//2667 1300//2667 1299//2667
f 1296//2668 1295//2668 960//2668
f 1044//2669 1043//2669 958//2669
f 958//2670 1049//2670 1048//2670
f 960//2671 1301//2671 1300//2671
f 1043//2672 1042//2672 958//2672
f 1295//2673 1294//2673 960//2673
f 960//2674 1302//2674 1301//2674
f 958//2675 1050//2675 1049//2675
f 1294//2676 1293//2676 960//2676
f 1042//2677 1041//2677 958//2677
f 958//2678 1051//2678 1050//2678
f 960//2679 1303//2679 1302//2679
f 1041//2680 1040//2680 958//2680
f 1293//2681 1292//2681 960//2681
f 960//2682 1304//2682 1303//2682
f 958//2683 1052//2683 1051//2683
f 956//2684 1039//2684 1210//2684
f 958//2685 1039//2685 956//2685
f 1040//2686 1039//2686 958//2686
f 1292//2687 1291//2687 960//2687
f 960//2688 1053//2688 958//2688
f 958//2689 1053//2689 1052//2689
f 960//2690 1305//2690 1304//2690
f 1210//2691 1038//2691 1211//2691
f 1211//2692 1038//2692 1212//2692
f 1039//2693 1038//2693 1210//2693
f 1291//2694 1290//2694 960//2694
f 960//2695 1306//2695 1305//2695
f 960//2696 1054//2696 1053//2696
f 1290//2697 1289//2697 960//2697
f 960//2698 1289//2698 1054//2698
f 1038//2699 1037//2699 1212//2699
f 1212//2700 1037//2700 1213//2700
f 960//2701 1307//2701 1306//2701
f 1289//2702 1055//2702 1054//2702
f 1037//2703 1036//2703 1213//2703
f 1289//2704 1288//2704 1055//2704
f 960//2705 1308//2705 1307//2705
f 1288//2706 1056//2706 1055//2706
f 1288//2707 1287//2707 1056//2707
f 1036//2708 1035//2708 1213//2708
f 1213//2709 1035//2709 1214//2709
f 960//2710 1309//2710 1308//2710
f 1287//2711 1057//2711 1056//2711
f 1287//2712 1286//2712 1057//2712
f 1035//2713 1034//2713 1214//2713
f 1214//2714 1034//2714 1215//2714
f 960//2715 1310//2715 1309//2715
f 962//2716 1310//2716 960//2716
f 1286//2717 1058//2717 1057//2717
f 1286//2718 1285//2718 1058//2718
f 1034//2719 1033//2719 1215//2719
f 1215//2720 1033//2720 1216//2720
f 962//2721 1311//2721 1310//2721
f 1285//2722 1059//2722 1058//2722
f 1285//2723 1284//2723 1059//2723
f 1033//2724 1032//2724 1216//2724
f 1216//2725 1032//2725 1217//2725
f 1284//2726 1060//2726 1059//2726
f 962//2727 1312//2727 1311//2727
f 1284//2728 1283//2728 1060//2728
f 1032//2729 1031//2729 1217//2729
f 1217//2730 1031//2730 1218//2730
f 1218//2731 1031//2731 1093//2731
f 1283//2732 1061//2732 1060//2732
f 962//2733 1313//2733 1312//2733
f 1031//2734 1030//2734 1093//2734
f 1093//2735 1030//2735 1094//2735
f 1283//2736 1282//2736 1061//2736
f 1282//2737 1062//2737 1061//2737
f 962//2738 1314//2738 1313//2738
f 1094//2739 1029//2739 1095//2739
f 1030//2740 1029//2740 1094//2740
f 1282//2741 1281//2741 1062//2741
f 1281//2742 1063//2742 1062//2742
f 962//2743 1315//2743 1314//2743
f 1281//2744 1280//2744 1063//2744
f 1029//2745 1028//2745 1095//2745
f 1095//2746 1028//2746 1096//2746
f 1280//2747 1064//2747 1063//2747
f 962//2748 1316//2748 1315//2748
f 1028//2749 1027//2749 1096//2749
f 1280//2750 1279//2750 1064//2750
f 962//2751 1317//2751 1316//2751
f 1279//2752 1065//2752 1064//2752
f 1279//2753 1278//2753 1065//2753
f 1096//2754 1026//2754 1097//2754
f 1027//2755 1026//2755 1096//2755
f 1278//2756 1066//2756 1065//2756
f 962//2757 1318//2757 1317//2757
f 1097//2758 1025//2758 1098//2758
f 1098//2759 1025//2759 1099//2759
f 1026//2760 1025//2760 1097//2760
f 1278//2761 1277//2761 1066//2761
f 962//2762 1319//2762 1318//2762
f 1277//2763 1067//2763 1066//2763
f 1099//2764 1024//2764 1100//2764
f 1025//2765 1024//2765 1099//2765
f 1277//2766 1276//2766 1067//2766
f 1276//2767 1068//2767 1067//2767
f 962//2768 1320//2768 1319//2768
f 1024//2769 1023//2769 1100//2769
f 1276//2770 1275//2770 1068//2770
f 1275//2771 1069//2771 1068//2771
f 962//2772 1321//2772 1320//2772
f 1023//2773 1022//2773 1100//2773
f 1100//2774 1022//2774 1101//2774
f 1275//2775 1274//2775 1069//2775
f 962//2776 1322//2776 1321//2776
f 1274//2777 1070//2777 1069//2777
f 1022//2778 1021//2778 1101//2778
f 1101//2779 1021//2779 1102//2779
f 1102//2780 1021//2780 1103//2780
f 1274//2781 1273//2781 1070//2781
f 1273//2782 1071//2782 1070//2782
f 962//2783 1323//2783 1322//2783
f 1273//2784 1272//2784 1071//2784
f 1021//2785 1020//2785 1103//2785
f 1272//2786 1072//2786 1071//2786
f 962//2787 1324//2787 1323//2787
f 1272//2788 1271//2788 1072//2788
f 1020//2789 1019//2789 1103//2789
f 1103//2790 1019//2790 1104//2790
f 962//2791 1325//2791 1324//2791
f 1271//2792 1073//2792 1072//2792
f 1019//2793 1018//2793 1104//2793
f 1104//2794 1018//2794 1105//2794
f 1105//2795 1018//2795 1106//2795
f 1271//2796 1270//2796 1073//2796
f 962//2797 1326//2797 1325//2797
f 1270//2798 1074//2798 1073//2798
f 1018//2799 1017//2799 1106//2799
f 1270//2800 1269//2800 1074//2800
f 1269//2801 1075//2801 1074//2801
f 962//2802 1327//2802 1326//2802
f 1017//2803 1016//2803 1106//2803
f 1106//2804 1016//2804 1107//2804
f 1269//2805 1268//2805 1075//2805
f 1268//2806 1076//2806 1075//2806
f 962//2807 1328//2807 1327//2807
f 1268//2808 1267//2808 1076//2808
f 1016//2809 1015//2809 1107//2809
f 1107//2810 1015//2810 1108//2810
f 1108//2811 1015//2811 1109//2811
f 1267//2812 1077//2812 1076//2812
f 962//2813 1329//2813 1328//2813
f 1267//2814 1266//2814 1077//2814
f 1015//2815 1014//2815 1109//2815
f 962//2816 1330//2816 1329//2816
f 1266//2817 1078//2817 1077//2817
f 1266//2818 1265//2818 1078//2818
f 1109//2819 1013//2819 1110//2819
f 1014//2820 1013//2820 1109//2820
f 962//2821 1331//2821 1330//2821
f 1265//2822 1079//2822 1078//2822
f 1013//2823 1012//2823 1110//2823
f 1110//2824 1012//2824 1111//2824
f 1111//2825 1012//2825 1112//2825
f 1265//2826 1264//2826 1079//2826
f 962//2827 1332//2827 1331//2827
f 1264//2828 1080//2828 1079//2828
f 1264//2829 1263//2829 1080//2829
f 1012//2830 1011//2830 1112//2830
f 962//2831 1333//2831 1332//2831
f 1263//2832 1081//2832 1080//2832
f 1011//2833 1010//2833 1112//2833
f 1112//2834 1010//2834 1113//2834
f 1263//2835 1262//2835 1081//2835
f 1262//2836 1082//2836 1081//2836
f 962//2837 1334//2837 1333//2837
f 1010//2838 1009//2838 1113//2838
f 1113//2839 1009//2839 1114//2839
f 1114//2840 1009//2840 1115//2840
f 1262//2841 1261//2841 1082//2841
f 1261//2842 1083//2842 1082//2842
f 962//2843 1335//2843 1334//2843
f 1009//2844 1008//2844 1115//2844
f 1261//2845 1260//2845 1083//2845
f 775//2846 1336//2846 962//2846
f 962//2847 1336//2847 1335//2847
f 1260//2848 1084//2848 1083//2848
f 1260//2849 1259//2849 1084//2849
f 1008//2850 1007//2850 1115//2850
f 1115//2851 1007//2851 1116//2851
f 1116//2852 1007//2852 1117//2852
f 775//2853 1337//2853 1336//2853
f 1259//2854 1085//2854 1084//2854
f 1007//2855 1006//2855 1117//2855
f 1259//2856 1258//2856 1085//2856
f 775//2857 1338//2857 1337//2857
f 1258//2858 1086//2858 1085//2858
f 1006//2859 1005//2859 1117//2859
f 1117//2860 1005//2860 1118//2860
f 1118//2861 1005//2861 1119//2861
f 1258//2862 1257//2862 1086//2862
f 775//2863 1339//2863 1338//2863
f 1257//2864 1087//2864 1086//2864
f 1257//2865 1256//2865 1087//2865
f 1005//2866 1004//2866 1119//2866
f 1119//2867 1004//2867 1120//2867
f 1256//2868 1088//2868 1087//2868
f 775//2869 1340//2869 1339//2869
f 1256//2870 1255//2870 1088//2870
f 1004//2871 1003//2871 1120//2871
f 775//2872 1341//2872 1340//2872
f 1255//2873 1089//2873 1088//2873
f 1120//2874 1002//2874 1121//2874
f 1003//2875 1002//2875 1120//2875
f 1255//2876 1254//2876 1089//2876
f 775//2877 1342//2877 1341//2877
f 1254//2878 1090//2878 1089//2878
f 1254//2879 1253//2879 1090//2879
f 1253//2880 1091//2880 1090//2880
f 1253//2881 1252//2881 1091//2881
f 1252//2882 1092//2882 1091//2882
f 1252//2883 1251//2883 1092//2883
f 1251//2884 967//2884 1092//2884
f 1251//2885 1250//2885 967//2885
f 1250//2886 968//2886 967//2886
f 1250//2887 1249//2887 968//2887
f 1249//2888 969//2888 968//2888
f 1249//2889 1248//2889 969//2889
f 1248//2890 970//2890 969//2890
f 1248//2891 1247//2891 970//2891
f 1247//2892 971//2892 970//2892
f 1247//2893 1246//2893 971//2893
f 1246//2894 972//2894 971//2894
f 1246//2895 1245//2895 972//2895
f 1245//2896 973//2896 972//2896
f 1245//2897 1244//2897 973//2897
f 773//2898 774//2898 770//2898
f 770//2899 774//2899 775//2899
f 1229//2900 776//2900 1230//2900
f 1230//2901 776//2901 1231//2901
f 1231//2902 776//2902 1232//2902
f 1232//2903 776//2903 1233//2903
f 1233//2904 776//2904 1234//2904
f 1234//2905 776//2905 1235//2905
f 775//2906 776//2906 1342//2906
f 1342//2907 776//2907 1343//2907
f 1343//2908 776//2908 1344//2908
f 1344//2909 776//2909 1219//2909
f 1219//2910 776//2910 1220//2910
f 1220//2911 776//2911 1221//2911
f 1221//2912 776//2912 1222//2912
f 1222//2913 776//2913 1223//2913
f 1223//2914 776//2914 1224//2914
f 1224//2915 776//2915 1225//2915
f 1225//2916 776//2916 1226//2916
f 1226//2917 776//2917 1227//2917
f 1227//2918 776//2918 1228//2918
f 1228//2919 776//2919 1229//2919
f 1235//2920 808//2920 1236//2920
f 1236//2921 808//2921 1237//2921
f 1237//2922 808//2922 1238//2922
f 1238//2923 808//2923 1239//2923
f 1239//2924 808//2924 1240//2924
f 1240//2925 808//2925 1241//2925
f 1241//2926 808//2926 1242//2926
f 1242//2927 808//2927 1243//2927
f 1243//2928 808//2928 1244//2928
f 776//2929 808//2929 1235//2929
f 973//2930 808//2930 974//2930
f 974//2931 808//2931 975//2931
f 975//2932 808//2932 976//2932
f 976//2933 808//2933 977//2933
f 977//2934 808//2934 978//2934
f 978//2935 808//2935 979//2935
f 979//2936 808//2936 980//2936
f 980//2937 808//2937 981//2937
f 981//2938 808//2938 982//2938
f 982//2939 808//2939 983//2939
f 983//2940 808//2940 984//2940
f 984//2941 808//2941 985//2941
f 985//2942 808//2942 986//2942
f 986//2943 808//2943 987//2943
f 1121//2944 808//2944 809//2944
f 987//2945 808//2945 988//2945
f 988//2946 808//2946 989//2946
f 989//2947 808//2947 990//2947
f 990//2948 808//2948 991//2948
f 991//2949 808//2949 992//2949
f 992//2950 808//2950 993//2950
f 993//2951 808//2951 994//2951
f 994//2952 808//2952 995//2952
f 995//2953 808//2953 996//2953
f 996//2954 808//2954 997//2954
f 1002//2955 808//2955 1121//2955
f 997//2956 808//2956 998//2956
f 998//2957 808//2957 999//2957
f 999//2958 808//2958 1000//2958
f 1000//2959 808//2959 1001//2959
f 1001//2960 808//2960 1002//2960
f 1244//2961 808//2961 973//2961
f 807//2962 805//2962 806//2962
f 808//2963 805//2963 807//2963
f 778//2964 779//2964 777//2964
f 779//2965 780//2965 777//2965
f 808//2966 803//2966 805//2966
f 805//2967 803//2967 804//2967
f 780//2968 781//2968 777//2968
f 777//2969 782//2969 776//2969
f 781//2970 782//2970 777//2970
f 782//2971 783//2971 776//2971
f 802//2972 800//2972 801//2972
f 803//2973 800//2973 802//2973
f 808//2974 799//2974 803//2974
f 803//2975 799//2975 800//2975
f 776//2976 799//2976 808//2976
f 784//2977 786//2977 783//2977
f 785//2978 786//2978 784//2978
f 783//2979 786//2979 776//2979
f 786//2980 787//2980 776//2980
f 799//2981 797//2981 798//2981
f 787//2982 788//2982 776//2982
f 799//2983 796//2983 797//2983
f 789//2984 790//2984 788//2984
f 799//2985 794//2985 796//2985
f 796//2986 794//2986 795//2986
f 776//2987 794//2987 799//2987
f 788//2988 794//2988 776//2988
f 790//2989 792//2989 788//2989
f 788//2990 792//2990 794//2990
f 791//2991 792//2991 790//2991
f 794//2992 792//2992 793//2992
f 1471//2993 48//2993 1//2993
f 1471//2994 1//2994 3//2994
f 47//2995 46//2995 440//2995
f 47//2996 440//2996 1492//2996
f 1471//2997 847//2997 54//2997
f 48//2998 1471//2998 54//2998
f 771//2999 1492//2999 440//2999
f 771//3000 440//3000 442//3000
f 774//3001 681//3001 446//3001
f 774//3002 446//3002 775//3002
f 53//3003 52//3003 844//3003
f 842//3004 53//3004 844//3004
f 959//3005 221//3005 957//3005
f 959//3006 276//3006 221//3006
f 963//3007 428//3007 961//3007
f 963//3008 441//3008 428//3008
f 966//3009 55//3009 1472//3009
f 966//3010 116//3010 55//3010
f 1472//3011 55//3011 70//3011
f 1472//3012 70//3012 965//3012
