# Object Export From Tinkercad Server 2015

mtllib obj.mtl

o obj_0
v -53 		35 		4
v -53 		35 		0
v -0.438 		-1.363 		0
v -0.554 		-1.404 		0
v -0.236 		-1.325 		0
v -53 		0 		0
v -21.1518 		24.576 		4
v -21.085 		24.3 		4
v -21.005 		24.095 		4
v -20.905 		23.9 		4
v -20.719 		23.629 		4
v -20.574 		23.464 		4
v -20.48 		23.3788 		4
v -0.059 		-1.321 		0
v 53.382 		-14.833 		4
v 53.328 		-14.825 		2.55
v -53 		-37 		0
v -53 		-37 		4
v 53.804 		-14.952 		4
v 53.543 		-14.869 		4
v 53.954 		-15.018 		4
v 38.016 		8.255 		0.362
v -2.859 		-1.35 		4
v -2.817 		-1.191 		4
v -2.817 		-1.191 		0
v -2.859 		-1.35 		0
v -3.063 		4.269 		4
v 54.239 		-15.183 		4
v 38.444 		8.398 		0.544
v 13.273 		-3.963 		0
v 63 		-41 		0
v 63 		-41 		4
v -2.928 		-1.514 		4
v -2.941 		-1.538 		0
v -3.032 		-1.674 		0
v -3.288 		4.248 		0
v -3.016 		-1.653 		4
v 13.531 		-4.053 		0
v -2.803 		-1.082 		0
v -49 		-41 		4
v -3.113 		-1.768 		4
v 38.11 		8.79 		0.906
v -49 		-41 		0
v 13.418 		-4.004 		0
v 66.797 		36.254 		0
v 66.88 		35.972 		0
v -3.204 		-1.851 		0
v -3.327 		-1.938 		0
v -3.362 		-1.959 		4
v 66.528 		36.886 		0
v -3.398 		-1.979 		0
v 66.656 		36.62 		0
v 55.085 		-16.3 		2.55
v 11.098 		-0.004 		4
v 67 		0 		0
v 54.955 		-15.998 		2.55
v 11.297 		-0.123 		4
v 65.612 		38.028 		0
v 65.896 		37.757 		0
v 66.092 		37.538 		0
v -3.473 		-2.013 		4
v 11.493 		-0.314 		4
v 66.94 		35.684 		0
v 66.981 		35.392 		0
v 67 		35 		0
v 38.847 		8.234 		0.362
v 44 		35.2 		0
v 11.584 		-0.451 		4
v -3.125 		4.27 		0
v -3.288 		4.248 		4
v 0 		10.24 		4
v 63 		39 		0
v 63.294 		38.988 		0
v -3.524 		-2.032 		0
v 63.587 		38.957 		0
v -2.974 		4.266 		0
v 63.78 		38.923 		0
v 64.348 		38.766 		0
v 64.531 		38.696 		0
v -2.746 		4.222 		0
v -1.686 		7.209 		4
v 64.71 		38.616 		0
v -2.852 		4.249 		4
v 64.971 		38.479 		0
v 65.303 		38.269 		0
v -2.746 		4.222 		4
v 57.744 		25.237 		0
v 57.697 		25.708 		0
v -1.599 		7.349 		4
v -2.533 		4.13 		0
v -3.236 		-0.123 		0
v -2.497 		4.11 		4
v 57.629 		26.057 		0
v 57.747 		24.882 		0
v 54.717 		-15.63 		2.55
v -1.454 		7.513 		4
v -3.123 		-0.223 		0
v -3.204 		-0.149 		4
v -3.016 		-0.347 		0
v 37.086 		8.811 		0.544
v -0.049 		2.598 		4
v -2.948 		-0.45 		0
v 57.539 		26.4 		0
v -3.032 		-0.326 		4
v -0.044 		2.585 		0
v -1.315 		7.623 		4
v 57.377 		26.845 		0
v -2.854 		-0.663 		0
v -1.172 		7.704 		4
v -0.096 		2.726 		0
v -2.928 		-0.486 		4
v -0.113 		2.793 		4
v -2.817 		-0.809 		0
v -0.139 		2.969 		0
v -2.803 		-0.932 		0
v -0.139 		2.969 		4
v 55.773 		28.857 		0
v -0.139 		3.119 		4
v -1.032 		7.758 		4
v -2.859 		-0.65 		4
v -0.912 		7.787 		4
v -0.083 		3.387 		4
v 55.375 		29.114 		0
v -0.083 		3.387 		0
v -0.132 		3.174 		0
v 54.172 		29.602 		0
v 53.591 		29.713 		0
v -2.817 		-0.809 		4
v -0.721 		7.806 		4
v -0.014 		3.551 		4
v -0.014 		3.551 		0
v -2.803 		-0.918 		4
v -0.497 		7.785 		4
v -0.072 		-3.516 		0
v 54.954 		29.33 		0
v 54.513 		29.503 		0
v -0.319 		7.735 		4
v -0.345 		-3.496 		0
v -0.043 		7.584 		4
v -0.503 		-3.451 		0
v 53.237 		29.743 		0
v -2.803 		-1.068 		4
v -1.976 		3.062 		4
v 11.657 		-0.598 		4
v 52.175 		29.678 		0
v -1.972 		3.199 		4
v -1.976 		3.062 		0
v 52.763 		29.743 		0
v -2.012 		2.873 		4
v -2.012 		2.873 		0
v -0.7 		-3.356 		0
v -1.686 		6.206 		4
v 37.745 		8.317 		0.362
v -2.047 		2.77 		0
v -1.78 		6.463 		4
v -0.345 		-3.496 		4
v -0.823 		-3.268 		0
v -1.803 		6.625 		4
v 51.828 		29.602 		0
v -0.113 		-3.517 		4
v 11.716 		-0.809 		4
v 37.228 		8.519 		0.362
v -1.802 		6.803 		4
v 51.376 		29.462 		0
v -2.012 		3.469 		4
v -0.503 		-3.451 		4
v -1.762 		7.011 		4
v -0.995 		-3.092 		0
v 50.625 		29.114 		0
v -0.652 		-3.382 		4
v -2.012 		3.469 		0
v 50.227 		28.857 		0
v -1.987 		3.362 		4
v -1.079 		-2.967 		0
v -1.982 		3.321 		0
v 11.704 		-1.244 		4
v -0.823 		-3.268 		4
v -1.181 		-2.728 		0
v 11.732 		-1.041 		4
v 56.989 		27.576 		0
v -0.914 		-3.185 		4
v 56.786 		27.868 		0
v -4.042 		3.685 		4
v 57.172 		27.272 		0
v -3.955 		3.824 		4
v -0.001 		5.866 		4
v 11.634 		-1.452 		4
v -1.21 		-2.609 		0
v -1.058 		-3.002 		4
v -1.225 		-2.445 		0
v 56.143 		28.561 		0
v 37.394 		8.842 		0.725
v -3.857 		3.939 		4
v -1.129 		-2.87 		4
v 56.639 		28.053 		0
v 11.41 		-1.777 		4
v -0.182 		5.743 		4
v -1.218 		-2.281 		0
v 56.399 		28.316 		0
v -1.199 		-2.173 		0
v 11.525 		-1.641 		4
v -3.712 		4.064 		4
v -0.344 		5.67 		4
v -1.224 		-2.5 		4
v -0.503 		5.628 		4
v 49.683 		28.4 		0
v 49.361 		28.053 		0
v 11.297 		-1.877 		4
v -1.173 		-2.755 		4
v -0.707 		5.609 		4
v -3.234 		-4.084 		0
v 49.948 		28.638 		0
v -3.002 		-4.074 		0
v -0.912 		5.628 		4
v -2.36 		4.008 		4
v 11.098 		-1.996 		4
v -2.852 		-4.093 		0
v -2.203 		3.846 		4
v -1.222 		-2.336 		4
v -3.696 		-2.08 		0
v -1.07 		5.67 		4
v -1.199 		-2.173 		4
v -3.845 		-2.098 		0
v -1.233 		5.743 		4
v -2.118 		3.721 		4
v 58.8 		23 		0
v 63.2 		23 		0
v 57.629 		23.943 		0
v 57.697 		24.292 		0
v -1.485 		5.93 		4
v 57.377 		23.155 		0
v 57.539 		23.6 		0
v -4.327 		-2.013 		0
v -3.288 		-4.095 		4
v -1.599 		6.066 		4
v -4.461 		-1.945 		0
v -3.111 		-4.073 		4
v -2.179 		2.53 		4
v 36.843 		10.622 		4
v -4.564 		-1.877 		0
v -2.092 		2.67 		4
v 57.226 		22.834 		0
v -3.547 		4.162 		4
v -3.446 		4.205 		4
v -4.686 		-1.767 		0
v 36.801 		10.958 		4
v -2.961 		-4.077 		4
v 36.814 		11.211 		4
v -4.777 		-1.664 		0
v 55.375 		20.886 		0
v 55.773 		21.143 		0
v 36.859 		11.44 		4
v 54.954 		20.67 		0
v -4.874 		-1.507 		0
v 54.624 		20.538 		0
v -3.736 		-2.087 		4
v -4.954 		-1.311 		0
v -4.997 		-1.082 		0
v -3.907 		-2.098 		4
v 56.052 		21.362 		0
v -4.997 		-0.932 		0
v 56.786 		22.132 		0
v -4.959 		-0.702 		0
v 56.399 		21.684 		0
v -4.34 		-2.007 		4
v -4.924 		-0.598 		0
v 56.639 		21.947 		0
v -4.852 		-0.45 		0
v -4.687 		-0.232 		0
v -4.574 		-0.132 		0
v -4.438 		-0.041 		0
v 36.796 		12.162 		1.088
v -4.473 		-1.938 		4
v 49.327 		21.995 		0
v -8.192 		0 		0
v 49.77 		21.519 		0
v -4.118 		-2.078 		0
v 50.325 		21.077 		0
v 50.833 		20.773 		0
v -4.564 		-1.877 		4
v 50.038 		21.286 		0
v -4.784 		-1.653 		4
v 36.689 		11.986 		1.088
v -4.658 		-1.796 		4
v -0.016 		-5.544 		0
v 51.156 		20.624 		0
v -4.877 		-1.501 		4
v -0.096 		-5.348 		0
v 53.591 		20.287 		0
v 36.599 		11.801 		1.088
v 54.286 		20.428 		0
v -4.983 		-1.191 		4
v 51.828 		20.398 		0
v 52.175 		20.322 		0
v 54.496 		-15.388 		2.55
v -0.139 		-5.106 		0
v -0.139 		-4.955 		0
v 53.118 		20.251 		0
v 52.409 		20.287 		0
v -0.125 		-4.846 		0
v -4.997 		-1.068 		4
v -2.313 		2.375 		4
v 52.763 		20.257 		0
v -0.083 		-4.687 		0
v -4.997 		-0.918 		4
v -2.406 		2.295 		4
v -4.971 		-0.756 		4
v -0.014 		-4.524 		0
v -1.974 		-5.253 		0
v -1.973 		-5.103 		0
v 44 		30.8 		0
v -2.012 		-5.469 		0
v -4.907 		-0.56 		4
v 48.253 		24.882 		0
v -2.533 		2.213 		4
v -4.831 		-0.415 		4
v 36.853 		10.581 		1.45
v 49.011 		27.576 		0
v 48.623 		26.845 		0
v -2.012 		-4.873 		0
v 48.461 		26.4 		0
v -2.746 		2.12 		4
v 48.828 		27.272 		0
v 36.816 		10.789 		1.45
v -2.907 		2.085 		4
v -4.658 		-0.204 		4
v 48.371 		26.057 		0
v 48.303 		25.708 		0
v -4.438 		-0.041 		4
v -4.042 		-4.658 		0
v -3.084 		2.072 		4
v 48.274 		25.473 		0
v -3.288 		2.095 		4
v -3.938 		-4.497 		0
v 48.461 		23.6 		0
v 48.58 		23.265 		0
v -4.171 		-2.064 		4
v -3.857 		-4.403 		0
v -3.446 		2.138 		4
v 48.274 		24.527 		0
v 48.303 		24.292 		0
v -3.745 		-4.303 		0
v -3.644 		2.233 		4
v -3.632 		-4.226 		0
v 48.828 		22.728 		0
v -0.044 		-5.489 		4
v -3.485 		-4.153 		0
v 49.011 		22.424 		0
v -3.93 		2.486 		4
v -0.088 		-5.374 		4
v 40.96 		16.384 		0
v -2.694 		-4.138 		0
v -4.001 		2.587 		4
v 58.8 		7 		0
v -0.139 		-5.119 		4
v -2.545 		-4.207 		0
v 63.2 		7 		0
v -4.078 		2.732 		4
v 41.227 		12.575 		0
v 36.801 		11.042 		1.45
v 41.057 		12.838 		0
v -2.406 		-4.295 		0
v -2.252 		-4.44 		0
v -0.113 		-4.793 		4
v -0.139 		-4.969 		4
v 41.057 		9.162 		0
v -2.14 		-4.587 		0
v -0.066 		-4.635 		4
v 41.302 		9.563 		0
v -2.052 		-4.757 		0
v 41.57 		10.299 		0
v -2.063 		-5.611 		0
v -1.973 		-5.24 		4
v -2.177 		-5.813 		0
v 41.646 		10.843 		0
v -2.012 		-5.469 		4
v -2.283 		-5.939 		0
v 41.65 		11 		0
v 41.625 		11.392 		0
v -2.497 		-6.11 		0
v -2.012 		-4.873 		4
v 41.54 		11.815 		0
v -1.974 		-5.089 		4
v 41.385 		12.259 		0
v -3.689 		-6.079 		0
v -3.857 		-5.939 		0
v -4.042 		-4.658 		4
v -3.962 		-5.812 		0
v 40.524 		13.412 		0
v -3.955 		-4.519 		4
v -4.066 		-5.636 		0
v -1.155 		0.029 		4
v 40.274 		13.602 		0
v 40.006 		13.766 		0
v 39.577 		13.959 		0
v -1.209 		0.227 		4
v -1.631 		-8.111 		0
v -3.828 		-4.375 		4
v 11.098 		-0.004 		0
v 39.277 		14.052 		0
v -1.226 		0.39 		4
v -1.531 		-7.981 		0
v 11.297 		-0.123 		0
v -1.414 		-7.865 		0
v -1.21 		0.609 		4
v 11.41 		-0.223 		0
v -1.315 		-7.792 		0
v -1.185 		-7.717 		0
v -3.596 		-4.207 		4
v 11.518 		-0.347 		0
v -1.173 		0.755 		4
v -1.07 		-7.67 		0
v 38.735 		14.141 		0
v -1.104 		0.919 		4
v 11.657 		-0.598 		0
v -0.885 		-7.623 		0
v 38.265 		14.141 		0
v 11.605 		-0.486 		0
v -0.762 		-7.609 		0
v -0.995 		1.092 		4
v -3.446 		-4.138 		4
v 38.031 		14.114 		0
v -0.653 		-7.609 		0
v 37.647 		14.032 		0
v 11.704 		-0.756 		0
v -0.383 		-7.657 		0
v -0.17 		-7.749 		0
v -0.885 		1.214 		4
v -2.048 		0 		4
v 11.73 		-0.918 		0
v 37.204 		13.871 		0
v -0.791 		1.294 		4
v -0.043 		-7.831 		0
v -0.652 		1.382 		4
v -2.772 		-4.112 		4
v 11.732 		-1.041 		0
v 11.716 		-1.191 		0
v 36.416 		13.362 		0
v 36.087 		13.025 		0
v 35.943 		12.838 		0
v -0.503 		1.451 		4
v 54.613 		-15.504 		4
v 11.657 		-1.402 		0
v -2.593 		-6.162 		0
v 35.698 		12.437 		0
v -0.345 		1.496 		4
v -2.733 		-6.217 		0
v 36.448 		11.205 		1.088
v -2.682 		-4.143 		4
v -0.113 		1.517 		4
v 11.564 		-1.585 		0
v -2.961 		-6.265 		0
v 36.791 		13.646 		0
v -3.221 		-6.26 		0
v 36.438 		11 		1.088
v 54.754 		-15.672 		4
v -3.342 		-6.237 		0
v 54.818 		-15.761 		4
v -2.406 		-4.295 		4
v 36.536 		13.463 		0
v -3.497 		-6.183 		0
v 11.252 		-1.907 		0
v 54.905 		-15.9 		4
v -2.533 		-4.213 		4
v 11.381 		-1.806 		0
v -4.009 		0.094 		4
v -3.811 		0.093 		4
v 55.067 		-16.248 		4
v -4.139 		-5.422 		0
v 55.005 		-16.095 		4
v -2.313 		-4.375 		4
v 40.006 		8.234 		0
v -3.616 		0.062 		4
v -4.168 		-5.199 		0
v -3.473 		0.013 		4
v 55.102 		-16.352 		4
v 40.339 		8.442 		0
v -4.155 		-4.994 		0
v -2.211 		-4.486 		4
v 10.258 		-2.032 		0
v -4.129 		-4.873 		0
v 55.16 		-15.364 		2.04
v -2.079 		-4.694 		4
v 36.478 		10.591 		1.088
v 40.584 		8.638 		0
v 40.754 		8.801 		0
v 54.582 		-14.8 		2.04
v -2.063 		-5.611 		4
v 10.096 		-1.959 		0
v -1.71 		-9.16 		0
v 40.913 		8.975 		0
v 10.06 		-1.938 		4
v -1.78 		-8.952 		0
v 9.969 		-1.877 		0
v -2.118 		-5.721 		4
v 9.876 		-1.796 		4
v -2.203 		-5.846 		4
v -1.799 		-8.844 		0
v 9.774 		-1.686 		0
v 55.131 		-14.586 		1.53
v -4.314 		0.018 		4
v 36.01 		11.768 		0.544
v 9.749 		-1.653 		4
v -4.158 		0.068 		4
v -1.799 		-8.571 		0
v 35.408 		11.585 		0
v -4.141 		2.927 		4
v 9.66 		-1.507 		0
v 9.662 		-1.514 		4
v -2.313 		-5.968 		4
v -1.78 		-8.463 		0
v 9.592 		-1.35 		4
v -4.167 		3.103 		4
v -1.735 		-8.319 		0
v 9.55 		-1.191 		0
v 9.55 		-1.191 		4
v 35.366 		11.314 		0
v -4.167 		3.253 		4
v 35.726 		11.278 		0.362
v 9.535 		-1.027 		0
v -3.689 		-6.079 		4
v 54.987 		-15.157 		2.04
v 9.536 		-1.068 		4
v -0.1 		-9.623 		0
v -4.111 		3.521 		4
v 9.544 		-0.863 		4
v -3.828 		-5.968 		4
v -0.243 		-9.704 		0
v 9.542 		-0.863 		0
v -3.989 		-5.772 		4
v 9.576 		-0.703 		0
v 9.656 		-0.499 		4
v -0.503 		-9.787 		0
v 9.631 		-0.548 		0
v 9.587 		-0.663 		4
v -4.088 		-5.585 		4
v 9.681 		-0.45 		0
v -24.5 		12.699 		4
v 9.766 		-0.326 		0
v -0.653 		-9.806 		0
v -24.331 		12.691 		4
v 9.766 		-0.326 		4
v -24.143 		12.661 		4
v 9.846 		-0.232 		0
v -23.899 		12.589 		4
v -0.912 		-9.787 		0
v 9.959 		-0.132 		0
v 9.937 		-0.149 		4
v 35.569 		12.15 		0
v -23.687 		12.493 		4
v 35.49 		11.928 		0
v 53.603 		-14.358 		2.04
v 35.768 		11.552 		0.362
v -23.543 		12.404 		4
v 10.06 		-0.062 		4
v 35.35 		11 		0
v 35.385 		10.531 		0
v 35.43 		10.299 		0
v 10.108 		-0.035 		0
v -22.801 		10.958 		4
v -22.834 		10.663 		4
v 10.286 		-2.736 		4
v 10.402 		-2.852 		4
v -22.951 		10.301 		4
v 10.52 		-3.02 		4
v -1.135 		-9.721 		0
v -23.392 		12.287 		4
v 10.797 		-2.086 		4
v -23.145 		12.026 		4
v -1.28 		-9.645 		0
v 10.957 		-2.051 		4
v 36.123 		11.481 		0.725
v -1.532 		-9.435 		0
v -23.04 		11.868 		4
v -1.63 		-9.303 		0
v 10.633 		-2.1 		4
v -22.951 		11.699 		4
v -22.889 		11.541 		4
v 10.47 		-2.086 		4
v -22.843 		11.378 		4
v 10.309 		-2.051 		4
v -22.808 		11.169 		4
v 36.433 		12.263 		0.725
v 10.668 		-3.624 		4
v -23.04 		10.132 		4
v -20.48 		-10.24 		0
v -23.134 		-10.163 		0
v 10.626 		-3.867 		4
v -23.423 		-10.041 		0
v 52.702 		-13.026 		0.765
v -23.723 		-9.948 		0
v 10.571 		-4.021 		4
v -23.145 		9.974 		4
v -24.265 		-9.859 		0
v -23.344 		9.754 		4
v 35.54 		9.923 		0
v -21.469 		-12.147 		0
v 52.175 		-12.322 		0
v 35.662 		9.633 		0
v -21.54 		-11.923 		0
v 35.812 		9.357 		0
v -23.543 		9.596 		4
v -21.698 		-11.563 		0
v -21.812 		-11.357 		0
v -23.687 		9.507 		4
v 10.597 		-3.18 		4
v -22.191 		-10.857 		0
v 35.989 		9.098 		0
v -23.959 		9.389 		4
v 10.641 		-3.324 		4
v 36.358 		8.692 		0
v -24.205 		9.326 		4
v -22.358 		-10.692 		0
v 10.66 		-3.432 		4
v -24.5 		9.301 		4
v -22.599 		-10.49 		0
v -22.791 		-10.354 		0
v 36.661 		8.442 		0
v 36.791 		8.354 		0
v 10.664 		-3.487 		0
v 10.666 		-3.651 		0
v -25.525 		12.353 		4
v -22.925 		-10.272 		0
v -25.256 		12.521 		4
v 10.553 		-4.058 		0
v 10.641 		-3.814 		0
v -25.081 		12.597 		4
v 37.204 		8.129 		0
v -24.857 		12.661 		4
v 37.423 		8.041 		0
v -24.669 		12.691 		4
v -21.354 		-13.157 		0
v -21.36 		-12.765 		0
v -21.399 		-12.453 		0
v 10.612 		-3.919 		0
v 37.723 		7.948 		0
v 38.031 		7.886 		0
v 38.382 		7.855 		0
v 38.735 		7.859 		0
v -26.097 		10.419 		4
v 10.275 		-2.728 		0
v -21.597 		-14.224 		0
v 39.277 		7.948 		0
v -26.166 		10.663 		4
v -21.515 		-14.003 		0
v 39.723 		8.098 		0
v 10.402 		-2.852 		0
v -4.042 		3.685 		0
v -26.199 		10.958 		4
v -21.412 		-13.624 		0
v -26.192 		11.169 		4
v -26.181 		11.253 		4
v 10.493 		-2.973 		0
v -3.817 		3.976 		0
v -26.111 		11.541 		4
v 14.4 		35.2 		0
v 10.597 		-3.18 		0
v 29.2 		35.2 		0
v -3.938 		3.846 		0
v -22.191 		-15.143 		0
v 14.4 		30.8 		0
v -22.087 		-15.025 		0
v 29.2 		30.8 		0
v 35.768 		10.448 		0.362
v -26.049 		11.699 		4
v -21.897 		-14.774 		0
v -21.812 		-14.643 		0
v 10.641 		-3.324 		0
v -25.96 		11.868 		4
v -3.69 		4.08 		0
v 10.415 		-2.078 		0
v -25.829 		12.06 		4
v 35.894 		11 		0.544
v 16.486 		4.102 		0
v -23.647 		-16.032 		0
v -23.204 		-15.871 		0
v -24.857 		9.339 		4
v -24.265 		-16.141 		0
v 16.694 		4.205 		0
v -2.203 		3.846 		0
v -24.108 		-16.126 		0
v -25.081 		9.403 		4
v -2.313 		3.968 		0
v 16.839 		4.246 		0
v -25.256 		9.479 		4
v -25.457 		9.596 		4
v 17.002 		4.268 		0
v -25.56 		9.671 		4
v 17.18 		4.264 		0
v -25.746 		9.844 		4
v 10.957 		-2.051 		0
v -2.118 		3.721 		0
v 17.394 		4.221 		0
v 17.559 		4.155 		0
v -2.063 		3.611 		0
v 10.838 		-2.08 		0
v -25.928 		10.078 		4
v -23.063 		-15.803 		0
v -25.993 		10.187 		4
v -22.536 		-15.463 		0
v 10.647 		-2.099 		0
v 20.48 		0 		0
v 36.123 		10.519 		0.725
v 53.068 		-14.291 		2.04
v 8.645 		-2.973 		4
v 18.167 		3.103 		0
v -24.735 		-9.859 		0
v 8.821 		-2.763 		4
v -25.201 		-9.929 		0
v -25.503 		-10.014 		0
v 17.69 		4.08 		0
v -49 		39 		4
v -25.796 		-10.129 		0
v 17.817 		3.976 		0
v 8.95 		-2.662 		4
v -26.274 		-10.398 		0
v -49.196 		38.995 		4
v -49.489 		38.969 		4
v -26.524 		-10.588 		0
v -49.78 		38.923 		4
v -49.972 		38.88 		4
v 18.015 		3.733 		0
v -50.531 		38.696 		4
v -50.886 		38.528 		4
v -51.056 		38.431 		4
v -51.538 		38.092 		4
v -51.964 		37.686 		4
v -52.092 		37.538 		4
v -52.431 		37.056 		4
v 9.092 		-2.578 		4
v 18.113 		3.521 		0
v 51.451 		-13.053 		0.51
v -52.696 		36.531 		4
v -52.797 		36.254 		4
v -52.88 		35.972 		4
v -52.923 		35.78 		4
v -52.969 		35.489 		4
v -52.995 		35.196 		4
v 18.167 		3.253 		0
v 9.232 		-2.523 		4
v -26.754 		-10.801 		0
v 9.405 		-2.483 		4
v 51.828 		-12.398 		0
v -27.283 		-11.529 		0
v 18.124 		2.86 		0
v 36.599 		10.199 		1.088
v -36.801 		24.945 		4
v -36.818 		24.727 		4
v -27.431 		-11.85 		0
v 9.569 		-2.469 		4
v -27.531 		-12.147 		0
v 18.073 		2.719 		0
v -36.844 		25.436 		4
v -36.811 		25.219 		4
v 17.93 		2.486 		0
v 9.719 		-2.48 		4
v -38.781 		27.188 		4
v 17.817 		2.366 		0
v -38.618 		27.167 		4
v -38.196 		27.048 		4
v -26.962 		-11.037 		0
v 36.796 		9.838 		1.088
v 17.69 		2.263 		0
v -37.9 		26.905 		4
v 9.996 		-2.557 		4
v 17.584 		2.2 		0
v -37.806 		26.848 		4
v 9.841 		-2.504 		4
v 17.394 		2.122 		0
v -37.716 		26.786 		4
v -37.628 		26.72 		4
v 17.234 		2.084 		0
v 35.931 		9.917 		0.362
v 17.125 		2.073 		0
v 10.177 		-2.653 		4
v -27.625 		-12.608 		0
v -40.328 		26.753 		4
v -40.1 		26.905 		4
v 17.002 		2.074 		0
v 51.852 		-12.918 		0.51
v -39.905 		27.005 		4
v -39.804 		27.048 		4
v 8.567 		-4.021 		4
v -27.625 		-13.392 		0
v 16.812 		2.103 		0
v -39.543 		27.131 		4
v 8.512 		-3.867 		4
v -39.382 		27.167 		4
v 16.533 		2.213 		0
v -39.274 		27.183 		4
v -27.531 		-13.853 		0
v 51.115 		-14.081 		1.275
v 8.478 		-3.706 		4
v -27.431 		-14.15 		0
v 50.729 		-12.83 		0
v -39.055 		27.199 		4
v 36.197 		9.43 		0.362
v 49.948 		-13.362 		0
v 50.423 		-13.01 		0
v 17.473 		0.013 		0
v 8.47 		-3.542 		4
v 36.365 		9.208 		0.362
v 49.361 		-13.947 		0
v 17.629 		0.064 		0
v -37.504 		26.612 		4
v 49.683 		-13.6 		0
v -26.524 		-15.412 		0
v 17.791 		0.094 		0
v 8.488 		-3.378 		4
v -37.315 		26.414 		4
v -26.274 		-15.602 		0
v -37.246 		26.328 		4
v 18.171 		0.066 		0
v -26.006 		-15.766 		0
v 8.541 		-3.18 		4
v 18.276 		0.033 		0
v -37.123 		26.147 		4
v -25.353 		-16.032 		0
v -24.969 		-16.114 		0
v -37.043 		26.003 		4
v -24.735 		-16.141 		0
v 51.156 		-12.624 		0
v 36.265 		10.058 		0.725
v -36.898 		25.648 		4
v -36.868 		25.543 		4
v -36.953 		25.804 		4
v -27.283 		-14.471 		0
v -26.962 		-14.963 		0
v -26.754 		-15.199 		0
v -28.672 		-16.384 		0
v -40.932 		26.052 		4
v -40.847 		26.193 		4
v -40.719 		26.371 		4
v 10.313 		9.755 		0
v -40.496 		26.612 		4
v -30 		-32.8 		0
v -30 		-37.2 		0
v -0.4 		-32.8 		0
v 10.454 		9.903 		0
v -0.4 		-37.2 		0
v -15.2 		-37.2 		0
v -15.2 		-32.8 		0
v 10.605 		10.01 		0
v 36.554 		9.005 		0.362
v -38.469 		-12.284 		0
v 10.769 		10.094 		0
v 52.672 		-14.825 		2.55
v -1.631 		-8.111 		4
v -39 		-12.251 		0
v -39.355 		-12.263 		0
v -1.531 		-7.981 		4
v -41.182 		24.727 		4
v 10.887 		10.132 		0
v -2.099 		2.658 		0
v -1.414 		-7.865 		4
v -41.197 		24.89 		4
v 36.762 		8.821 		0.362
v 11.171 		10.17 		0
v -41.2 		25 		4
v -1.185 		-7.717 		4
v -2.177 		2.529 		0
v -41.197 		25.11 		4
v -41.189 		25.219 		4
v -1.07 		-7.67 		4
v 11.294 		10.162 		0
v -0.912 		-7.628 		4
v -41.132 		25.543 		4
v -41.102 		25.648 		4
v 11.495 		10.121 		0
v -41.156 		25.436 		4
v -0.707 		-7.609 		4
v 11.636 		10.066 		0
v 53 		-14.803 		2.55
v -41.027 		25.855 		4
v 11.79 		9.978 		0
v -0.383 		-7.657 		4
v -2.446 		2.268 		0
v 11.948 		9.847 		0
v -2.274 		2.414 		0
v -0.134 		-7.769 		4
v 12.056 		9.723 		0
v 12.149 		9.571 		0
v -34.816 		22.528 		4
v 12.214 		9.421 		0
v -2.631 		-6.179 		4
v -36.883 		24.404 		4
v -2.799 		2.107 		0
v -36.953 		24.196 		4
v 12.262 		8.934 		0
v 12.27 		9.057 		0
v -37.043 		23.997 		4
v 12.233 		8.786 		0
v -2.606 		2.175 		0
v -2.799 		-6.236 		4
v -37.153 		23.807 		4
v 12.169 		8.613 		0
v -37.281 		23.629 		4
v -3.016 		-6.268 		4
v -3.193 		-6.263 		4
v 12.064 		8.428 		0
v -3.342 		-6.237 		4
v 11.968 		8.313 		0
v -37.446 		23.446 		4
v -2.961 		2.077 		0
v -37.672 		23.247 		4
v -37.853 		23.123 		4
v -3.234 		2.084 		0
v -3.497 		-6.183 		4
v 10.485 		8.21 		0
v -38.046 		23.018 		4
v -38.248 		22.933 		4
v -3.547 		2.18 		0
v -38.457 		22.869 		4
v 10.321 		8.374 		0
v -38.618 		22.833 		4
v 52.046 		-15.018 		2.55
v -34.397 		-15.828 		0
v 51.588 		-15.317 		2.55
v -34.499 		-15.488 		0
v 12.262 		9.207 		0
v -38.89 		22.803 		4
v -3.644 		2.233 		0
v -3.766 		2.321 		0
v 10.22 		8.521 		0
v -34.72 		-14.939 		0
v -40.685 		23.586 		4
v 10.134 		8.707 		0
v -3.894 		2.445 		0
v -40.754 		23.672 		4
v -40.847 		23.807 		4
v -34.888 		-14.626 		0
v 10.09 		8.88 		0
v -4.021 		2.622 		0
v -35.948 		-13.362 		0
v -40.957 		23.997 		4
v -36.227 		-13.143 		0
v 10.072 		9.043 		0
v 8.645 		-2.973 		0
v -35.287 		-14.039 		0
v 8.736 		-2.852 		0
v -39.055 		22.801 		4
v 10.099 		9.315 		0
v -35.601 		-13.684 		0
v -4.084 		2.744 		0
v 14.4 		35.2 		4
v -39.274 		22.817 		4
v 29.2 		35.2 		4
v 8.863 		-2.728 		0
v 10.143 		9.459 		0
v -39.382 		22.833 		4
v 10.2 		9.584 		0
v 14.4 		30.8 		4
v -39.543 		22.869 		4
v 9.092 		-2.578 		0
v -36.625 		-12.886 		0
v 29.2 		30.8 		4
v -39.804 		22.952 		4
v 9.206 		-2.532 		0
v -37.156 		-12.624 		0
v -1.164 		0.055 		0
v -39.954 		23.018 		4
v 16.588 		4.157 		4
v -37.487 		-12.497 		0
v -40.372 		23.28 		4
v -40.496 		23.388 		4
v -1.199 		0.173 		0
v -40.194 		23.152 		4
v 6.175 		10.628 		0
v -40.284 		23.214 		4
v 16.746 		4.222 		4
v 6.332 		10.771 		0
v 17.016 		4.268 		4
v -37.828 		-12.398 		0
v 6.523 		10.89 		0
v 9.555 		-2.47 		0
v -1.222 		0.336 		0
v 6.689 		10.954 		0
v 17.221 		4.26 		4
v 9.405 		-2.482 		0
v 6.836 		10.987 		0
v 17.394 		4.221 		4
v -39.825 		-12.322 		0
v 7 		10.998 		0
v -40.172 		-12.398 		0
v -1.224 		0.5 		0
v 17.559 		4.155 		4
v 7.164 		10.987 		0
v -1.21 		0.609 		0
v -40.513 		-12.497 		0
v 9.679 		-2.475 		0
v -40.844 		-12.624 		0
v -1.173 		0.755 		0
v 7.311 		10.954 		0
v 7.526 		10.866 		0
v -41.047 		24.196 		4
v 9.84 		-2.505 		0
v 18.167 		3.089 		4
v -41.102 		24.352 		4
v -44.8 		-9 		0
v -1.129 		0.87 		0
v 7.717 		10.733 		0
v -41.132 		24.457 		4
v -41.167 		-12.773 		0
v 16.428 		4.064 		4
v -42.317 		-13.6 		0
v 7.825 		10.628 		0
v -42.56 		-13.858 		0
v 10.009 		-2.562 		0
v -1.02 		1.06 		0
v -41.675 		-13.077 		0
v 7.952 		10.45 		0
v 8.018 		10.314 		0
v -0.923 		1.175 		0
v 10.143 		-2.631 		0
v -44.8 		23 		4
v 17.69 		4.08 		4
v -42.052 		-13.362 		0
v 6.009 		10.377 		0
v -0.769 		1.311 		0
v 17.777 		4.014 		4
v 6.077 		10.496 		0
v 8.547 		-3.97 		0
v -49.2 		23 		4
v 17.885 		3.909 		4
v -49.2 		7 		4
v -42.786 		-14.132 		0
v -0.503 		1.451 		0
v -44.8 		7 		4
v -0.604 		1.408 		0
v 8.478 		-3.706 		0
v -4.141 		-5.416 		4
v -42.989 		-14.424 		0
v 8.497 		-3.814 		0
v 17.993 		3.767 		4
v -4.167 		-5.24 		4
v -0.072 		-0.681 		4
v 52.353 		-14.901 		2.55
v -0.345 		1.496 		0
v -4.16 		-5.035 		4
v -43.226 		-14.834 		0
v -43.377 		-15.155 		0
v 18.073 		3.624 		4
v 8.471 		-3.514 		0
v -0.195 		1.515 		0
v -0.345 		-0.66 		4
v 8.497 		-3.324 		0
v -4.111 		-4.821 		4
v -43.676 		-16.175 		0
v -0.031 		1.513 		0
v 18.124 		3.482 		4
v -0.567 		-0.59 		4
v 8.566 		-3.124 		0
v 18.167 		3.24 		4
v -43.539 		-15.6 		0
v -1.692 		-9.197 		4
v -0.746 		-0.49 		4
v -43.603 		-15.828 		0
v -4.009 		0.094 		0
v -3.791 		0.094 		0
v -0.875 		-0.388 		4
v -1.75 		-9.058 		4
v 16.293 		-5.948 		0
v -0.952 		-0.31 		4
v -49.2 		-9 		0
v 18.124 		2.86 		4
v -1.78 		-8.952 		4
v -3.629 		0.064 		0
v 16.247 		-5.898 		4
v -1.043 		-0.19 		4
v -34.253 		-17.118 		0
v 16.147 		-5.768 		4
v -34.288 		-16.41 		0
v -3.473 		0.013 		0
v 18.073 		2.719 		4
v 16.125 		-5.733 		0
v -34.429 		-18.286 		0
v -34.324 		-17.825 		0
v 17.993 		2.575 		4
v 16.069 		-5.623 		4
v -1.802 		-8.803 		4
v -1.807 		-8.68 		4
v -1.123 		-1.953 		4
v -35.214 		-19.868 		0
v 16.012 		-5.469 		4
v -34.947 		-19.477 		0
v 16.016 		-5.482 		0
v -1.043 		-1.81 		4
v -35.601 		-20.316 		0
v -0.927 		-1.666 		4
v 16.068 		-5.624 		0
v -4.314 		0.018 		0
v -4.158 		0.068 		0
v 17.637 		2.231 		4
v 15.973 		-5.24 		4
v 15.973 		-5.24 		0
v -0.7 		-1.479 		4
v -1.78 		-8.463 		4
v -34.774 		-19.166 		0
v 17.777 		2.329 		4
v -34.58 		-18.735 		0
v -0.567 		-1.41 		4
v 15.974 		-5.089 		4
v 15.974 		-5.089 		0
v -4.124 		2.86 		0
v -1.711 		-8.262 		4
v 16.012 		-4.873 		0
v 16.024 		-4.834 		4
v -0.398 		-1.353 		4
v -4.167 		3.089 		0
v -40.844 		-21.376 		0
v -4.167 		3.24 		0
v -40.513 		-21.503 		0
v -0.195 		-1.321 		4
v 8.08 		9.696 		0
v 8.099 		9.927 		0
v 17.446 		2.138 		4
v -4.153 		3.362 		0
v -0.001 		-9.55 		4
v -0.072 		-1.319 		4
v 8.051 		9.576 		0
v -4.111 		3.521 		0
v -40.172 		-21.602 		0
v -39.825 		-21.678 		0
v 8.001 		9.448 		0
v 17.261 		2.088 		4
v -0.23 		-9.698 		4
v 7.892 		9.259 		0
v -37.487 		-21.503 		0
v -37.156 		-21.376 		0
v -39.355 		-21.737 		0
v -38.645 		-21.737 		0
v -0.37 		-9.754 		4
v 17.07 		2.072 		4
v -22.121 		12.454 		0.362
v 8.068 		10.158 		0
v -38.175 		-21.678 		0
v -0.49 		-9.785 		4
v -37.828 		-21.602 		0
v -0.639 		-9.804 		4
v -36.227 		-20.857 		0
v 7.747 		9.095 		0
v -35.948 		-20.638 		0
v -22.246 		13.199 		0
v -36.833 		-21.227 		0
v 7.642 		9.007 		0
v 16.497 		2.233 		4
v -36.625 		-21.114 		0
v -0.762 		-9.806 		4
v 7.573 		8.962 		0
v -21.773 		12.575 		0
v 16.852 		2.093 		4
v 7.439 		8.893 		0
v -22.476 		13.412 		0
v -1.032 		-9.758 		4
v 16.746 		2.12 		4
v -43.747 		-17.118 		0
v -43.726 		-17.473 		0
v 7.284 		8.838 		0
v -43.676 		-17.825 		0
v -1.147 		-9.715 		4
v -22.278 		12.683 		0.362
v -43.603 		-18.172 		0
v 7.123 		8.808 		0
v -1.281 		-9.646 		4
v 6.986 		8.801 		0
v 16.396 		2.303 		4
v 6.836 		8.813 		0
v -43.539 		-18.4 		0
v 6.689 		8.846 		0
v -1.371 		-9.584 		4
v 6.474 		8.934 		0
v -43.726 		-16.527 		0
v 16.047 		-4.77 		0
v 16.104 		-4.645 		4
v 6.263 		9.085 		0
v 16.147 		-4.575 		4
v -1.494 		-9.474 		4
v 16.179 		-4.53 		0
v 16.092 		-4.67 		0
v -43.377 		-18.845 		0
v 6.141 		9.215 		0
v -1.608 		-9.338 		4
v 16.247 		-4.445 		4
v -43.226 		-19.166 		0
v -43.053 		-19.477 		0
v 6.041 		9.362 		0
v -42.786 		-19.868 		0
v 16.283 		-4.403 		0
v 5.976 		9.498 		0
v 5.92 		9.696 		0
v -42.317 		-20.4 		0
v 5.902 		9.873 		0
v 5.924 		10.111 		0
v 14.14 		-5.01 		4
v -42.052 		-20.638 		0
v -41.167 		-21.227 		0
v -41.773 		-20.857 		0
v 2.291 		10.029 		0
v -41.375 		-21.114 		0
v 12.335 		-4.195 		4
v 2.402 		10.084 		0
v 2.665 		10.158 		0
v -44.8 		-25 		0
v 51.586 		-15.315 		4
v 2.884 		10.169 		0
v -49.2 		-25 		0
v 13.705 		-4.162 		4
v 51.761 		-15.183 		4
v -52.88 		-37.972 		0
v -52.94 		-37.684 		0
v 3.113 		10.132 		0
v -51.46 		-40.152 		0
v -52.028 		-39.612 		0
v 52.046 		-15.018 		4
v 3.305 		10.06 		0
v -50.886 		-40.528 		0
v -51.139 		-40.378 		0
v 52.196 		-14.952 		4
v -50.531 		-40.696 		0
v 13.857 		-4.3 		4
v 3.448 		9.979 		0
v 52.618 		-14.833 		4
v 3.546 		9.903 		0
v 13.965 		-4.441 		4
v 3.687 		9.755 		0
v 52.836 		-14.806 		4
v 3.787 		9.608 		0
v 14.044 		-4.585 		4
v 3.857 		9.459 		0
v -49.196 		-40.995 		0
v -49.489 		-40.969 		0
v -49.78 		-40.923 		0
v -49.972 		-40.88 		0
v 3.901 		9.315 		0
v -52.269 		-39.303 		0
v -52.479 		-38.971 		0
v -52.616 		-38.71 		0
v 14.111 		-4.786 		4
v -52.696 		-38.531 		0
v 52.945 		-14.801 		4
v 67 		35 		4
v 53.164 		-14.806 		4
v 3.903 		8.839 		0
v 3.926 		9.002 		0
v 3.871 		8.72 		0
v 67 		-37 		4
v 67 		-37 		0
v 63 		39 		4
v -49 		39 		0
v 51.351 		-15.545 		2.55
v 3.781 		8.52 		0
v 3.653 		8.343 		0
v 14.1 		-5.328 		4
v 66.696 		36.531 		4
v 66.528 		36.886 		4
v 51.214 		-15.716 		2.55
v 66.213 		37.383 		4
v 66.028 		37.612 		4
v 65.828 		37.828 		4
v 65.686 		37.964 		4
v 14.137 		-5.147 		4
v 66.969 		35.489 		4
v 66.923 		35.78 		4
v 3.546 		8.237 		0
v 66.797 		36.254 		4
v 64.71 		38.616 		4
v 64.254 		38.797 		4
v 63.876 		38.902 		4
v 44 		35.2 		4
v 14.044 		-5.489 		4
v 2.081 		8.264 		0
v 13.965 		-5.633 		4
v 3.921 		9.193 		0
v 65.383 		38.213 		4
v 65.222 		38.326 		4
v 51.214 		-15.716 		4
v 63.587 		38.957 		4
v 13.885 		-5.744 		4
v 51.351 		-15.545 		4
v 51.464 		-15.425 		4
v 1.905 		8.474 		0
v -23.469 		12.786 		1.088
v 13.749 		-5.88 		4
v 1.801 		8.682 		0
v 13.661 		-5.946 		4
v 53.328 		27.175 		4
v 1.754 		8.839 		0
v 13.531 		-6.021 		4
v 53.543 		27.131 		4
v 1.732 		8.988 		0
v 53.804 		27.048 		4
v 13.366 		-6.087 		4
v 1.73 		9.111 		0
v 51.31 		-14.881 		2.04
v 53.905 		27.005 		4
v 1.754 		9.301 		0
v 54.1 		26.905 		4
v 54.239 		26.817 		4
v 13.192 		-6.126 		4
v 1.801 		9.459 		0
v 1.87 		9.608 		0
v 2.004 		9.798 		0
v 13.042 		-6.137 		4
v 12.824 		-6.115 		4
v 54.496 		26.612 		4
v 15.78 		6.463 		0
v 15.807 		6.735 		0
v 54.649 		26.455 		4
v 52.266 		-14.391 		2.04
v 54.786 		26.284 		4
v 15.73 		6.306 		0
v 54.905 		26.1 		4
v 12.718 		-6.088 		4
v 54.982 		25.955 		4
v 12.578 		-6.033 		4
v 55.067 		25.752 		4
v 15.652 		6.146 		0
v 55.102 		25.648 		4
v 14.49 		7.785 		0
v 55.199 		24.945 		4
v 55.189 		24.781 		4
v 12.469 		-5.975 		4
v 14.653 		7.804 		0
v 12.335 		-5.88 		4
v 14.965 		7.776 		0
v 55.156 		25.436 		4
v 55.189 		25.219 		4
v 51.095 		-15.9 		2.55
v 15.197 		7.692 		0
v 15.371 		7.583 		0
v 50.964 		-16.172 		2.55
v 52.457 		27.131 		4
v 15.561 		7.397 		0
v 15.685 		7.209 		0
v 52.672 		27.175 		4
v 15.75 		7.058 		0
v 15.78 		6.952 		0
v 52.945 		27.199 		4
v 53.055 		27.199 		4
v 53.164 		27.194 		4
v 13.665 		6.364 		0
v 51.628 		26.72 		4
v 13.616 		6.571 		0
v 51.716 		26.786 		4
v 13.608 		6.721 		0
v 51.9 		26.905 		4
v 52.095 		27.005 		4
v 13.616 		6.844 		0
v 13.729 		7.209 		0
v 52.196 		27.048 		4
v 13.807 		7.338 		0
v 13.911 		7.465 		0
v 50.953 		-16.196 		4
v 14.1 		7.623 		0
v 14.268 		7.715 		0
v 51.351 		26.455 		4
v 51.464 		26.575 		4
v 51.095 		-15.9 		4
v 50.811 		24.781 		4
v -24.5 		12.699 		1.45
v 50.8 		25 		4
v 15.558 		6.012 		0
v 15.455 		5.901 		0
v 50.752 		-14.695 		1.53
v 50.811 		25.219 		4
v 15.338 		5.807 		0
v -24.331 		12.691 		1.45
v 50.844 		25.436 		4
v 15.197 		5.723 		0
v 50.898 		25.648 		4
v 15.031 		5.658 		0
v 50.933 		25.752 		4
v 50.34 		-15.186 		1.53
v 14.858 		5.619 		0
v 14.653 		5.611 		0
v 51.068 		26.052 		4
v 51.182 		26.239 		4
v 14.436 		5.643 		0
v 58.8 		23 		4
v 63.2 		23 		4
v -24.153 		-10.234 		0.362
v 12.878 		4.123 		0
v 13.042 		4.137 		0
v 55.156 		24.564 		4
v 55.102 		24.352 		4
v 13.212 		4.121 		0
v 55.067 		24.248 		4
v -24.431 		-10.213 		0.362
v 14.268 		5.7 		0
v 49.594 		-16.311 		1.275
v 14.134 		5.769 		0
v 14.033 		5.84 		0
v 13.92 		5.94 		0
v 54.932 		23.948 		4
v 54.818 		23.761 		4
v 13.779 		6.124 		0
v 17.473 		0.013 		4
v 54.649 		23.545 		4
v 54.496 		23.388 		4
v 17.629 		0.064 		4
v 54.372 		23.28 		4
v 17.791 		0.094 		4
v 17.955 		0.098 		4
v 11.795 		8.167 		0
v 18.118 		0.077 		4
v 18.276 		0.033 		4
v -22.051 		-12.109 		0.544
v -24.101 		12.651 		1.45
v 50.924 		-15.258 		2.04
v 11.648 		8.08 		0
v 54.194 		23.152 		4
v 11.443 		8.005 		0
v 53.954 		23.018 		4
v 53.804 		22.952 		4
v 11.171 		7.971 		0
v 10.313 		9.755 		4
v 53.701 		22.915 		4
v 11.021 		7.982 		0
v 10.86 		8.016 		0
v 53.49 		22.855 		4
v 10.423 		9.876 		4
v 10.719 		8.068 		0
v -22.276 		-11.641 		0.544
v 10.599 		8.133 		0
v 10.658 		10.042 		4
v 51.231 		23.695 		4
v 10.9 		10.135 		4
v 8.349 		7.224 		0
v 53.164 		22.806 		4
v 8.582 		7.214 		0
v 11.117 		10.167 		4
v 53.055 		22.801 		4
v -23.919 		12.597 		1.45
v 8.728 		7.181 		0
v 52.836 		22.806 		4
v 50.62 		-15.704 		2.04
v 8.894 		7.117 		0
v 52.672 		22.825 		4
v 52.457 		22.869 		4
v 11.294 		10.162 		4
v 9.037 		7.036 		0
v 52.248 		22.933 		4
v -24.5 		-11.301 		4
v 9.155 		6.942 		0
v 9.276 		6.812 		0
v 11.495 		10.121 		4
v -23.959 		-11.389 		4
v 9.376 		6.665 		0
v 52.046 		23.018 		4
v 11.636 		10.066 		4
v 51.853 		23.123 		4
v 9.441 		6.529 		0
v 51.672 		23.247 		4
v 9.509 		6.264 		0
v 11.745 		10.009 		4
v -23.687 		-11.507 		4
v 49.923 		-16.051 		1.53
v 12.368 		-4.169 		0
v 51.504 		23.388 		4
v 10.289 		5.848 		0
v -23.491 		-11.633 		4
v 12.469 		-4.099 		0
v -23.763 		12.531 		1.45
v 10.459 		5.975 		0
v 11.919 		9.876 		4
v 10.61 		6.055 		0
v 51.095 		23.9 		4
v -23.226 		-11.875 		4
v 12.064 		9.712 		4
v 10.753 		6.104 		0
v 50.995 		24.095 		4
v 13.661 		-4.129 		0
v 50.898 		24.352 		4
v 10.982 		6.14 		0
v 13.829 		-4.269 		0
v -23.145 		-11.974 		4
v 50.856 		24.511 		4
v 12.143 		9.584 		4
v -23.007 		-12.187 		4
v 11.146 		6.135 		0
v 11.308 		6.108 		0
v 12.209 		9.433 		4
v 13.902 		-4.352 		0
v 11.562 		6.007 		0
v 14.064 		-4.636 		0
v 11.712 		5.91 		0
v 12.243 		9.315 		4
v 11.852 		5.779 		0
v 44 		30.8 		4
v 49.276 		-14.972 		0.51
v 14.114 		-4.792 		0
v 11.937 		5.672 		0
v 12.021 		5.531 		0
v 14.133 		-4.9 		0
v 12.083 		5.379 		0
v 12.262 		8.934 		4
v 12.271 		9.043 		4
v 58.8 		7 		4
v 12.126 		5.192 		0
v 63.2 		7 		4
v 12.214 		8.727 		4
v 12.136 		5.028 		0
v 14.137 		-5.147 		0
v 12.109 		4.797 		0
v 14.096 		-5.348 		0
v 12.065 		4.653 		0
v 12.016 		4.54 		0
v 12.143 		8.557 		4
v 38.919 		12.647 		4
v 11.907 		4.374 		0
v 39.081 		12.597 		4
v 14.026 		-5.526 		0
v 39.237 		12.531 		4
v 12.064 		8.428 		4
v 11.754 		4.209 		0
v -23.474 		-11.645 		1.45
v 39.576 		12.315 		4
v 11.919 		8.264 		4
v 13.902 		-5.723 		0
v -23.344 		-11.754 		1.45
v 11.657 		4.133 		0
v 39.945 		12.288 		4
v 13.749 		-5.88 		0
v 37.474 		12.355 		4
v 37.578 		12.428 		4
v 10.452 		4.111 		0
v 10.454 		8.237 		4
v 10.32 		4.209 		0
v 37.801 		12.55 		4
v 13.661 		-5.946 		0
v 13.531 		-6.021 		0
v 10.347 		8.343 		4
v 37.919 		12.597 		4
v 41.431 		-11.85 		0
v 13.366 		-6.087 		0
v 38.205 		12.674 		4
v -23.226 		-11.875 		1.45
v 38.5 		12.699 		4
v 38.627 		12.695 		4
v 9.502 		5.95 		0
v 9.517 		6.113 		0
v 41.227 		-11.425 		0
v 9.476 		5.829 		0
v 13.165 		-6.129 		0
v 9.41 		5.657 		0
v 12.987 		-6.134 		0
v 9.242 		5.399 		0
v 12.263 		9.193 		4
v 49.093 		-15.353 		0.51
v 9.166 		5.321 		0
v 40.2 		11 		4
v 40.181 		10.747 		4
v 49.075 		-14.324 		0
v 9.048 		5.227 		0
v 40.157 		10.622 		4
v 40.067 		10.34 		4
v 8.894 		5.138 		0
v 12.824 		-6.115 		0
v 48.888 		-14.626 		0
v 48.461 		-15.6 		0
v 9.5696 		5.12 		0
v 48.344 		-16.059 		0
v 9.952 		5.219 		0
v 12.54 		-6.016 		0
v 9.991 		5.379 		0
v -23.085 		-12.061 		1.45
v 48.58 		-15.265 		0
v 12.718 		-6.088 		0
v 39.717 		12.187 		4
v 10.053 		5.531 		0
v 10.137 		5.672 		0
v 12.423 		-5.945 		0
v 39.829 		12.06 		4
v 10.213 		5.77 		0
v 39.96 		11.868 		4
v 40.111 		11.541 		4
v 40.157 		11.378 		4
v 12.314 		-5.862 		0
v 8.728 		5.073 		0
v 8.582 		5.04 		0
v 40.198 		11.085 		4
v 13.756 		-8.158 		0
v 9.938 		5.056 		0
v 13.848 		-8.022 		4
v 41.011 		-14.209 		0.362
v 8.472 		5.029 		0
v 13.848 		-8.022 		0
v 36.951 		10.301 		4
v 14.001 		-7.865 		4
v 9.956 		4.851 		0
v 14.001 		-7.865 		0
v 36.889 		10.459 		4
v 14.123 		-7.777 		0
v 8.349 		5.03 		0
v 14.134 		-7.769 		4
v 36.918 		11.621 		4
v 10.213 		4.314 		0
v 14.268 		-7.7 		0
v 10.065 		4.528 		0
v 37.049 		11.886 		4
v 14.268 		-7.7 		4
v 10 		4.679 		0
v 37.145 		12.026 		4
v 37.313 		12.217 		4
v 41.227 		-14.575 		0
v 14.436 		-7.643 		4
v 14.436 		-7.643 		0
v 14.612 		-7.613 		0
v 14.653 		-7.611 		4
v 16.364 		2.33 		0
v 39.993 		10.187 		4
v 41.256 		-13.415 		0.362
v 14.803 		-7.613 		0
v 14.817 		-7.613 		4
v 41.431 		-14.15 		0
v 39.928 		10.078 		4
v 16.22 		2.475 		0
v 39.802 		9.907 		4
v 15.084 		-7.674 		4
v 15.084 		-7.674 		0
v 16.125 		2.61 		0
v 14.939 		-7.633 		0
v 39.576 		9.685 		4
v 16.037 		2.795 		0
v 41.284 		-12.861 		0.362
v 41.648 		-13.079 		0
v 15.327 		-7.799 		4
v 39.386 		9.55 		4
v 15.327 		-7.799 		0
v 39.237 		9.469 		4
v 15.445 		-7.893 		0
v 16 		2.927 		0
v 15.504 		-7.95 		4
v 38.919 		9.353 		4
v 41.625 		-13.392 		0
v 15.976 		3.062 		0
v 15.6 		-8.066 		4
v 41.119 		-13.953 		0.362
v 15.974 		3.253 		0
v -23.614 		12.45 		1.45
v 15.6 		-8.066 		0
v 38.753 		9.32 		4
v 15.996 		3.402 		0
v 38.5 		9.301 		4
v 16.048 		3.572 		0
v 10.428 		-4.254 		4
v 38.081 		9.353 		4
v 16.125 		3.733 		0
v 10.275 		-4.41 		4
v 37.919 		9.403 		4
v 16.22 		3.867 		0
v 37.687 		9.507 		4
v 16.353 		4.004 		0
v 37.578 		9.572 		4
v 11.945 		-4.955 		4
v 41.201 		-12.312 		0.362
v 41.256 		-12.585 		0.362
v 37.375 		9.725 		4
v 12.335 		3.88 		0
v 11.959 		-4.846 		4
v 37.171 		9.94 		4
v 12.578 		4.033 		0
v 37.04 		10.132 		4
v 12.001 		-4.687 		4
v 12.718 		4.088 		0
v 12.063 		-4.535 		4
v 12.15 		-4.396 		4
v 13.418 		4.07 		0
v 12.255 		-4.269 		4
v 13.531 		4.021 		0
v 41.625 		-12.608 		0
v 13.661 		3.946 		0
v 13.829 		3.805 		0
v 40.006 		-10.234 		0
v 10.506 		-6.081 		4
v 39.796 		-10.129 		0
v 13.91 		3.712 		0
v 13.994 		3.587 		0
v 14.044 		3.489 		0
v 32.768 		0 		4
v 10.713 		-5.993 		4
v 39.277 		-9.948 		0
v 14.096 		3.348 		0
v 10.982 		-5.944 		4
v 14.139 		3.106 		0
v 38.847 		-10.234 		0.362
v 38.969 		-9.886 		0
v 11.106 		-5.945 		4
v 14.125 		2.846 		0
v 14.139 		2.955 		0
v 38.579 		-9.851 		0
v 14.066 		2.642 		0
v 11.514 		-6.051 		4
v 11.295 		-5.974 		4
v 13.987 		2.476 		0
v 13.829 		2.269 		0
v 13.749 		2.195 		0
v 13.596 		2.091 		0
v 38.031 		-9.886 		0
v 12.182 		-5.723 		4
v 38.292 		-10.22 		0.362
v 38.265 		-9.859 		0
v 12.469 		2.099 		0
v 12.091 		-5.586 		4
v -22.642 		-12.105 		1.088
v 12.378 		2.161 		0
v 12.001 		-5.387 		4
v -22.74 		-11.925 		1.088
v 11.959 		-5.228 		4
v 15.218 		0.281 		0
v 15.226 		0.431 		0
v 37.647 		-9.968 		0
v 15.199 		0.173 		0
v 37.349 		-10.068 		0
v 15.155 		0.029 		0
v -22.922 		-11.676 		1.088
v 14.451 		1.468 		0
v 36.994 		-10.234 		0
v 14.646 		1.385 		0
v 38.919 		-11.353 		4
v 14.802 		1.285 		0
v 14.951 		1.144 		0
v 39.199 		-11.45 		4
v 15.051 		1.014 		0
v 15.111 		0.907 		0
v 39.422 		-11.572 		4
v 15.173 		0.755 		0
v 39.625 		-11.725 		4
v 15.216 		0.568 		0
v 39.717 		-11.813 		4
v 39.928 		-12.078 		4
v 13.418 		2.004 		0
v -24.394 		-11.305 		1.45
v 13.152 		1.943 		0
v 40.039 		-12.282 		4
v -24.163 		-11.334 		1.45
v 12.933 		1.943 		0
v 12.718 		1.986 		0
v 14.018 		1.512 		0
v 14.127 		1.517 		0
v 14.291 		1.504 		0
v -23.84 		-11.434 		1.45
v 13.267 		1.103 		0
v 13.42 		1.26 		0
v 13.508 		1.326 		0
v 13.751 		1.451 		0
v 39.96 		-12.132 		1.45
v 16.384 		0.2138 		4
v 13.055 		0.173 		0
v 13.036 		0.281 		0
v 13.028 		0.431 		0
v -23.632 		-11.54 		1.45
v 13.042 		0.595 		0
v 13.081 		0.755 		0
v 13.125 		0.87 		0
v -8.192 		-8.192 		4
v 12.5948 		0 		0
v 11.526 		4.058 		0
v 40.26 		-11.925 		1.088
v 11.255 		3.964 		0
v 11.147 		3.948 		0
v 10.996 		3.944 		0
v 10.432 		-4.248 		0
v 10.286 		-4.402 		0
v 12.182 		3.723 		0
v 10.873 		3.955 		0
v 12.091 		3.586 		0
v 11.945 		-5.106 		0
v 10.661 		4.009 		0
v 12.001 		3.387 		0
v 11.945 		-4.955 		0
v 10.219 		8.52 		4
v 11.971 		-4.793 		0
v 11.945 		3.119 		0
v 11.959 		3.228 		0
v 12.018 		-4.635 		0
v 39.16 		-11.434 		1.45
v 10.114 		8.773 		4
v 10.402 		2.286 		0
v 10.5 		2.154 		0
v 10.079 		8.947 		4
v 12.158 		-4.385 		0
v 12.182 		2.352 		0
v 10.073 		9.111 		4
v 12.111 		2.452 		0
v -22.656 		-10.91 		0.362
v 10.091 		9.275 		4
v 12.255 		-4.269 		0
v 39.313 		-11.507 		1.45
v 12.018 		2.642 		0
v -23.354 		-10.459 		0.362
v 10.143 		9.459 		4
v 11.959 		2.846 		0
v 11.945 		2.969 		0
v 10.213 		9.608 		4
v -22.589 		-11.227 		0.544
v 10.452 		-6.111 		0
v 8.718 		2.265 		0
v 10.661 		-6.009 		0
v 8.821 		2.375 		0
v 6.175 		10.628 		4
v 8.917 		2.453 		0
v -23.103 		-11.248 		0.906
v 10.82 		-5.965 		0
v 6.381 		10.809 		4
v 9.043 		2.535 		0
v 6.523 		10.89 		4
v 10.982 		-5.944 		0
v 39.525 		-11.647 		1.45
v 9.245 		2.62 		0
v 6.689 		10.954 		4
v 9.324 		2.642 		0
v 11.147 		-5.948 		0
v 6.836 		10.987 		4
v 9.508 		2.665 		0
v -23.197 		-10.743 		0.544
v 7 		10.998 		4
v 9.692 		2.661 		0
v 11.514 		-6.051 		0
v 9.854 		2.631 		0
v 7.164 		10.987 		4
v 9.996 		2.582 		0
v 10.107 		2.528 		0
v 7.311 		10.954 		4
v 10.233 		2.446 		0
v 7.427 		10.913 		4
v 11.645 		-6.126 		0
v 10.362 		0.066 		0
v 7.573 		10.837 		4
v 12.182 		-5.723 		0
v 10.524 		0.093 		0
v 10.688 		0.098 		0
v 7.717 		10.733 		4
v 10.838 		0.08 		0
v 7.825 		10.628 		4
v 12.063 		-5.539 		0
v 10.647 		1.351 		0
v 10.664 		1.487 		0
v 7.923 		10.496 		4
v 10.599 		1.187 		0
v 12.001 		-5.387 		0
v 10.52 		1.02 		0
v 8.002 		10.352 		4
v 11.959 		-5.228 		0
v 10.317 		0.763 		0
v 10.142 		-4.506 		0
v 10.592 		1.97 		0
v 9.945 		-4.601 		4
v 9.996 		-4.582 		0
v 5.958 		10.25 		4
v 10.107 		-4.528 		4
v 5.998 		10.352 		4
v 9.814 		-4.642 		4
v 6.077 		10.496 		4
v 10.641 		1.814 		0
v 9.569 		-4.669 		4
v 9.501 		-4.666 		0
v -23.88 		-10.282 		0.362
v 8.098 		9.873 		4
v 9.773 		-4.649 		0
v 8.08 		9.696 		4
v 9.351 		-4.647 		4
v 8.042 		9.55 		4
v 9.351 		-4.647 		0
v 9.194 		-4.601 		4
v 39.717 		-11.813 		1.45
v 8.591 		1.067 		0
v 9.032 		-4.528 		4
v 7.952 		9.35 		4
v 8.961 		-4.485 		0
v 8.511 		1.271 		0
v 9.245 		-4.62 		0
v -24.444 		-10.757 		0.906
v 8.863 		-4.41 		4
v 8.47 		1.542 		0
v 7.893 		9.258 		4
v 8.773 		-4.327 		0
v 8.745 		-4.297 		4
v 8.647 		-4.165 		4
v 8.474 		1.665 		0
v 8.082 		10.091 		4
v 8.512 		1.867 		0
v -22.801 		-13.042 		4
v -22.814 		-13.211 		4
v 8.617 		-4.119 		0
v 8.567 		2.021 		0
v -22.889 		-13.541 		4
v -24.001 		-10.813 		0.906
v 7.786 		9.133 		4
v -22.933 		-13.66 		4
v -23.007 		-13.813 		4
v 12.134 		-7.124 		4
v 12.136 		-7.015 		4
v 7.664 		9.023 		4
v -23.12 		-13.992 		4
v 10.233 		0.693 		0
v -23.198 		-14.093 		4
v 10.094 		0.605 		0
v -23.375 		-14.275 		4
v 10.32 		-6.209 		4
v 9.893 		0.52 		0
v 7.538 		8.941 		4
v -22.903 		-12.419 		4
v 9.692 		0.477 		0
v 39.829 		-11.94 		1.45
v -22.828 		-12.705 		4
v 9.569 		0.469 		0
v 9.378 		0.486 		0
v -22.802 		-12.915 		4
v 11.744 		-6.2 		4
v 9.245 		0.52 		0
v 11.861 		-6.315 		4
v 9.092 		0.578 		0
v -23.543 		-14.404 		4
v -23.687 		-14.493 		4
v 12.065 		-6.653 		4
v 8.961 		0.653 		0
v -23.959 		-14.611 		4
v 8.822 		0.764 		0
v 11.961 		-6.445 		4
v -24.04 		-14.636 		4
v -24.373 		-14.695 		4
v 8.709 		0.884 		0
v -26.012 		-12.225 		4
v 12.119 		-6.851 		4
v 7.326 		6.25 		0
v -25.915 		-12.061 		4
v 7.375 		6.477 		0
v -22.858 		13.687 		0
v 12.108 		-7.286 		4
v 7.464 		6.67 		0
v -23.354 		13.541 		0.362
v -23.612 		13.642 		0.362
v 7.67 		6.933 		0
v -25.774 		-11.875 		4
v -23.134 		13.837 		0
v 12.055 		-7.456 		4
v -25.592 		-11.698 		4
v 6.682 		6.154 		0
v 7.311 		8.846 		4
v 7.765 		7.011 		0
v -24.148 		14.128 		0
v -23.88 		13.718 		0.362
v 6.654 		6.372 		0
v -25.457 		-11.596 		4
v -23.423 		13.959 		0
v 7.109 		8.807 		4
v -25.256 		-11.479 		4
v 6.561 		6.629 		0
v -22.461 		-13.307 		1.088
v 7.991 		7.14 		0
v -25.081 		-11.403 		4
v 6.498 		6.735 		0
v -24.919 		-11.353 		4
v -24.44 		13.424 		0.725
v -24.753 		-11.32 		4
v 6.836 		8.813 		4
v 8.147 		7.191 		0
v 6.369 		6.894 		0
v -22.461 		-12.693 		1.088
v -23.723 		14.052 		0
v 6.235 		7.011 		0
v 6.631 		8.866 		4
v -25.592 		-14.302 		4
v 6.427 		8.963 		4
v -25.731 		-14.171 		4
v -22.501 		-12.491 		1.088
v 6.283 		9.067 		4
v 4.501 		6.318 		0
v -25.88 		-13.992 		4
v 4.545 		6.49 		0
v 4.604 		6.629 		0
v -26.067 		-13.66 		4
v -26.157 		-13.378 		4
v 4.732 		6.823 		0
v 6.141 		9.215 		4
v -26.188 		-13.19 		4
v -22.855 		12.526 		0.906
v 4.882 		6.972 		0
v -26.2 		-13 		4
v -26.188 		-12.81 		4
v 6.048 		9.35 		4
v 5.978 		9.499 		4
v -21.897 		-13.13 		0.544
v -26.157 		-12.622 		4
v 11.937 		-7.672 		4
v 5.92 		9.696 		4
v -26.089 		-12.399 		4
v -22.567 		12.464 		0.725
v 5.056 		7.093 		0
v 5.902 		9.873 		4
v 5.155 		7.14 		0
v 11.852 		-7.779 		4
v 5.918 		10.091 		4
v 5.298 		7.189 		0
v 5.418 		7.214 		0
v 11.7 		-7.917 		4
v 40.344 		-10.91 		0.362
v 40.754 		-10.801 		0
v 11.526 		-8.026 		4
v 5.651 		7.224 		0
v 2.209 		9.979 		4
v -21.799 		-12.312 		0.362
v 5.853 		7.191 		0
v -21.744 		-12.585 		0.362
v 6.009 		7.14 		0
v 2.453 		10.104 		4
v 40.127 		-10.737 		0.362
v 6.108 		7.093 		0
v 40.524 		-10.588 		0
v -24.669 		-14.691 		4
v -24.795 		-14.674 		4
v 2.665 		10.158 		4
v 7.904 		5.155 		0
v 2.774 		10.169 		4
v -25.081 		-14.597 		4
v -23.893 		13.157 		0.906
v 7.765 		5.243 		0
v -25.199 		-14.55 		4
v 2.884 		10.169 		4
v -25.385 		-14.448 		4
v 3.053 		10.145 		4
v 7.631 		5.36 		0
v -22.078 		-12.879 		0.725
v 7.525 		5.485 		0
v 40.274 		-10.398 		0
v 3.231 		10.094 		4
v 7.41 		5.688 		0
v 3.529 		9.915 		4
v 7.359 		5.829 		0
v -32.768 		-16.384 		4
v -22.102 		-12.639 		0.725
v 7.329 		5.977 		0
v 7.318 		6.1 		0
v 3.687 		9.755 		4
v -30 		-37.2 		4
v -30 		-32.8 		4
v -0.4 		-37.2 		4
v -0.4 		-32.8 		4
v -15.2 		-32.8 		4
v -15.2 		-37.2 		4
v 3.787 		9.608 		4
v 3.857 		9.459 		4
v 6.674 		6.004 		0
v 3.909 		9.275 		4
v -24.221 		13.226 		0.906
v 6.644 		5.843 		0
v 39.894 		-10.586 		0.362
v 3.91 		8.88 		4
v 6.59 		5.688 		0
v 39.916 		-11.031 		0.725
v 6.527 		5.566 		0
v -38.89 		-14.803 		4
v 3.851 		8.669 		4
v 6.415 		5.41 		0
v 3.781 		8.52 		4
v -38.618 		-14.833 		4
v 6.33 		5.321 		0
v -38.457 		-14.869 		4
v 3.687 		8.386 		4
v -38.196 		-14.952 		4
v 3.546 		8.237 		4
v 6.213 		5.227 		0
v 39.388 		-10.358 		0.362
v -37.948 		-15.069 		4
v -37.672 		-15.247 		4
v 2.112 		8.237 		4
v 8.186 		5.053 		0
v -37.544 		-15.35 		4
v 8.042 		5.094 		0
v 39.12 		-10.282 		0.362
v 3.928 		9.043 		4
v -21.881 		-13.953 		0.362
v -37.387 		-15.504 		4
v -37.182 		-15.761 		4
v 1.905 		8.474 		4
v -37.018 		-16.045 		4
v 1.786 		8.72 		4
v 6.052 		5.135 		0
v 1.757 		8.826 		4
v 11.295 		-8.11 		4
v 39.572 		-10.624 		0.544
v -36.953 		-16.196 		4
v 5.854 		5.061 		0
v 1.736 		8.968 		4
v 11.106 		-8.139 		4
v -22.315 		-14.052 		0.725
v -22.461 		10.693 		1.088
v -40.372 		-15.28 		4
v 1.737 		9.193 		4
v 10.928 		-8.135 		4
v 5.582 		5.027 		0
v -40.194 		-15.152 		4
v 1.757 		9.315 		4
v 5.459 		5.035 		0
v 10.753 		-8.104 		4
v 1.801 		9.459 		4
v -40.1 		-15.095 		4
v 5.272 		5.073 		0
v -39.954 		-15.018 		4
v 1.87 		9.608 		4
v 10.61 		-8.055 		4
v 2.004 		9.798 		4
v 5.155 		5.114 		0
v -39.701 		-14.915 		4
v 10.464 		-7.979 		4
v 5.01 		5.19 		0
v -39.382 		-14.833 		4
v 10.32 		-7.875 		4
v -39.274 		-14.817 		4
v -22.461 		11.307 		1.088
v 4.875 		5.285 		0
v 39.098 		-10.84 		0.906
v -39.055 		-14.801 		4
v -22.44 		11 		1.088
v 4.786 		5.369 		0
v 15.806 		6.694 		4
v 15.789 		6.517 		4
v -22.221 		-13.829 		0.725
v 4.682 		5.497 		0
v 15.75 		6.357 		4
v 4.59 		5.657 		0
v -40.932 		-15.948 		4
v 5.1283 		4.096 		0
v 4.524 		5.829 		0
v 15.685 		6.206 		4
v -40.877 		-15.853 		4
v 4.498 		5.95 		0
v -40.818 		-15.761 		4
v 4.483 		6.141 		0
v -40.685 		-15.586 		4
v -22.326 		-13.554 		0.906
v -40.574 		-15.464 		4
v 14.49 		7.785 		4
v -44.8 		-9 		4
v 3.401 		8.133 		0
v 3.256 		8.057 		0
v -41.102 		-16.352 		4
v 39.985 		-11.318 		0.906
v 2.993 		7.983 		0
v -41.047 		-16.196 		4
v 2.829 		7.972 		0
v 40.278 		-11.351 		0.725
v 40.879 		-11.547 		0.362
v 40.722 		-11.317 		0.362
v 2.665 		7.983 		0
v 2.505 		8.021 		0
v -49.2 		-9 		4
v 2.34 		8.086 		0
v -21.799 		10.312 		0.362
v 2.209 		8.162 		0
v -36.803 		-16.918 		4
v -36.807 		-17.164 		4
v -36.834 		-17.382 		4
v -21.744 		10.585 		0.362
v -21.375 		11.392 		0
v -21.366 		10.686 		0
v -36.834 		-16.618 		4
v 40.565 		-12.13 		0.906
v -21.35 		11 		0
v 0.384 		6.571 		0
v 0.392 		6.694 		0
v 0.33 		6.344 		0
v 0.271 		6.206 		0
v -36.883 		-17.596 		4
v -21.881 		11.953 		0.362
v -36.953 		-17.804 		4
v 0.08 		7.475 		0
v -21.989 		12.209 		0.362
v 0.177 		7.36 		0
v -37.043 		-18.003 		4
v -21.806 		11.065 		0.453
v 0.245 		7.257 		0
v -37.123 		-18.147 		4
v 0.311 		7.122 		0
v 14.721 		7.806 		4
v -37.182 		-18.239 		4
v 0.361 		6.965 		0
v -37.315 		-18.414 		4
v 14.925 		7.784 		4
v -36.883 		-16.404 		4
v 15.084 		7.741 		4
v 15.197 		7.692 		4
v -40.685 		-18.414 		4
v 2.063 		5.672 		0
v 2.215 		5.848 		0
v -40.754 		-18.328 		4
v 15.327 		7.616 		4
v -40.818 		-18.239 		4
v -40.932 		-18.052 		4
v 2.332 		5.942 		0
v 15.504 		7.465 		4
v 15.6 		7.349 		4
v 2.536 		6.055 		0
v 15.685 		7.209 		4
v -37.426 		-18.536 		4
v 15.75 		7.058 		4
v -37.628 		-18.72 		4
v 2.739 		6.117 		0
v -37.806 		-18.848 		4
v 15.799 		6.844 		4
v 2.908 		6.14 		0
v -22.802 		-13.021 		1.45
v -22.102 		10.639 		0.725
v 3.018 		6.14 		0
v -37.9 		-18.905 		4
v 37.072 		-12.078 		4
v 13.729 		6.206 		4
v -38.196 		-19.048 		4
v 13.635 		6.463 		4
v 3.234 		6.108 		0
v -38.457 		-19.131 		4
v -38.618 		-19.167 		4
v 3.415 		6.045 		0
v 37.198 		-11.907 		4
v -38.89 		-19.197 		4
v 3.536 		5.979 		0
v -22.953 		-12.302 		1.45
v 13.608 		6.68 		4
v 37.283 		-11.813 		4
v 3.787 		5.77 		0
v 13.635 		6.952 		4
v -39.055 		-19.199 		4
v -22.849 		-12.601 		1.45
v 13.729 		7.209 		4
v 3.863 		5.672 		0
v -39.274 		-19.183 		4
v 13.816 		7.349 		4
v -39.382 		-19.167 		4
v 37.424 		-11.685 		4
v 12.136 		-7.015 		0
v 13.96 		7.513 		4
v 3.947 		5.531 		0
v -39.701 		-19.085 		4
v 37.578 		-11.572 		4
v 14.1 		7.623 		4
v 4.009 		5.379 		0
v 14.243 		7.704 		4
v 4.048 		5.219 		0
v 37.744 		-11.479 		4
v -39.954 		-18.982 		4
v -40.1 		-18.905 		4
v 4.054 		4.905 		0
v 4.062 		5.056 		0
v -40.194 		-18.848 		4
v 4.035 		4.797 		0
v 10.32 		-6.209 		0
v 37.919 		-11.403 		4
v -40.328 		-18.753 		4
v 15.566 		6.023 		4
v -40.574 		-18.536 		4
v 3.991 		4.653 		0
v 38.081 		-11.353 		4
v 3.921 		4.504 		0
v 15.455 		5.901 		4
v -22.814 		-12.789 		1.45
v 3.856 		4.4 		0
v 38.268 		-11.317 		4
v 11.775 		-6.227 		0
v 15.327 		5.799 		4
v 11.888 		-6.346 		0
v -41.047 		-17.804 		4
v 15.197 		5.723 		4
v 3.787 		4.314 		0
v 38.5 		-11.301 		4
v -41.102 		-17.648 		4
v 11.961 		-6.445 		0
v 15.031 		5.658 		4
v 3.68 		4.209 		0
v 14.858 		5.619 		4
v 38.627 		-11.305 		4
v -41.156 		-17.436 		4
v -41.175 		-17.328 		4
v 3.548 		4.111 		0
v 14.707 		5.608 		4
v 12.051 		-6.615 		0
v 14.598 		5.613 		4
v 14.436 		5.643 		4
v 12.109 		-6.797 		0
v -41.197 		-17.11 		4
v 2.378 		4.111 		0
v -41.193 		-16.836 		4
v 2.225 		4.227 		0
v 2.076 		4.396 		0
v -41.175 		-16.672 		4
v 12.824 		4.115 		4
v 12.987 		4.134 		4
v -41.156 		-16.564 		4
v 12.127 		-7.179 		0
v 13.192 		4.126 		4
v 38.346 		-10.943 		1.088
v 13.313 		4.103 		4
v 0.794 		4.125 		0
v 12.061 		-7.444 		0
v 14.268 		5.7 		4
v 12.096 		-7.34 		0
v 14.134 		5.769 		4
v 0.903 		4.135 		0
v -44.8 		-25 		4
v 14.001 		5.865 		4
v 1.176 		4.115 		0
v 13.848 		6.022 		4
v -49.2 		-25 		4
v 11.937 		-7.672 		0
v 1.984 		4.54 		0
v -52.213 		-39.383 		4
v -51.964 		-39.686 		4
v 1.939 		4.64 		0
v -49.78 		-40.923 		4
v -49.392 		-40.981 		4
v 11.833 		-7.8 		0
v 1.894 		4.784 		0
v 11.694 		-7.921 		0
v 1.872 		4.905 		0
v 1.864 		5.015 		0
v 1.88 		5.233 		0
v 11.79 		8.163 		4
v -52.957 		-37.587 		4
v -52.88 		-37.972 		4
v -52.696 		-38.531 		4
v -52.572 		-38.798 		4
v 11.514 		-8.033 		0
v -52.431 		-39.056 		4
v -51.757 		-39.896 		4
v -51.538 		-40.092 		4
v -51.383 		-40.213 		4
v -50.886 		-40.528 		4
v 11.636 		8.074 		4
v -50.62 		-40.656 		4
v -50.254 		-40.797 		4
v -49.972 		-40.88 		4
v 1.904 		5.34 		0
v 11.147 		-8.136 		0
v 11.456 		8.009 		4
v 1.976 		5.525 		0
v 11.171 		7.971 		4
v 11.008 		7.984 		4
v 10.996 		-8.14 		0
v -22.562 		-12.295 		1.088
v 10.847 		8.019 		4
v 10.744 		8.057 		4
v 10.599 		8.133 		4
v 10.61 		-8.055 		0
v 10.464 		-7.979 		0
v -21.569 		12.15 		0
v 10.32 		-7.875 		0
v -21.799 		11.688 		0.362
v 8.288 		7.217 		4
v -22.834 		-13.337 		1.45
v 8.527 		7.22 		4
v 8.349 		-7.03 		4
v 8.741 		7.177 		4
v 37.899 		-11.411 		1.45
v 8.635 		-7.051 		4
v 8.907 		7.111 		4
v 8.806 		-7.099 		4
v 9.037 		7.036 		4
v -22.951 		-13.699 		1.45
v 38.164 		-11.336 		1.45
v 9.169 		6.927 		4
v 9.311 		6.769 		4
v 9.938 		-7.056 		4
v 9.441 		6.529 		4
v 9.509 		6.264 		4
v 9.965 		-6.797 		4
v 10.113 		-6.445 		4
v 12.134 		5.124 		4
v 11.322 		6.104 		4
v 38.415 		-11.303 		1.45
v 10.186 		-6.346 		4
v 11.563 		6.008 		4
v 9.516 		-8.072 		4
v 11.7 		5.917 		4
v -23.074 		-13.921 		1.45
v 11.852 		5.779 		4
v 8.99 		-7.19 		4
v 11.937 		5.672 		4
v 12.021 		5.531 		4
v 9.135 		-7.294 		4
v 12.096 		5.34 		4
v 9.242 		-7.399 		4
v 10.32 		5.875 		4
v 9.329 		-7.514 		4
v 10.464 		5.979 		4
v 9.436 		-7.713 		4
v 10.623 		6.06 		4
v 10.82 		6.119 		4
v 9.476 		-7.829 		4
v 10.982 		6.14 		4
v 11.146 		6.135 		4
v 12.119 		4.851 		4
v 10.186 		-7.738 		4
v 38.669 		-11.309 		1.45
v 12.065 		4.653 		4
v 10.064 		-7.549 		4
v 11.988 		4.493 		4
v -23.344 		12.246 		1.45
v 9.991 		-7.379 		4
v 9.952 		-7.219 		4
v 11.897 		4.356 		4
v -23.185 		12.075 		1.45
v 11.784 		4.237 		4
v 11.645 		4.126 		4
v 0.184 		6.066 		0
v 38.837 		-11.334 		1.45
v -23.285 		-14.185 		1.45
v 6.149 		3.329 		0
v -23.062 		11.904 		1.45
v 6.283 		3.466 		0
v 51.544 		28.71 		0.765
v 10.452 		4.111 		4
v 10.32 		4.209 		4
v 6.415 		3.564 		0
v 6.58 		3.647 		0
v 9.517 		6.113 		4
v 9.476 		5.829 		4
v 6.823 		3.718 		0
v 6.945 		3.732 		0
v 51.066 		28.773 		0.51
v -22.943 		11.679 		1.45
v 9.436 		5.713 		4
v 7.068 		3.73 		0
v 7.231 		3.708 		0
v 9.268 		5.431 		4
v 9.135 		5.294 		4
v 7.376 		3.667 		0
v 9.037 		5.218 		4
v 7.585 		3.564 		0
v 9.952 		5.219 		4
v 7.717 		3.466 		0
v 9.991 		5.379 		4
v 7.825 		3.361 		0
v 10.064 		5.549 		4
v 10.186 		5.738 		4
v 7.939 		3.207 		0
v 8.689 		5.061 		4
v 8.095 		2.715 		0
v 8.095 		2.538 		0
v 8.057 		2.336 		0
v 8.472 		5.029 		4
v 8.002 		2.181 		0
v 9.956 		4.851 		4
v 9.938 		5.015 		4
v 8.349 		5.03 		4
v 10.178 		4.357 		4
v 10.079 		4.504 		4
v 8.028 		3.022 		0
v 8.072 		2.878 		0
v 10.009 		4.653 		4
v 16.247 		2.445 		4
v 6.076 		3.23 		0
v 16.119 		2.622 		4
v 16.047 		2.77 		4
v 16 		2.927 		4
v 15.974 		3.089 		4
v 15.973 		3.24 		4
v 15.987 		3.362 		4
v 16.029 		3.521 		4
v 5.168 		2.384 		0
v 5.255 		2.297 		0
v -22.864 		11.46 		1.45
v -22.856 		-14.245 		1.088
v 16.119 		3.72 		4
v 5.347 		2.177 		0
v 6.048 		2.084 		0
v 16.211 		3.857 		4
v 5.978 		2.232 		0
v 16.283 		3.939 		4
v 5.928 		2.389 		0
v 5.905 		2.538 		0
v 5.905 		2.715 		0
v 12.368 		3.905 		4
v 8.689 		-7.061 		0
v 5.928 		2.878 		0
v 12.523 		4.004 		4
v 5.972 		3.022 		0
v 8.418 		-7.027 		0
v 12.718 		4.088 		4
v 8.832 		-7.109 		0
v -22.642 		-13.895 		1.088
v 4.227 		2.649 		0
v 13.494 		4.04 		4
v 4.417 		2.668 		0
v 9.938 		-7.056 		0
v 13.615 		3.974 		4
v 9.946 		-6.905 		0
v 13.764 		3.865 		4
v 4.581 		2.658 		0
v 13.885 		3.744 		4
v 4.715 		2.631 		0
v 9.965 		-6.797 		0
v 13.965 		3.633 		4
v 10.009 		-6.653 		0
v 5.021 		2.495 		0
v 14.044 		3.489 		4
v 10.079 		-6.504 		0
v 14.096 		3.348 		4
v 10.213 		-6.314 		0
v 14.139 		3.119 		4
v 7.851 		1.937 		0
v 14.139 		2.969 		4
v 14.096 		2.726 		4
v 56.82 		26.84 		0.51
v 14.044 		2.585 		4
v 9.517 		-8.141 		0
v 7.717 		1.8 		0
v 13.857 		2.3 		4
v 8.99 		-7.19 		0
v 7.573 		1.696 		0
v 13.705 		2.162 		4
v 9.125 		-7.285 		0
v 7.414 		1.615 		0
v 36.988 		-12.225 		1.45
v 13.568 		2.071 		4
v -22.276 		-14.359 		0.544
v 9.214 		-7.369 		0
v 7.271 		1.568 		0
v 12.56 		2.051 		4
v 55.748 		26.679 		1.53
v 7.164 		1.546 		0
v 9.318 		-7.497 		0
v 7 		1.535 		0
v 9.41 		-7.657 		0
v 6.836 		1.546 		0
v 37.474 		-11.645 		1.45
v 6.624 		1.6 		0
v 15.226 		0.39 		4
v 9.476 		-7.829 		0
v 6.392 		1.718 		0
v 15.164 		0.055 		4
v 9.502 		-7.95 		0
v 6.283 		1.8 		0
v 37.072 		-12.078 		1.45
v 6.175 		1.906 		0
v 14.345 		1.496 		4
v 14.451 		1.468 		4
v 10.213 		-7.77 		0
v 14.592 		1.414 		4
v 6.676 		0.051 		0
v 37.171 		-11.94 		1.45
v 6.823 		0.085 		0
v 14.834 		1.26 		4
v 10.137 		-7.672 		0
v 14.951 		1.144 		4
v 10.053 		-7.531 		0
v 7.068 		0.097 		0
v 15.051 		1.014 		4
v 9.991 		-7.379 		0
v 7.271 		0.064 		0
v 15.111 		0.907 		4
v 15.173 		0.755 		4
v 9.952 		-7.219 		0
v 15.21 		0.609 		4
v 5.503 		1.324 		0
v 8.098 		-0.973 		4
v 5.529 		1.514 		0
v 5.459 		1.18 		0
v 6.175 		-0.272 		4
v -23.491 		-14.367 		1.45
v 5.355 		0.973 		0
v 13.456 		2.019 		4
v 13.313 		1.971 		4
v 6.283 		-0.167 		4
v 5.264 		0.852 		0
v 13.192 		1.948 		4
v 5.095 		0.693 		0
v 12.933 		1.943 		4
v 6.427 		-0.063 		4
v 14.182 		1.515 		4
v 4.908 		0.578 		0
v 4.794 		0.532 		0
v 12.771 		1.973 		4
v 4.635 		0.489 		0
v 13.856 		1.483 		4
v 54.239 		26.817 		2.55
v 4.445 		0.47 		0
v 7.619 		-0.091 		4
v 13.977 		1.506 		4
v 13.284 		1.125 		4
v 7.825 		-0.272 		4
v 4.267 		0.483 		0
v -23.296 		-14.675 		1.088
v 13.42 		1.26 		4
v 53.953 		26.979 		2.55
v 13.657 		1.41 		4
v 7.893 		-0.358 		4
v 5.427 		2.034 		0
v -23.062 		-14.475 		1.088
v 5.488 		1.867 		0
v 13.105 		0.016 		4
v 5.522 		1.706 		0
v 13.055 		0.173 		4
v 8.041 		-0.65 		4
v 13.028 		0.39 		4
v 13.037 		0.554 		4
v 8.083 		-0.809 		4
v 13.073 		0.728 		4
v 37.669 		-11.519 		1.45
v 13.125 		0.87 		4
v 13.204 		1.014 		4
v 2.055 		3.106 		0
v 3.339 		4.009 		0
v 3.18 		3.965 		0
v 11.464 		4.03 		4
v -23.687 		-14.493 		1.45
v 11.295 		3.974 		4
v 8.059 		-1.298 		4
v 11.106 		3.945 		4
v 3.018 		3.944 		0
v 8.085 		-1.177 		4
v 2.799 		3.955 		0
v 10.982 		3.944 		4
v 2.639 		3.993 		0
v 12.219 		3.764 		4
v 7.972 		-1.514 		4
v 2.486 		4.051 		0
v -24.143 		-14.661 		1.45
v 53.622 		27.108 		2.55
v 10.82 		3.965 		4
v 12.097 		3.598 		4
v 7.825 		-1.728 		4
v 3.48 		2.118 		0
v 53.328 		27.175 		2.55
v 12.018 		3.432 		4
v 7.717 		-1.833 		4
v 10.611 		4.03 		4
v 11.945 		3.119 		4
v 3.58 		2.265 		0
v 11.959 		3.228 		4
v 3.683 		2.375 		0
v 7.573 		-1.937 		4
v 3.778 		2.453 		0
v 10.42 		2.265 		4
v 3.905 		2.535 		0
v 7.427 		-2.013 		4
v 4.055 		2.601 		0
v 10.553 		2.058 		4
v 12.255 		2.269 		4
v 2.055 		2.955 		0
v 12.091 		2.488 		4
v 6.523 		-1.99 		4
v 12.001 		2.687 		4
v 11.959 		2.846 		4
v 6.347 		-1.884 		4
v 0.09 		3.712 		0
v 0.216 		3.846 		0
v 6.214 		-1.767 		4
v 8.585 		2.058 		4
v 0.385 		3.975 		0
v 8.653 		2.177 		4
v 8.745 		2.297 		4
v 0.634 		4.087 		0
v 8.905 		2.446 		4
v 1.282 		4.088 		0
v 9.032 		2.528 		4
v 9.239 		2.616 		4
v 1.435 		4.028 		0
v 1.577 		3.945 		0
v 9.419 		2.658 		4
v 9.569 		2.669 		4
v 9.692 		2.661 		4
v 1.686 		3.862 		0
v 1.801 		3.744 		0
v 9.854 		2.631 		4
v 9.996 		2.582 		4
v 1.91 		3.587 		0
v 10.233 		2.446 		4
v 2.017 		3.335 		0
v 10.309 		0.051 		4
v 10.49 		0.087 		4
v 2.029 		2.793 		0
v 10.702 		0.097 		4
v 1.965 		2.598 		0
v 10.851 		0.078 		4
v 10.957 		0.051 		4
v 10.66 		1.706 		4
v 10.66 		1.432 		4
v 1.91 		2.487 		0
v -24.449 		-15.062 		1.088
v 1.826 		2.363 		0
v 10.641 		1.324 		4
v 36.92 		-11.674 		1.088
v 10.597 		1.18 		4
v 10.528 		1.032 		4
v 1.716 		2.241 		0
v 10.428 		0.884 		4
v 10.317 		0.763 		4
v 1.531 		2.099 		0
v 0.397 		2.092 		0
v 0.216 		2.228 		0
v 10.612 		1.919 		4
v 10.641 		1.814 		4
v 0.074 		2.385 		0
v -22.642 		11.895 		1.088
v 38.565 		-10.395 		0.544
v 54.738 		28.009 		1.275
v 3.407 		1.167 		0
v 3.359 		1.324 		0
v 8.591 		1.067 		4
v 3.336 		1.487 		0
v 3.336 		1.665 		0
v 3.359 		1.814 		0
v 8.497 		1.324 		4
v 3.393 		1.932 		0
v 8.474 		1.487 		4
v 8.474 		1.665 		4
v 53.337 		27.689 		2.04
v 2.048 		1.8694 		0
v 8.497 		1.814 		4
v -22.74 		12.075 		1.088
v 8.527 		1.919 		4
v 3.954 		0.578 		0
v 3.823 		0.653 		0
v 3.714 		0.736 		0
v 3.598 		0.852 		0
v 38.802 		-10.594 		0.725
v 10.233 		0.693 		4
v 3.507 		0.973 		0
v 10.094 		0.605 		4
v 2.991 		0.032 		0
v 9.932 		0.532 		4
v -22.802 		10.979 		1.45
v -22.814 		10.789 		1.45
v 9.733 		0.483 		4
v 3.162 		0.08 		0
v 3.353 		0.099 		0
v 9.514 		0.472 		4
v 3.53 		0.086 		0
v -22.843 		10.622 		1.45
v 9.351 		0.491 		4
v 3.691 		0.051 		0
v -22.889 		10.459 		1.45
v 0.131 		1.486 		0
v 9.092 		0.578 		4
v 0.3 		1.43 		0
v 54.987 		26.843 		2.04
v 8.95 		0.662 		4
v 54.582 		27.2 		2.04
v 0.446 		1.356 		0
v 37.892 		-10.84 		0.906
v 0.615 		1.227 		0
v 8.821 		0.763 		4
v 8.736 		0.852 		4
v 8.645 		0.973 		4
v 0.782 		1.037 		0
v 1.397 		2.03 		0
v 1.176 		1.959 		0
v 38.319 		-10.582 		0.725
v 7.327 		6.264 		4
v 7.346 		6.372 		4
v 0.965 		1.94 		0
v -22.979 		10.244 		1.45
v 7.39 		6.516 		4
v 7.467 		6.676 		4
v 0.781 		1.952 		0
v 7.567 		6.823 		4
v 0.582 		2.005 		0
v 7.701 		6.96 		4
v 54.115 		27.47 		2.04
v 6.678 		6.209 		4
v 6.654 		6.372 		4
v 0.945 		0.173 		0
v 0.97 		0.5 		0
v 7.798 		7.036 		4
v 0.901 		0.029 		0
v 7.941 		7.117 		4
v 55.16 		26.636 		2.04
v 6.561 		6.629 		4
v 37.745 		-10.317 		0.362
v 0.85 		0.919 		0
v 6.483 		6.757 		4
v 8.097 		-0.932 		0
v 8.107 		7.181 		4
v 0.907 		0.794 		0
v 6.369 		6.894 		4
v 0.956 		0.609 		0
v 6.381 		-0.091 		0
v 6.235 		7.011 		4
v 6.175 		-0.272 		0
v 66.957 		-37.587 		0
v 66.902 		-37.876 		0
v 66.696 		-38.531 		0
v 66.616 		-38.71 		0
v 66.326 		-39.222 		0
v 66.213 		-39.383 		0
v 66.028 		-39.612 		0
v 65.828 		-39.828 		0
v 4.483 		6.154 		4
v 37.228 		-10.519 		0.362
v 6.523 		-0.01 		0
v 4.501 		6.318 		4
v 57.676 		-16.175 		0
v 57.603 		-15.828 		0
v -22.817 		11.232 		1.45
v 57.539 		-15.6 		0
v 4.604 		6.629 		4
v 7.477 		-0.01 		0
v 57.377 		-15.155 		0
v 4.758 		6.855 		4
v 58.8 		-9 		0
v 58.8 		-16.384 		0
v 4.93 		7.011 		4
v 7.786 		-0.233 		0
v 5.056 		7.093 		4
v 5.168 		7.145 		4
v 7.653 		-0.116 		0
v 63.2 		-9 		0
v 55.131 		27.414 		1.53
v 53.591 		-12.287 		0
v 53.118 		-12.251 		0
v 5.311 		7.193 		4
v 7.893 		-0.358 		0
v 52.763 		-12.257 		0
v -22.562 		10.295 		1.088
v 7.972 		-0.486 		0
v -24.041 		-15.011 		1.088
v 56.786 		-14.132 		0
v 5.562 		7.222 		4
v 8.024 		-0.598 		0
v 54.4 		-12.462 		0
v 54.057 		-12.369 		0
v 5.773 		7.21 		4
v -23.652 		-14.88 		1.088
v 56.052 		-13.362 		0
v 55.773 		-13.143 		0
v 8.071 		-0.756 		0
v 6.009 		7.14 		4
v 56.399 		-13.684 		0
v 6.108 		7.093 		4
v 37.135 		-11.11 		0.816
v 7.787 		5.227 		4
v 8.09 		-1.137 		0
v 55.577 		-13.01 		0
v 7.631 		5.36 		4
v 55.167 		-12.773 		0
v 7.517 		5.497 		4
v 54.355 		27.347 		2.04
v 54.735 		-12.578 		0
v 8.059 		-1.298 		0
v -24.431 		-15.787 		0.362
v 37.394 		-10.842 		0.725
v 7.426 		5.657 		4
v 7.333 		5.95 		4
v 8.024 		-1.402 		0
v 7.319 		6.113 		4
v 56.989 		-14.424 		0
v 57.172 		-14.728 		0
v 7.959 		-1.538 		0
v 6.677 		6.031 		4
v 6.651 		5.869 		4
v 6.6 		5.713 		4
v -23.378 		-14.943 		0.906
v 7.619 		-1.909 		0
v 6.505 		5.531 		4
v 7.825 		-1.728 		0
v -24.176 		-15.586 		0.544
v 6.407 		5.399 		4
v 6.33 		5.321 		4
v 7.477 		-1.99 		0
v 6.213 		5.227 		4
v 8.186 		5.053 		4
v 8.003 		5.109 		4
v 36.416 		-10.638 		0
v 36.554 		-11.005 		0.362
v 6.523 		-1.991 		0
v 36.433 		-11.737 		0.725
v 6.381 		-1.907 		0
v 36.504 		-11.325 		0.544
v 55.68 		24.596 		2.04
v 6.059 		5.138 		4
v 45.056 		-12.288 		0
v 5.893 		5.073 		4
v 6.223 		-1.777 		0
v 36.689 		-12.014 		1.088
v 5.651 		5.03 		4
v 56.98 		24.801 		0.765
v 5.917 		-0.809 		4
v 36.661 		-10.442 		0
v 5.903 		-0.918 		4
v 5.418 		5.04 		4
v 5.998 		-0.548 		4
v 5.194 		5.099 		4
v 6.077 		-0.404 		4
v -22.567 		-14.464 		0.725
v 5.01 		5.19 		4
v 36.807 		-11.264 		0.725
v 4.865 		5.294 		4
v 4.464 		-0.932 		4
v 4.758 		5.399 		4
v 4.124 		-0.204 		4
v 4.671 		5.514 		4
v 4.251 		-0.347 		4
v 4.564 		5.713 		4
v 4.524 		5.829 		4
v 4.338 		-0.486 		4
v 4.484 		6.072 		4
v 4.425 		-0.702 		4
v 35.836 		-12.178 		0.362
v 3.401 		8.133 		4
v 3.256 		8.057 		4
v 6.107 		-1.642 		4
v 56.984 		26.45 		0.51
v 3.14 		8.016 		4
v 5.998 		-1.452 		4
v 2.993 		7.983 		4
v 56.12 		25.795 		1.53
v 2.829 		7.972 		4
v 5.946 		-1.311 		4
v 2.665 		7.983 		4
v 35.597 		-11.776 		0
v 36.052 		-11.667 		0.362
v 5.903 		-1.068 		4
v 2.518 		8.016 		4
v 2.352 		8.081 		4
v 35.515 		-11.997 		0
v 2.209 		8.162 		4
v 4.463 		-1.082 		4
v 36.087 		-10.975 		0
v 4.408 		-1.35 		4
v 4.45 		-1.191 		4
v 35.943 		-11.162 		0
v 0.392 		6.721 		4
v 0.374 		6.517 		4
v 35.717 		-11.529 		0
v 55.547 		25.927 		2.04
v 0.33 		6.344 		4
v 4.319 		-1.55 		4
v 0.271 		6.206 		4
v 40.197 		-12.936 		4
v 55.442 		26.176 		2.04
v 40.188 		-13.19 		4
v 0.08 		7.475 		4
v 4.234 		-1.674 		4
v 0.177 		7.36 		4
v 40.111 		-13.541 		4
v 0.27 		7.209 		4
v 0.326 		7.084 		4
v 0.372 		6.905 		4
v 39.878 		-13.991 		4
v 40.039 		-13.718 		4
v 3.072 		6.135 		4
v 3.287 		6.092 		4
v 3.452 		6.026 		4
v 39.717 		-14.187 		4
v 3.582 		5.951 		4
v 55.045 		25.803 		2.55
v 3.68 		5.875 		4
v 3.814 		5.738 		4
v 3.936 		5.549 		4
v 40.111 		-12.459 		4
v 4.009 		5.379 		4
v 4.048 		5.219 		4
v 54.905 		26.1 		2.55
v 2.063 		5.672 		4
v 40.169 		-12.684 		4
v 2.215 		5.848 		4
v 2.385 		5.975 		4
v -25.254 		-11.08 		1.088
v 2.574 		6.07 		4
v -24.858 		-10.969 		1.088
v 2.745 		6.119 		4
v -22.246 		8.801 		0
v 2.908 		6.14 		4
v 54.786 		26.284 		2.55
v -22.278 		9.317 		0.362
v 4.062 		5.056 		4
v 4.044 		4.851 		4
v -22.416 		8.638 		0
v 3.991 		4.653 		4
v -21.569 		9.85 		0
v -21.773 		9.425 		0
v 3.914 		4.493 		4
v -21.897 		9.226 		0
v 40.129 		-12.52 		1.45
v 3.84 		4.378 		4
v 3.68 		4.209 		4
v 54.649 		26.455 		2.55
v 3.548 		4.111 		4
v 40.049 		-12.301 		1.45
v 2.378 		4.111 		4
v -21.469 		10.147 		0
v -25.404 		-11.562 		1.45
v 2.246 		4.209 		4
v 2.138 		4.314 		4
v -25.592 		-11.698 		1.45
v 0.687 		4.103 		4
v 0.794 		4.125 		4
v 0.944 		4.136 		4
v 40.174 		-12.705 		1.45
v 1.122 		4.123 		4
v 2.004 		4.504 		4
v 1.935 		4.653 		4
v 1.891 		4.797 		4
v -25.218 		-11.461 		1.45
v 1.866 		5.076 		4
v 5.931 		-0.749 		0
v 1.894 		5.3 		4
v 40.499 		-12.491 		1.088
v 1.971 		5.512 		4
v 5.998 		-0.548 		0
v 0.216 		6.111 		4
v 6.077 		-0.404 		0
v 4.466 		-0.973 		0
v -25.041 		-11.389 		1.45
v 4.154 		-0.232 		0
v 40.195 		-12.894 		1.45
v 40.195 		-13.127 		1.45
v 54.496 		26.612 		2.55
v 4.319 		-0.45 		0
v 6.175 		3.361 		4
v 6.283 		3.466 		4
v 40.174 		-13.295 		1.45
v 4.391 		-0.605 		0
v 6.415 		3.564 		4
v 4.451 		-0.823 		0
v 6.573 		3.645 		4
v 6.729 		3.699 		4
v -24.795 		-11.326 		1.45
v 6.945 		3.732 		4
v 5.976 		-1.402 		0
v 7.109 		3.726 		4
v 6.116 		-1.653 		0
v -23.145 		9.974 		1.45
v 7.324 		3.683 		4
v 7.477 		3.624 		4
v -23.072 		10.078 		1.45
v 5.928 		-1.238 		0
v 7.585 		3.564 		4
v 7.717 		3.466 		4
v 7.825 		3.361 		4
v 5.901 		-1.027 		0
v 7.893 		3.275 		4
v -24.606 		-11.305 		1.45
v 7.959 		3.171 		4
v 4.45 		-1.191 		0
v 40.56 		-12.897 		1.088
v 8.095 		2.715 		4
v 8.095 		2.538 		4
v 40.56 		-13.103 		1.088
v 4.425 		-1.298 		0
v 8.072 		2.389 		4
v 8.042 		2.283 		4
v 7.984 		2.144 		4
v 4.374 		-1.44 		0
v 8.028 		3.022 		4
v 8.072 		2.878 		4
v 4.194 		-1.721 		0
v 4.319 		-1.55 		0
v 6.041 		3.171 		4
v 38.969 		-16.114 		0
v 39.353 		-16.032 		0
v 7.311 		-2.054 		4
v 39.796 		-15.871 		0
v 7.164 		-2.087 		4
v 40.129 		-13.48 		1.45
v 40.274 		-15.602 		0
v 40.524 		-15.412 		0
v 7.055 		-2.098 		4
v 5.137 		2.41 		4
v 6.836 		-2.087 		4
v 5.29 		2.254 		4
v 40.006 		-15.766 		0
v 6.689 		-2.054 		4
v 5.408 		2.07 		4
v 55.163 		24.619 		2.55
v 40.067 		-13.66 		1.45
v 6.048 		2.084 		4
v 5.978 		2.232 		4
v 55.198 		24.973 		2.55
v 40.754 		-15.199 		0
v 5.928 		2.389 		4
v 5.905 		2.538 		4
v 6.175 		-3.906 		4
v 5.901 		2.661 		4
v 5.918 		2.824 		4
v 36.994 		-15.766 		0
v 6.347 		-3.749 		4
v 37.799 		-16.071 		0
v 38.031 		-16.114 		0
v 5.958 		2.984 		4
v 37.349 		-15.932 		0
v 37.497 		-15.986 		0
v 6.474 		-3.668 		4
v 37.204 		-15.871 		0
v 39.928 		-13.922 		1.45
v 4.146 		2.631 		4
v 38.579 		-16.149 		0
v 4.431 		2.669 		4
v 6.729 		-3.568 		4
v 4.595 		2.655 		4
v 38.265 		-16.141 		0
v 6.836 		-3.546 		4
v 4.755 		2.62 		4
v 7 		-3.535 		4
v 4.858 		2.582 		4
v 4.968 		2.528 		4
v 35.43 		-12.299 		0
v 7.164 		-3.546 		4
v 7.916 		2.026 		4
v 35.375 		-12.608 		0
v 35.35 		-13 		0
v 7.376 		-3.6 		4
v 7.825 		1.906 		4
v 35.36 		-13.235 		0
v 7.717 		1.8 		4
v 7.514 		-3.662 		4
v 7.573 		1.696 		4
v 35.399 		-13.547 		0
v 7.7 		-3.788 		4
v 7.414 		1.615 		4
v 35.597 		-14.224 		0
v 7.218 		1.557 		4
v 7.859 		-3.949 		4
v 7 		1.535 		4
v 6.782 		1.557 		4
v 55.163 		25.381 		2.55
v -26.039 		-12.282 		1.45
v 35.734 		-14.507 		0
v 6.586 		1.615 		4
v 36.301 		-15.255 		0
v 36.536 		-15.463 		0
v 35.989 		-14.902 		0
v 6.474 		1.668 		4
v 36.087 		-15.025 		0
v 39.829 		-14.06 		1.45
v 6.3 		1.788 		4
v 6.573 		0.013 		4
v 6.689 		0.054 		4
v 57.744 		-17.237 		0
v 57.744 		-16.763 		0
v -25.88 		-12.008 		1.45
v 57.377 		-18.845 		0
v 6.836 		0.087 		4
v 57.539 		-18.4 		0
v 57.603 		-18.172 		0
v 7 		0.098 		4
v 57.676 		-17.825 		0
v 7.237 		0.071 		4
v 57.726 		-17.473 		0
v 7.427 		0.013 		4
v 57.726 		-16.527 		0
v 5.53 		1.542 		4
v 5.512 		1.378 		4
v 56.786 		-19.868 		0
v 56.989 		-19.576 		0
v 5.459 		1.18 		4
v 56.399 		-20.316 		0
v 5.355 		0.973 		4
v 5.264 		0.852 		4
v 57.172 		-19.272 		0
v 5.137 		0.728 		4
v 4.956 		0.605 		4
v -25.731 		-11.829 		1.45
v 4.768 		0.523 		4
v 49.214 		-19.868 		0
v 4.595 		0.483 		4
v 49.361 		-20.053 		0
v 4.431 		0.469 		4
v 4.22 		0.492 		4
v 5.488 		1.867 		4
v 5.526 		1.665 		4
v 39.592 		-14.302 		1.45
v 6.141 		1.949 		4
v -23.418 		9.694 		1.45
v 3.44 		4.051 		4
v 3.287 		3.993 		4
v 3.127 		3.955 		4
v 40.499 		-13.509 		1.088
v 2.977 		3.943 		4
v 2.813 		3.953 		4
v -26.08 		-11.674 		1.088
v 2.639 		3.993 		4
v 2.486 		4.051 		4
v 2.048 		3.174 		4
v 3.479 		2.119 		4
v 3.572 		2.254 		4
v 7.324 		-2.051 		0
v 3.683 		2.375 		4
v 3.767 		2.446 		4
v 52.672 		27.175 		2.55
v 7.177 		-2.085 		0
v 3.893 		2.528 		4
v 4.004 		2.582 		4
v 7.055 		-2.098 		0
v 2.052 		2.948 		4
v 6.891 		-2.093 		0
v 6.729 		-2.066 		0
v 0.074 		3.69 		4
v 0.216 		3.846 		4
v -24.984 		-10.255 		0.362
v 6.149 		-3.937 		0
v 0.42 		3.996 		4
v 6.332 		-3.763 		0
v -25.67 		-10.983 		0.816
v 1.282 		4.088 		4
v 1.46 		4.016 		4
v 6.474 		-3.668 		0
v 40.358 		-13.895 		1.088
v 52.431 		27.123 		2.55
v 6.573 		-3.62 		0
v 1.622 		3.914 		4
v -24.921 		-10.612 		0.725
v 1.686 		3.862 		4
v -25.386 		-10.743 		0.725
v 1.818 		3.723 		4
v 1.889 		3.622 		4
v 6.836 		-3.546 		0
v 2.017 		3.335 		4
v 2.017 		2.739 		4
v 7.218 		-3.557 		0
v 7.055 		-3.535 		0
v 1.965 		2.598 		4
v 1.881 		2.441 		4
v 1.801 		2.33 		4
v 49.683 		-20.4 		0
v -26.012 		-10.658 		0.362
v 7.376 		-3.6 		0
v 1.531 		2.099 		4
v 7.619 		-3.725 		0
v -23.135 		9.454 		1.088
v 53.591 		-21.713 		0
v 0.433 		2.073 		4
v 54.172 		-21.602 		0
v 7.825 		-3.906 		0
v 40.85 		-13.598 		0.725
v 0.294 		2.161 		4
v 0.098 		2.352 		4
v 55.167 		-21.227 		0
v 55.773 		-20.857 		0
v 7.916 		-4.026 		0
v 56.052 		-20.638 		0
v 54.513 		-21.503 		0
v 3.403 		1.18 		4
v 54.735 		-21.422 		0
v 3.359 		1.324 		4
v 3.336 		1.487 		4
v 4.16 		-2.505 		4
v 3.336 		1.665 		4
v 3.359 		1.814 		4
v 3.408 		1.97 		4
v 49.948 		-20.638 		0
v 50.325 		-20.923 		0
v 4.321 		-2.475 		4
v 50.729 		-21.17 		0
v 52.047 		26.979 		2.55
v 51.376 		-21.462 		0
v 4.004 		0.557 		4
v 51.828 		-21.602 		0
v 52.175 		-21.678 		0
v 51.761 		26.817 		2.55
v 3.823 		0.653 		4
v 4.431 		-2.469 		4
v 53.237 		-21.743 		0
v 3.714 		0.736 		4
v 52.409 		-21.713 		0
v 3.598 		0.852 		4
v -23.687 		9.507 		1.45
v 4.595 		-2.483 		4
v 3.48 		1.02 		4
v 4.768 		-2.523 		4
v 51.566 		26.666 		2.55
v -23.84 		9.434 		1.45
v 52.882 		-21.749 		0
v 4.908 		-2.578 		4
v 5.05 		-2.662 		4
v 3.043 		0.051 		4
v 58.8 		-25 		0
v 3.203 		0.086 		4
v 5.179 		-2.763 		4
v 63.2 		-25 		0
v 3.367 		0.1 		4
v 48.25 		-17 		0
v 48.265 		-17.355 		0
v -26.431 		-11.538 		0.725
v 3.53 		0.086 		4
v 5.382 		-3.02 		4
v 3.691 		0.051 		4
v 48.324 		-17.825 		0
v 3.806 		0.007 		4
v 48.623 		-18.845 		0
v 48.774 		-19.166 		0
v 5.264 		-2.852 		4
v 48.429 		-18.286 		0
v 37.283 		-14.187 		4
v -24.081 		9.355 		1.45
v 0.091 		1.494 		4
v 37.198 		-14.093 		4
v 5.526 		-3.665 		4
v 5.526 		-3.487 		4
v 48.947 		-19.477 		0
v 0.3 		1.43 		4
v 0.492 		1.325 		4
v 37.072 		-13.922 		4
v 37.007 		-13.813 		4
v 0.63 		1.214 		4
v 5.415 		-4.058 		4
v 48.288 		-16.41 		0
v 1.34 		2.008 		4
v 48.256 		-16.763 		0
v 5.503 		-3.814 		4
v 36.889 		-13.541 		4
v 5.473 		-3.919 		4
v 1.176 		1.959 		4
v 1.067 		1.943 		4
v 0.944 		1.938 		4
v 0.74 		1.961 		4
v 36.933 		-12.34 		4
v 44 		-37.2 		0
v 5.459 		-3.18 		4
v 0.582 		2.004 		4
v 44 		-32.8 		0
v 65.383 		-40.213 		0
v 5.503 		-3.324 		4
v 64.886 		-40.528 		0
v 64.531 		-40.696 		0
v 63.972 		-40.88 		0
v 63.587 		-40.957 		0
v 63.294 		-40.988 		0
v -26.635 		-11.208 		0.362
v -26.803 		-11.43 		0.362
v 6.084 		-4.026 		4
v -27.069 		-11.917 		0.362
v 0.968 		0.336 		4
v 0.945 		0.173 		4
v 37.283 		-14.187 		1.45
v -27.164 		-12.178 		0.362
v 18.972 		-1.238 		0
v 18.999 		-1.014 		0
v -26.63 		-11.84 		0.725
v 0.804 		1.002 		4
v 18.924 		-1.402 		0
v -24.331 		9.309 		1.45
v 37.122 		-13.991 		1.45
v 0.875 		0.87 		4
v 18.793 		-1.642 		0
v 0.907 		0.794 		4
v 18.681 		-1.771 		0
v 0.956 		0.609 		4
v 0.97 		0.5 		4
v 18.519 		-1.909 		0
v -26.735 		-12.058 		0.725
v 65.828 		-39.828 		4
v 66.213 		-39.383 		4
v 66.326 		-39.222 		4
v 66.616 		-38.71 		4
v 66.696 		-38.531 		4
v 66.88 		-37.972 		4
v 66.957 		-37.587 		4
v 18.519 		-0.091 		0
v 58.8 		-9 		4
v 18.647 		-0.195 		0
v 63.2 		-9 		4
v 18.768 		-0.326 		0
v 18.872 		-0.486 		0
v 18.924 		-0.598 		0
v 18.959 		-0.702 		0
v 36.988 		-13.775 		1.45
v 16.811 		-0.85 		0
v 16.846 		-0.689 		0
v 16.898 		-0.548 		0
v 16.948 		-0.45 		0
v 17.142 		-0.204 		0
v 17.327 		-0.062 		0
v 18.389 		-0.016 		0
v 18.314 		-2.018 		0
v 17.473 		-2.013 		0
v 17.339 		-1.945 		0
v 17.152 		-1.806 		0
v 17.041 		-1.685 		0
v 4.308 		-2.477 		0
v 4.159 		-2.504 		0
v 16.948 		-1.55 		0
v 16.859 		-1.35 		0
v 4.431 		-2.469 		0
v 16.817 		-1.191 		0
v 16.802 		-1.027 		0
v 4.595 		-2.483 		0
v 4.768 		-2.523 		0
v -22.585 		9.83 		0.906
v 4.908 		-2.578 		0
v 16.852 		-4.093 		0
v 5.137 		-2.728 		0
v 17.234 		-4.084 		0
v 5.264 		-2.852 		0
v 18.118 		-2.077 		0
v 5.355 		-2.973 		0
v 17.955 		-2.098 		0
v -22.873 		8.737 		0.362
v 17.682 		-2.078 		0
v -26.195 		-13.127 		1.45
v 5.526 		-3.487 		0
v 5.488 		-3.867 		0
v -26.2 		-13 		1.45
v 5.526 		-3.665 		0
v 5.433 		-4.021 		0
v -22.858 		8.313 		0
v 16.463 		-4.256 		0
v -26.188 		-12.81 		1.45
v 16.606 		-4.175 		0
v 16.746 		-4.12 		0
v -23.354 		8.459 		0.362
v 36.92 		-14.326 		1.088
v 5.459 		-3.18 		0
v 5.503 		-3.324 		0
v 17.446 		-4.138 		0
v 17.596 		-4.207 		0
v -23.378 		9.057 		0.906
v -26.157 		-12.622 		1.45
v 17.712 		-4.278 		0
v 17.857 		-4.403 		0
v 2.284 		-0.809 		4
v 36.87 		-12.53 		1.45
v 18.015 		-4.61 		0
v 2.326 		-0.65 		4
v 18.113 		-4.821 		0
v 2.395 		-0.486 		4
v 18.167 		-5.089 		0
v 2.482 		-0.347 		4
v 18.153 		-5.362 		0
v 18.167 		-5.24 		0
v 2.579 		-0.232 		4
v -26.111 		-12.459 		1.45
v 18.054 		-5.66 		0
v 2.793 		-0.062 		4
v 17.971 		-5.802 		0
v 17.867 		-5.929 		0
v 39.368 		-14.46 		4
v 3.985 		-0.093 		4
v 17.69 		-6.08 		0
v 39.199 		-14.55 		4
v 16.509 		-6.116 		0
v 16.406 		-6.048 		0
v 38.919 		-14.647 		4
v 4.063 		-1.851 		4
v 40.012 		-14.403 		1.088
v 17.446 		-6.205 		0
v 3.94 		-1.938 		4
v 17.301 		-6.246 		0
v 17.125 		-6.268 		0
v 3.806 		-2.007 		4
v 16.961 		-6.265 		0
v 16.852 		-6.249 		0
v 38.627 		-14.695 		4
v 16.695 		-6.203 		0
v 38.436 		-14.697 		4
v 38.205 		-14.674 		4
v 2.94 		-2.013 		4
v 37.919 		-14.597 		4
v 53.068 		27.709 		2.04
v 37.687 		-14.493 		4
v 15.086 		-0.12 		0
v 15.02 		-0.224 		0
v 37.508 		-14.38 		4
v 52.797 		27.702 		2.04
v 2.671 		-1.851 		4
v 14.834 		-0.425 		0
v 39.457 		-14.404 		1.45
v 14.712 		-0.513 		0
v 36.853 		-13.419 		4
v 36.814 		-13.211 		4
v 52.529 		27.669 		2.04
v 14.567 		-0.59 		0
v 36.801 		-12.958 		4
v 52.759 		28.211 		1.53
v 36.814 		-12.789 		4
v 2.507 		-1.686 		4
v 36.843 		-12.622 		4
v 14.398 		-0.647 		0
v 52.266 		27.609 		2.04
v 14.372 		-1.345 		0
v 39.294 		-14.502 		1.45
v 2.376 		-1.477 		4
v 51.824 		27.997 		1.53
v 14.604 		-1.427 		0
v 2.326 		-1.35 		4
v 14.712 		-1.487 		0
v 55.2 		-17 		4
v 55.197 		-17.11 		4
v 14.855 		-1.593 		0
v 55.175 		-17.328 		4
v 15.051 		-1.821 		0
v 2.278 		-1.15 		4
v 2.267 		-1.027 		4
v 15.155 		-2.029 		0
v 55.144 		-16.511 		4
v 55.189 		-16.781 		4
v 14.237 		-0.677 		0
v 14.072 		-0.679 		0
v -26.552 		-12.795 		1.088
v 55.156 		-17.436 		4
v 13.869 		-0.651 		0
v 55.102 		-17.648 		4
v 55.067 		-17.752 		4
v 13.751 		-0.616 		0
v 51.31 		27.119 		2.04
v 39.081 		-14.597 		1.45
v 55.005 		-17.905 		4
v 13.638 		-0.567 		0
v 54.905 		-18.1 		4
v 13.464 		-0.458 		0
v 54.818 		-18.239 		4
v 54.754 		-18.328 		4
v 13.304 		-0.309 		0
v 13.203 		-0.179 		0
v 13.131 		-0.047 		0
v 54.613 		-18.496 		4
v 54.434 		-18.666 		4
v 54.239 		-18.817 		4
v 13.125 		-1.965 		0
v 13.204 		-1.822 		0
v -25.592 		-14.302 		1.45
v 53.954 		-18.982 		4
v 13.312 		-1.68 		0
v 53.804 		-19.048 		4
v 13.431 		-1.567 		0
v 53.543 		-19.131 		4
v 38.919 		-14.647 		1.45
v 13.602 		-1.453 		0
v 53.382 		-19.167 		4
v 13.81 		-1.367 		0
v 51.246 		-18.328 		4
v 14.018 		-1.323 		0
v 50.834 		-17.382 		4
v 14.168 		-1.319 		0
v 50.34 		26.814 		1.53
v 50.807 		-17.164 		4
v 50.818 		-16.727 		4
v 50.883 		-16.404 		4
v 15.226 		-2.39 		0
v 15.219 		-2.541 		0
v 51.182 		-18.239 		4
v 15.161 		-2.794 		0
v 51.095 		-18.1 		4
v 15.101 		-2.924 		0
v 50.995 		-17.905 		4
v 14.951 		-3.144 		0
v 14.802 		-3.285 		0
v 50.883 		-17.596 		4
v 14.646 		-3.385 		0
v 51.115 		27.919 		1.275
v 14.451 		-3.468 		0
v 53.164 		-19.194 		4
v -26.049 		-13.699 		1.45
v 53.055 		-19.199 		4
v 52.836 		-19.194 		4
v 15.199 		-2.173 		0
v 52.618 		-19.167 		4
v -26.111 		-13.541 		1.45
v 52.457 		-19.131 		4
v 13.143 		-2.907 		0
v 52.196 		-19.048 		4
v 13.073 		-2.728 		0
v -26.161 		-13.357 		1.45
v 13.037 		-2.554 		0
v 51.996 		-18.958 		4
v 13.03 		-2.349 		0
v -23.503 		8.79 		0.725
v 51.9 		-18.905 		4
v 51.716 		-18.786 		4
v 51.504 		-18.612 		4
v 13.053 		-2.186 		0
v 51.387 		-18.496 		4
v 13.085 		-2.067 		0
v 14.291 		-3.504 		0
v 58.8 		-25 		4
v 14.072 		-3.515 		0
v 63.2 		-25 		4
v 13.751 		-3.451 		0
v -22.599 		8.49 		0
v 13.561 		-3.358 		0
v 44 		-37.2 		4
v 13.38 		-3.223 		0
v -22.775 		9.046 		0.544
v 63.587 		-40.957 		4
v 63.972 		-40.88 		4
v 64.254 		-40.797 		4
v 64.531 		-40.696 		4
v 64.886 		-40.528 		4
v 65.383 		-40.213 		4
v 44 		-32.8 		4
v 12.603 		-4.03 		0
v 18.997 		-1.068 		4
v 18.941 		-1.35 		4
v 12.824 		-3.959 		0
v 18.872 		-1.514 		4
v -24.221 		8.774 		0.906
v -23.88 		8.282 		0.362
v 18.793 		-1.642 		4
v 12.974 		-3.94 		0
v 2.27 		-0.918 		0
v 13.138 		-3.942 		0
v 18.637 		-1.815 		4
v 2.284 		-0.809 		0
v 18.519 		-1.909 		4
v 2.326 		-0.65 		0
v 18.519 		-0.091 		4
v 2.395 		-0.486 		0
v -26.522 		-13.409 		1.088
v 18.681 		-0.229 		4
v 2.499 		-0.326 		0
v 2.579 		-0.232 		0
v 18.793 		-0.358 		4
v 39.253 		-14.918 		1.088
v 2.692 		-0.132 		0
v 18.907 		-0.56 		4
v 38.959 		-15.011 		1.088
v 2.829 		-0.041 		0
v 18.971 		-0.756 		4
v -24.153 		8.234 		0.362
v 16.803 		-0.918 		4
v -23.612 		8.358 		0.362
v 16.841 		-0.702 		4
v 3.831 		-0.004 		0
v 16.893 		-0.56 		4
v 3.974 		-0.084 		0
v 16.969 		-0.415 		4
v -25.746 		-14.156 		1.45
v 17.04 		-0.314 		4
v 17.123 		-0.223 		4
v 17.327 		-0.062 		4
v 39.531 		-14.786 		1.088
v 4.041 		-1.868 		0
v -23.785 		8.873 		0.906
v 3.892 		-1.965 		0
v -25.972 		-13.85 		1.45
v 18.276 		-2.033 		4
v 17.436 		-1.996 		4
v 17.281 		-1.907 		4
v 2.902 		-1.996 		0
v 39.865 		-14.546 		1.088
v 17.152 		-1.806 		4
v 17.067 		-1.717 		4
v 2.703 		-1.877 		0
v 16.969 		-1.585 		4
v 2.793 		-1.938 		0
v 16.893 		-1.44 		4
v 16.841 		-1.298 		4
v 16.817 		-1.191 		4
v 2.543 		-1.727 		0
v 2.639 		-1.825 		0
v 17.016 		-4.074 		4
v 17.18 		-4.077 		4
v 2.388 		-1.502 		0
v -26.311 		-13.986 		1.088
v 18.118 		-2.077 		4
v 51.283 		26.37 		2.55
v 17.955 		-2.098 		4
v 2.329 		-1.363 		0
v 17.629 		-2.064 		4
v 2.285 		-1.191 		0
v 39.388 		-15.642 		0.362
v 2.267 		-1.027 		0
v 0.091 		-1.341 		4
v 16.396 		-4.303 		4
v 0.249 		-1.384 		4
v 0.293 		-1.404 		0
v 16.551 		-4.204 		4
v 0.091 		-1.34 		0
v 0.446 		-1.479 		0
v 0.446 		-1.479 		4
v 16.746 		-4.12 		4
v 0.66 		-1.65 		4
v 0.547 		-1.55 		0
v 50.802 		24.973 		2.55
v 50.837 		24.619 		2.55
v 39.04 		-15.364 		0.725
v 0.824 		-1.869 		0
v 0.144 		-0.648 		0
v 0.091 		-0.659 		4
v -25.592 		12.302 		1.45
v 39.894 		-15.414 		0.362
v 0.901 		-2.029 		0
v -25.313 		12.493 		1.45
v 0.733 		-1.732 		4
v 0.824 		-1.869 		4
v 0.3 		-0.594 		4
v 0.35 		-0.573 		0
v 39.572 		-15.376 		0.544
v 0.852 		-0.084 		4
v 17.301 		-4.097 		4
v 0.797 		-0.179 		0
v 17.446 		-4.138 		4
v 0.733 		-0.268 		4
v 0.696 		-0.309 		0
v 51.045 		26.002 		2.55
v -25.101 		12.589 		1.45
v 0.492 		-0.49 		4
v 0.458 		-0.513 		0
v 0.63 		-0.379 		4
v 17.69 		-4.263 		4
v 50.915 		25.7 		2.55
v 17.777 		-4.329 		4
v 17.885 		-4.434 		4
v 3.69 		-2.049 		0
v 17.993 		-4.575 		4
v 3.638 		-2.064 		4
v -27.274 		-12.722 		0.362
v -27.232 		-12.448 		0.362
v 3.476 		-2.093 		0
v 3.298 		-2.097 		4
v 18.073 		-4.719 		4
v 3.312 		-2.098 		0
v 39.713 		-15.1 		0.725
v 18.124 		-4.86 		4
v 3.162 		-2.08 		0
v 3.149 		-2.078 		4
v 18.167 		-5.103 		4
v 50.837 		25.381 		2.55
v 18.167 		-5.253 		4
v 18.124 		-5.482 		4
v 3.429 		-4.021 		4
v 18.073 		-5.624 		4
v 3.435 		-4.034 		0
v 17.993 		-5.767 		4
v 3.359 		-3.814 		0
v 17.885 		-5.909 		4
v 3.374 		-3.867 		4
v 40.879 		-14.453 		0.362
v 40.411 		-14.773 		0.544
v 3.336 		-3.665 		0
v 17.777 		-6.014 		4
v 17.69 		-6.08 		4
v 3.336 		-3.665 		4
v 40.105 		-14.818 		0.725
v 3.334 		-3.501 		0
v 3.332 		-3.542 		4
v 16.533 		-6.13 		4
v -26.913 		-12.759 		0.725
v 3.349 		-3.378 		4
v 16.396 		-6.039 		4
v 3.356 		-3.338 		0
v 3.403 		-3.18 		4
v 3.388 		-3.219 		0
v -24.919 		12.647 		1.45
v 3.48 		-3.02 		0
v 3.472 		-3.032 		4
v 17.394 		-6.221 		4
v 3.572 		-2.884 		4
v 3.683 		-2.763 		0
v 17.07 		-6.271 		4
v 3.683 		-2.763 		4
v 3.767 		-2.693 		0
v 16.961 		-6.265 		4
v 3.906 		-2.605 		0
v 16.682 		-6.199 		4
v -27.274 		-13.278 		0.362
v 4.055 		-2.536 		0
v 3.857 		-2.631 		4
v 15.066 		-0.156 		4
v -27.106 		-13 		0.544
v 14.834 		-0.425 		4
v 0.956 		-2.609 		4
v 0.968 		-2.336 		4
v 14.7 		-0.521 		4
v 0.907 		-2.794 		4
v -27.164 		-13.822 		0.362
v -26.71 		-13.745 		0.816
v 14.554 		-0.596 		4
v -24.753 		12.68 		1.45
v 14.398 		-0.647 		4
v 14.345 		-1.34 		4
v 38.69 		-14.688 		1.45
v 14.503 		-1.386 		4
v 14.629 		-1.439 		4
v 38.405 		-14.694 		1.45
v 14.834 		-1.575 		4
v 14.951 		-1.691 		4
v 14.336 		-1.024 		4
v -26.948 		-14.333 		0.362
v 15.051 		-1.821 		4
v 15.151 		-2.016 		4
v 38.081 		-14.647 		1.45
v 14.237 		-0.677 		4
v 14.072 		-0.679 		4
v 13.936 		-0.666 		4
v 13.751 		-0.616 		4
v 13.508 		-0.491 		4
v 13.42 		-0.425 		4
v 13.204 		-0.178 		4
v -26.63 		-14.16 		0.725
v 0.875 		-2.87 		4
v 0.782 		-3.037 		4
v 13.125 		-1.965 		4
v 0.945 		-2.173 		4
v 13.204 		-1.822 		4
v 37.941 		-14.985 		1.088
v 13.312 		-1.68 		4
v 13.464 		-1.542 		4
v 38.551 		-15.062 		1.088
v 0.433 		-4.073 		4
v 13.613 		-1.446 		4
v 13.751 		-1.384 		4
v 0.582 		-4.004 		4
v 13.896 		-1.343 		4
v 0.74 		-3.961 		4
v 14.031 		-1.323 		4
v 0.944 		-3.938 		4
v 14.195 		-1.321 		4
v 1.176 		-3.959 		4
v 15.222 		-2.336 		4
v 15.217 		-2.554 		4
v 1.34 		-4.008 		4
v -24.585 		-14.695 		1.45
v 0.091 		-3.494 		4
v 15.173 		-2.755 		4
v -25.53 		12.784 		1.088
v 15.111 		-2.907 		4
v 15.051 		-3.014 		4
v 14.914 		-3.185 		4
v 38.346 		-15.057 		1.088
v 14.735 		-3.333 		4
v 0.3 		-3.43 		4
v 14.592 		-3.414 		4
v 14.451 		-3.468 		4
v 0.66 		-3.185 		4
v 49.78 		25 		1.53
v -25.081 		-14.597 		1.45
v 15.195 		-2.16 		4
v 50.303 		24.73 		2.04
v -24.618 		14.145 		0
v 0.446 		-3.356 		4
v 37.86 		-14.573 		1.45
v -24.857 		-14.661 		1.45
v 13.125 		-2.87 		4
v -25.277 		14.052 		0
v 37.632 		-14.46 		1.45
v 13.073 		-2.728 		4
v 13.037 		-2.554 		4
v -25.255 		13.683 		0.362
v 13.028 		-2.39 		4
v 13.045 		-2.227 		4
v 13.085 		-2.067 		4
v 50.62 		26.296 		2.04
v 14.237 		-3.512 		4
v -26.524 		13.412 		0
v 14.127 		-3.517 		4
v -26.274 		13.602 		0
v 13.803 		-3.467 		4
v 50.344 		25.537 		2.04
v 13.638 		-3.402 		4
v -26.006 		13.766 		0
v 37.06 		-14.476 		1.088
v 13.508 		-3.326 		4
v 13.42 		-3.26 		4
v 13.312 		-3.155 		4
v 12.487 		-4.09 		4
v 37.381 		-14.733 		1.088
v -25.518 		13.595 		0.362
v 12.666 		-4.005 		4
v 12.824 		-3.959 		4
v -25.457 		-14.404 		1.45
v 12.987 		-3.94 		4
v 37.653 		-14.878 		1.088
v 13.192 		-3.948 		4
v 13.385 		-3.995 		4
v 50.503 		26.053 		2.04
v 13.568 		-4.071 		4
v 36.988 		-14.896 		0.725
v 49.923 		25.949 		1.53
v 50.303 		25.27 		2.04
v 37.157 		-15.335 		0.453
v -26.504 		12.366 		0.725
v -26.067 		12.606 		0.906
v 38.292 		-15.78 		0.362
v -26.962 		12.963 		0
v -26.803 		12.57 		0.362
v -26.948 		12.333 		0.362
v -27.338 		12.367 		0
v -26.754 		13.199 		0
v 37.843 		-15.334 		0.725
v 56.984 		23.55 		0.51
v -27.165 		12.674 		0
v -25.059 		-14.985 		1.088
v 56.12 		24.205 		1.53
v -24.654 		-15.057 		1.088
v 38.319 		-15.418 		0.725
v 54.786 		23.716 		2.55
v -26.176 		11.274 		1.45
v 54.955 		23.998 		2.55
v 55.085 		24.3 		2.55
v -25.619 		-14.733 		1.088
v -26.097 		11.581 		1.45
v -26.446 		-14.995 		0.362
v 36.804 		-13.053 		1.45
v -25.524 		-14.997 		0.906
v 36.814 		-12.789 		1.45
v -26.238 		-15.179 		0.362
v -26.067 		-14.606 		0.906
v -25.717 		12.187 		1.45
v -25.951 		11.886 		1.45
v 54.496 		23.388 		2.55
v 0.968 		-2.336 		0
v 0.97 		-2.5 		0
v 54.305 		23.231 		2.55
v 36.438 		-13 		1.088
v 36.478 		-12.591 		1.088
v 54.649 		23.545 		2.55
v -26.522 		11.409 		1.088
v -25.255 		-15.683 		0.362
v -24.984 		-15.745 		0.362
v 36.843 		-13.378 		1.45
v 0.956 		-2.609 		0
v 0.915 		-2.768 		0
v 0.85 		-2.919 		0
v -25.772 		-15.481 		0.362
v 0.766 		-3.06 		0
v -25.518 		-15.595 		0.362
v 36.478 		-13.409 		1.088
v 0.945 		-2.173 		0
v 36.529 		-13.608 		1.088
v 0.433 		-4.073 		0
v 0.582 		-4.004 		0
v 0.74 		-3.961 		0
v 0.903 		-3.939 		0
v 36.599 		-13.801 		1.088
v 1.176 		-3.959 		0
v -24.695 		-15.599 		0.544
v 36.689 		-13.986 		1.088
v 36.796 		-14.162 		1.088
v 53.328 		22.825 		2.55
v -26.471 		11.608 		1.088
v 35.768 		-12.448 		0.362
v 54.027 		23.057 		2.55
v 35.726 		-12.722 		0.362
v 53.647 		22.901 		2.55
v 1.334 		-4.005 		0
v 36.123 		-12.519 		0.725
v -35.88 		-16.205 		1.53
v -26.401 		11.801 		1.088
v -35.6 		-14.922 		0.765
v -35.62 		-14.44 		0.51
v -26.049 		10.301 		1.45
v -26.134 		10.54 		1.45
v 35.726 		-13.278 		0.362
v -36.453 		-16.073 		2.04
v 35.894 		-13 		0.544
v -26.186 		10.789 		1.45
v -35.869 		-15.492 		1.275
v 36.211 		-14.246 		0.544
v 35.931 		-14.083 		0.362
v 0.144 		-3.483 		0
v 1.496 		-4.079 		0
v 36.183 		-13.715 		0.725
v 35.836 		-13.822 		0.362
v 0.3 		-3.43 		0
v -36.079 		-14.29 		0.765
v 0.604 		-3.235 		0
v 0.446 		-3.356 		0
v 8.072 		-4.878 		4
v 8.095 		-4.715 		4
v 54.582 		22.8 		2.04
v 8.022 		-4.232 		4
v -36.88 		-13.328 		0.51
v 8.072 		-4.389 		4
v -37.256 		-13.135 		0.51
v 54.987 		23.157 		2.04
v 8.095 		-4.538 		4
v 7.979 		-5.135 		4
v -38.473 		-12.793 		0.51
v 8.192 		-6.144 		4
v -38.113 		-13.115 		0.765
v 7.825 		-5.361 		4
v 7.717 		-5.466 		4
v 36.504 		-14.675 		0.544
v 7.585 		-5.564 		4
v 7.427 		-5.645 		4
v 55.16 		23.364 		2.04
v 7.271 		-5.699 		4
v 7.055 		-5.732 		4
v 6.891 		-5.726 		4
v 53.863 		22.431 		2.04
v 53.337 		22.311 		2.04
v 6.729 		-5.699 		4
v 6.415 		-5.564 		4
v 6.283 		-5.466 		4
v 6.175 		-5.361 		4
v -39.279 		-13.28 		1.02
v -39.736 		-12.824 		0.51
v -39.203 		-14.298 		2.04
v 55.68 		-16.596 		2.04
v -40.747 		-14.295 		1.53
v 51.214 		23.716 		2.55
v 55.547 		-17.927 		2.04
v -38.913 		-13.526 		1.275
v 55.68 		-17.404 		2.04
v 4.2685 		-2.048 		0
v 52.248 		22.933 		2.55
v 52.457 		22.869 		2.55
v -26.198 		10.979 		1.45
v 52.672 		22.825 		2.55
v -40.176 		-14.003 		1.53
v 55.707 		-17.135 		2.04
v 53 		22.803 		2.55
v 55.184 		-17.246 		2.55
v 55.197 		-16.918 		2.55
v -26.552 		11.205 		1.088
v -38.046 		-15.018 		2.55
v -38.353 		-14.901 		2.55
v 55.16 		-16.591 		2.55
v -26.563 		11 		1.088
v -37.761 		-15.183 		2.55
v -38.781 		-14.814 		2.55
v -26.576 		12.062 		0.816
v 51.351 		23.545 		2.55
v 54.717 		-18.37 		2.55
v 54.955 		-18.002 		2.55
v 51.695 		23.231 		2.55
v 51.9 		23.095 		2.55
v 8.095 		-4.715 		0
v 8.072 		-4.878 		0
v 8.003 		-5.079 		0
v 7.996 		-4.169 		0
v 8.072 		-4.389 		0
v 8.095 		-4.538 		0
v 55.114 		-17.595 		2.55
v 7.851 		-5.329 		0
v 51.504 		23.388 		2.55
v 7.717 		-5.466 		0
v 7.585 		-5.564 		0
v 7.42 		-5.647 		0
v 7.177 		-5.718 		0
v 7.055 		-5.732 		0
v 6.932 		-5.73 		0
v 6.769 		-5.708 		0
v 6.624 		-5.667 		0
v 6.415 		-5.564 		0
v 6.283 		-5.466 		0
v 6.175 		-5.361 		0
v 5.347 		-4.177 		4
v 5.255 		-4.297 		4
v 6.004 		-5.098 		4
v 5.943 		-4.931 		4
v 56.108 		-19.884 		0.51
v 5.905 		-4.715 		4
v -37.018 		-16.045 		2.55
v 5.905 		-4.538 		4
v 50.944 		24.222 		2.55
v 6.016 		-4.144 		4
v 51.018 		24.045 		2.55
v 5.928 		-4.389 		4
v 56.82 		-18.84 		0.51
v 5.958 		-4.283 		4
v 55.748 		-18.679 		1.53
v -37.281 		-15.629 		2.55
v -37.123 		-15.853 		2.55
v 4.968 		-4.528 		4
v 5.095 		-4.446 		4
v 56.984 		-18.45 		0.51
v 4.858 		-4.582 		4
v 4.702 		-4.635 		4
v 53.328 		-19.175 		2.55
v -26.618 		10.624 		0.997
v 54.027 		-18.943 		2.55
v 54.239 		-18.817 		2.55
v 53.647 		-19.099 		2.55
v -37.506 		-15.39 		2.55
v 4.581 		-4.658 		4
v 4.431 		-4.669 		4
v 4.186 		-4.642 		4
v 54.496 		-18.612 		2.55
v 6.061 		-5.207 		4
v 50.344 		24.463 		2.04
v 6.144 		-6.144 		0
v 5.282 		-4.265 		0
v 5.179 		-4.375 		0
v 5.928 		-4.878 		0
v 5.905 		-4.715 		0
v 50.55 		23.33 		1.785
v 5.905 		-4.538 		0
v 5.943 		-4.336 		0
v 5.998 		-4.181 		0
v 5.12 		-4.5496 		0
v 5.083 		-4.453 		0
v 50.503 		23.947 		2.04
v 49.923 		24.051 		1.53
v 4.957 		-4.535 		0
v 4.883 		-4.572 		0
v 4.755 		-4.619 		0
v 4.554 		-4.661 		0
v 4.308 		-4.661 		0
v 4.146 		-4.631 		0
v 50.41 		24.201 		2.04
v 6.107 		-5.275 		0
v 6.021 		-5.135 		0
v -36.869 		-14.586 		1.53
v 7.33 		-7.963 		0
v 7.363 		-7.823 		0
v 7.439 		-7.625 		0
v 7.585 		-7.41 		0
v 6.681 		-8.141 		0
v 7.712 		-7.286 		0
v -38.397 		-14.358 		2.04
v 53.337 		-19.689 		2.04
v 6.641 		-7.829 		0
v 6.671 		-7.977 		0
v -37.269 		-14.593 		1.785
v 50.752 		22.695 		1.53
v 53.863 		-19.569 		2.04
v 7.821 		-7.203 		0
v 8.003 		-7.109 		0
v 6.441 		-7.442 		0
v 8.146 		-7.061 		0
v 6.33 		-7.321 		0
v 52.797 		22.298 		2.04
v 6.235 		-7.243 		0
v 4.483 		-8.154 		0
v 55.16 		-18.636 		2.04
v 4.498 		-7.95 		0
v 51.451 		21.053 		0.51
v 51.852 		20.918 		0.51
v 4.524 		-7.829 		0
v 4.59 		-7.657 		0
v -39.569 		-14.877 		2.55
v 4.758 		-7.399 		0
v 52.01 		22.477 		2.04
v 4.834 		-7.321 		0
v 4.952 		-7.227 		0
v 5.13 		-7.124 		0
v 51.283 		-18.37 		2.55
v 5.259 		-7.078 		0
v -39.219 		-14.814 		2.55
v 5.418 		-7.04 		0
v 5.63 		-7.03 		0
v 5.814 		-7.053 		0
v 5.958 		-7.094 		0
v 50.807 		-17.164 		2.55
v 50.834 		-17.382 		2.55
v 52.266 		22.391 		2.04
v 6.108 		-7.161 		0
v -39.879 		-14.985 		2.55
v 4.004 		-4.582 		0
v 3.905 		-4.535 		0
v 3.778 		-4.453 		0
v 3.683 		-4.375 		0
v 50.883 		-16.404 		2.55
v 3.606 		-4.297 		0
v 2.378 		-6.111 		0
v 2.587 		-6.009 		0
v 2.745 		-5.965 		0
v 2.963 		-5.944 		0
v 7.991 		-7.114 		4
v 50.8 		-17 		2.55
v 8.107 		-7.073 		4
v 3.18 		-5.965 		0
v 7.319 		-8.113 		4
v 50.807 		-16.836 		2.55
v 7.333 		-7.95 		4
v 3.352 		-6.014 		0
v 2.055 		-5.119 		0
v 7.4 		-7.713 		4
v 3.536 		-6.105 		0
v 7.473 		-7.566 		4
v 2.055 		-4.969 		0
v -40.237 		-15.185 		2.55
v 7.67 		-7.321 		4
v 6.681 		-8.113 		4
v 0.09 		-4.363 		0
v 7.821 		-7.203 		4
v 0.171 		-4.269 		0
v 0.284 		-4.169 		0
v 6.667 		-7.95 		4
v 1.654 		-4.186 		0
v 1.745 		-4.269 		0
v 50.883 		-17.596 		2.55
v 1.851 		-4.395 		0
v 1.93 		-4.524 		0
v 50.933 		-17.752 		2.55
v 1.999 		-4.687 		0
v 6.16 		-7.194 		4
v 2.041 		-4.846 		0
v 51.095 		-18.1 		2.55
v 2.017 		-5.335 		0
v 6.33 		-7.321 		4
v 1.965 		-5.477 		0
v 6.483 		-7.497 		4
v 6.583 		-7.675 		4
v 1.889 		-5.622 		0
v 1.781 		-5.764 		0
v 1.622 		-5.914 		0
v 1.531 		-5.975 		0
v 1.282 		-6.088 		0
v 1.176 		-6.115 		0
v 1.026 		-6.134 		0
v 0.903 		-6.135 		0
v 0.74 		-6.114 		0
v 0.544 		-6.055 		0
v 48.781 		25.422 		0.51
v 0.397 		-5.982 		0
v 0.262 		-5.888 		0
v 0.098 		-5.723 		0
v 4.483 		-8.113 		4
v 4.524 		-7.829 		4
v 4.062 		-7.056 		0
v 2.086 		-6.378 		0
v 4.564 		-7.713 		4
v 48.76 		25 		0.51
v 2.138 		-6.314 		0
v 4.732 		-7.431 		4
v 4.865 		-7.294 		4
v 3.68 		-6.209 		0
v 48.844 		24.16 		0.51
v 4.963 		-7.218 		4
v 3.787 		-6.314 		0
v 5.056 		-7.161 		4
v 3.921 		-6.504 		0
v 3.991 		-6.653 		0
v 5.194 		-7.099 		4
v 4.035 		-6.797 		0
v 5.418 		-7.04 		4
v 4.048 		-7.219 		0
v 5.528 		-7.029 		4
v 4.009 		-7.379 		0
v 5.651 		-7.03 		4
v 5.814 		-7.053 		4
v 3.947 		-7.531 		0
v 50.303 		-17.27 		2.04
v 3.863 		-7.672 		0
v 5.997 		-7.109 		4
v 3.787 		-7.77 		0
v 4.055 		-4.601 		4
v 50.503 		-18.053 		2.04
v 3.711 		-7.848 		0
v 3.593 		-7.942 		0
v 3.893 		-4.528 		4
v -40.515 		-15.407 		2.55
v 3.767 		-4.446 		4
v 3.452 		-8.026 		0
v 3.683 		-4.375 		4
v 49.923 		-17.949 		1.53
v 3.234 		-8.105 		0
v -40.769 		-15.695 		2.55
v 3.572 		-4.254 		4
v 2.055 		-5.106 		4
v 50.62 		-18.296 		2.04
v -40.905 		-15.9 		2.55
v 2.055 		-4.955 		4
v 41.026 		10.357 		0.544
v 3.018 		-8.14 		0
v 2.854 		-8.135 		0
v 2.678 		-8.104 		0
v 2.38 		-6.114 		4
v 2.536 		-8.055 		0
v 2.587 		-6.009 		4
v 2.343 		-7.951 		0
v 2.813 		-5.953 		4
v 2.138 		-7.77 		0
v 2.977 		-5.943 		4
v 2.063 		-7.672 		0
v 50.344 		-17.537 		2.04
v 3.127 		-5.955 		4
v 1.971 		-7.512 		0
v 3.363 		-6.022 		4
v 1.904 		-7.34 		0
v 1.868 		-7.152 		0
v 1.866 		-6.98 		0
v 3.548 		-6.111 		4
v 41.026 		11.643 		0.544
v 41.284 		11.139 		0.362
v 41.256 		11.415 		0.362
v 1.88 		-6.851 		0
v 1.922 		-6.692 		0
v 0.018 		-4.471 		4
v 1.984 		-6.54 		0
v 0.04 		-7.901 		0
v 0.151 		-8.023 		0
v 0.098 		-4.352 		4
v 0.245 		-8.158 		0
v 0.262 		-4.186 		4
v 50.303 		-16.73 		2.04
v 15.799 		-8.844 		0
v 15.806 		-8.694 		0
v 1.531 		-4.099 		4
v 15.776 		-8.965 		0
v 1.622 		-4.161 		4
v 15.725 		-9.122 		0
v -27.274 		11.278 		0.362
v -27.232 		11.552 		0.362
v 1.842 		-4.385 		4
v 15.66 		-9.257 		0
v 1.93 		-4.524 		4
v 15.532 		-9.435 		0
v 1.999 		-4.687 		4
v 2.041 		-4.846 		4
v 15.397 		-9.561 		0
v -27.531 		11.853 		0
v 2.017 		-5.335 		4
v 15.233 		-9.673 		0
v 1.965 		-5.477 		4
v -26.817 		11.715 		0.725
v 1.889 		-5.622 		4
v 14.979 		-9.773 		0
v 1.745 		-5.805 		4
v 14.837 		-9.798 		0
v 1.654 		-5.888 		4
v 52.353 		-19.099 		2.55
v 1.496 		-5.996 		4
v -27.635 		11.274 		0
v 14.612 		-9.802 		0
v 52.672 		-19.175 		2.55
v 14.436 		-9.772 		0
v 1.176 		-6.115 		4
v 38.919 		12.647 		1.45
v -27.588 		10.376 		0
v -41.167 		-14.283 		1.275
v 15.71 		-8.255 		0
v -27.625 		10.608 		0
v 0.903 		-6.135 		4
v 15.765 		-8.41 		0
v 15.799 		-8.571 		0
v 39.199 		12.55 		1.45
v 0.74 		-6.114 		4
v 0.582 		-6.07 		4
v 0.385 		-5.975 		4
v -26.913 		11.241 		0.725
v 14.28 		-9.721 		0
v 0.262 		-5.888 		4
v 0.135 		-5.764 		4
v 0.027 		-5.622 		4
v 53 		-19.197 		2.55
v 14.134 		-9.646 		0
v 4.062 		-7.015 		4
v 13.93 		-9.485 		0
v 13.784 		-9.304 		0
v -26.913 		10.759 		0.725
v 13.723 		-9.197 		0
v 2.07 		-6.4 		4
v 13.665 		-9.058 		0
v 2.177 		-6.275 		4
v 13.619 		-8.858 		0
v 13.616 		-8.571 		0
v 3.68 		-6.209 		4
v 13.67 		-8.344 		0
v 3.822 		-6.357 		4
v 3.921 		-6.504 		4
v -41.015 		-16.121 		2.55
v 3.991 		-6.653 		4
v 39.526 		12.355 		1.45
v 4.035 		-6.797 		4
v 10.454 		-10.237 		0
v 4.048 		-7.219 		4
v -27.164 		11.822 		0.362
v 10.599 		-10.133 		0
v 10.744 		-10.057 		0
v 39.368 		12.46 		1.45
v 4.009 		-7.379 		4
v 10.887 		-10.009 		0
v 3.936 		-7.549 		4
v 11.048 		-9.978 		0
v 11.171 		-9.971 		0
v -27.069 		12.083 		0.362
v 11.322 		-9.982 		0
v 3.814 		-7.738 		4
v 11.482 		-10.016 		0
v 3.68 		-7.875 		4
v 11.673 		-10.091 		0
v 11.79 		-10.163 		0
v 51.566 		-18.666 		2.55
v 3.536 		-7.979 		4
v 51.831 		-18.861 		2.55
v 3.39 		-8.055 		4
v 3.247 		-8.104 		4
v 3.072 		-8.135 		4
v 9.509 		-8.264 		0
v -41.59 		-16.201 		2.04
v 2.908 		-8.14 		4
v 9.46 		-8.47 		0
v 2.678 		-8.104 		4
v 2.523 		-8.049 		4
v 9.396 		-8.629 		0
v 9.268 		-8.823 		0
v 2.389 		-7.98 		4
v 9.166 		-8.933 		0
v 2.257 		-7.883 		4
v -42.156 		-16.362 		1.53
v 9.002 		-9.058 		0
v 8.857 		-9.134 		0
v 2.138 		-7.77 		4
v 2.063 		-7.672 		4
v 8.702 		-9.189 		0
v 1.971 		-7.512 		4
v 1.894 		-7.3 		4
v -42.503 		-14.612 		0.51
v 8.472 		-9.225 		0
v -41.076 		-15.258 		2.04
v 8.308 		-9.22 		0
v 1.864 		-7.097 		4
v -24.669 		9.309 		1.45
v 1.872 		-6.905 		4
v 12.261 		-11.207 		0
v 12.27 		-11.029 		0
v 1.935 		-6.653 		4
v -24.899 		9.349 		1.45
v 2.004 		-6.504 		4
v 0.04 		-7.901 		4
v 10.321 		-10.374 		0
v 0.163 		-8.039 		4
v -25.081 		9.403 		1.45
v 0.4813 		-8.192 		4
v 11.919 		-10.264 		0
v 40.012 		12.403 		1.088
v 12.017 		-10.37 		0
v -41.38 		-15.704 		2.04
v 15.799 		-8.571 		4
v 15.799 		-8.844 		4
v -41.66 		-15.186 		1.53
v 12.124 		-10.52 		0
v 12.189 		-10.656 		0
v 15.78 		-8.952 		4
v -25.256 		9.479 		1.45
v 12.254 		-10.879 		0
v 15.73 		-9.109 		4
v 15.63 		-9.303 		4
v 12.23 		-11.368 		0
v 12.172 		-11.522 		0
v 39.157 		12.955 		1.088
v 15.532 		-9.435 		4
v 12.063 		-11.711 		0
v 11.978 		-11.818 		0
v 15.327 		-9.616 		4
v 11.835 		-11.947 		0
v 15.197 		-9.692 		4
v 38.959 		13.011 		1.088
v 11.636 		-12.066 		0
v 15.031 		-9.757 		4
v 11.495 		-12.121 		0
v 14.858 		-9.796 		4
v -25.457 		9.596 		1.45
v 11.294 		-12.162 		0
v 14.598 		-9.802 		4
v 11.171 		-12.17 		0
v 14.436 		-9.772 		4
v 11.008 		-12.156 		0
v -43.052 		-15.75 		0.51
v 10.808 		-12.108 		0
v 39.894 		13.414 		0.362
v 15.685 		-8.206 		4
v 15.765 		-8.41 		4
v 10.658 		-12.042 		0
v 10.552 		-11.979 		0
v 10.434 		-11.885 		0
v 10.23 		-11.637 		0
v 14.243 		-9.704 		4
v 14.089 		-9.615 		4
v 10.149 		-11.472 		0
v 13.848 		-9.393 		4
v 10.073 		-11.111 		0
v -34.765 		-17.211 		0.51
v 10.073 		-11.015 		0
v 13.729 		-9.209 		4
v 13.67 		-9.07 		4
v 10.099 		-10.826 		0
v 39.12 		13.718 		0.362
v 10.129 		-10.72 		0
v 13.628 		-8.912 		4
v 10.187 		-10.581 		0
v 13.612 		-8.625 		4
v 13.635 		-8.463 		4
v 13.729 		-8.206 		4
v 8.107 		-9.181 		0
v 7.978 		-9.134 		0
v 10.552 		-10.162 		4
v 7.701 		-8.96 		0
v -34.807 		-17.632 		0.51
v 10.847 		-10.019 		4
v 40.879 		12.454 		0.362
v 7.593 		-8.855 		0
v 11.008 		-9.984 		4
v 7.439 		-8.629 		0
v -25.717 		9.813 		1.45
v 7.346 		-8.372 		0
v 7.327 		-8.264 		0
v 11.171 		-9.971 		4
v 11.294 		-9.978 		4
v -25.928 		10.078 		1.45
v 6.654 		-8.372 		0
v 11.456 		-10.009 		4
v 10.24 		-9.5975 		4
v 6.61 		-8.516 		0
v 11.636 		-10.074 		4
v 6.561 		-8.629 		0
v 40.344 		13.09 		0.362
v 6.474 		-8.768 		0
v 11.79 		-10.163 		4
v 6.329 		-8.932 		0
v 6.202 		-9.036 		0
v 9.49 		-8.372 		4
v -36.834 		-17.382 		2.55
v 9.396 		-8.629 		4
v -36.807 		-17.164 		2.55
v 52.046 		-18.982 		2.55
v 6.059 		-9.118 		0
v 5.906 		-9.177 		0
v 5.746 		-9.214 		0
v 9.166 		-8.933 		4
v 5.596 		-9.226 		0
v 5.432 		-9.216 		0
v 9.103 		-8.987 		4
v 8.984 		-9.067 		4
v 5.259 		-9.177 		0
v -36.801 		-16.945 		2.55
v -36.818 		-16.727 		2.55
v 5.105 		-9.118 		0
v 8.82 		-9.151 		4
v 8.742 		-9.178 		4
v 4.975 		-9.043 		0
v 8.472 		-9.225 		4
v 4.845 		-8.942 		0
v 4.732 		-8.823 		0
v 8.274 		-9.216 		4
v 4.581 		-8.579 		0
v 4.491 		-8.264 		0
v 12.27 		-11.029 		4
v 12.266 		-11.166 		4
v 40.278 		12.649 		0.725
v 10.284 		-10.424 		4
v 6.167 		-11.183 		0
v 10.423 		-10.264 		4
v 6.3 		-11.055 		0
v 40.543 		12.896 		0.362
v 6.474 		-10.934 		0
v 6.624 		-10.868 		0
v 11.948 		-10.293 		4
v 6.823 		-10.815 		0
v 12.056 		-10.418 		4
v 12.143 		-10.557 		4
v 7.055 		-10.802 		0
v 7.177 		-10.815 		0
v 12.209 		-10.707 		4
v 12.251 		-10.866 		4
v 7.337 		-10.854 		0
v 7.489 		-10.916 		0
v 12.23 		-11.368 		4
v 7.619 		-10.991 		0
v -25.619 		9.267 		1.088
v 7.825 		-11.172 		0
v 52.266 		-19.609 		2.04
v 12.15 		-11.572 		4
v 8.099 		-11.914 		0
v 11.996 		-11.798 		4
v 8.072 		-12.145 		0
v 7.95 		-11.352 		0
v 11.877 		-11.912 		4
v 8.042 		-11.55 		0
v 11.745 		-12.009 		4
v 8.082 		-11.709 		0
v 11.456 		-12.132 		4
v 53.08 		-20.219 		1.53
v 11.294 		-12.162 		4
v 5.963 		-12.263 		0
v 5.928 		-12.145 		0
v 11.171 		-12.17 		4
v 5.901 		-11.927 		0
v 11.008 		-12.156 		4
v -36.558 		-18.176 		2.04
v 51.764 		-19.412 		2.04
v 10.847 		-12.121 		4
v 10.695 		-12.06 		4
v 5.908 		-11.777 		0
v 38 		12.622 		1.45
v 5.958 		-11.55 		0
v 10.552 		-11.979 		4
v -35.88 		-17.795 		1.53
v 6.016 		-11.411 		0
v 10.347 		-11.798 		4
v 10.271 		-11.701 		4
v 6.076 		-11.303 		0
v 38.31 		12.688 		1.45
v 10.125 		-11.407 		4
v 10.093 		-11.288 		4
v 10.072 		-11.043 		4
v 10.09 		-10.88 		4
v 2.112 		-10.237 		0
v -36.453 		-17.927 		2.04
v 2.244 		-10.14 		0
v 52.797 		-19.702 		2.04
v 10.129 		-10.72 		4
v 2.389 		-10.063 		0
v 10.175 		-10.606 		4
v 2.544 		-10.009 		0
v 2.719 		-9.977 		0
v 2.884 		-9.972 		0
v 3.113 		-10.009 		0
v 3.293 		-10.074 		0
v 8.133 		-9.189 		4
v 3.413 		-10.14 		0
v 7.978 		-9.134 		4
v 51.824 		-19.997 		1.53
v 3.546 		-10.237 		0
v -36.32 		-17.404 		2.04
v 7.868 		-9.08 		4
v 7.717 		-8.972 		4
v 7.567 		-8.823 		4
v 7.494 		-8.724 		4
v 0.361 		-8.965 		0
v 0.388 		-8.79 		0
v 7.375 		-8.477 		4
v 0.311 		-9.122 		0
v 0.237 		-9.269 		0
v 7.336 		-8.318 		4
v 0.152 		-9.393 		0
v 52.397 		-20.422 		1.275
v 0.04 		-9.513 		0
v -25.254 		9.08 		1.088
v 6.664 		-8.318 		4
v 0.33 		-8.344 		0
v 6.61 		-8.516 		4
v -36.32 		-16.596 		2.04
v 6.561 		-8.629 		4
v 0.385 		-8.584 		0
v -24.654 		8.943 		1.088
v 6.483 		-8.757 		4
v 6.369 		-8.894 		4
v 38.69 		12.688 		1.45
v 6.235 		-9.011 		4
v 50.356 		-20.315 		0.51
v 3.921 		-11.193 		0
v 49.752 		-19.725 		0.51
v 3.928 		-11.043 		0
v 3.653 		-10.343 		0
v 6.077 		-9.107 		4
v 3.744 		-10.463 		0
v 49.497 		-19.388 		0.51
v 3.848 		-10.663 		0
v 3.901 		-10.826 		0
v 5.867 		-9.189 		4
v -26.407 		9.824 		0.906
v 5.637 		-9.225 		4
v 5.473 		-9.22 		4
v 5.298 		-9.189 		4
v 3.89 		-11.355 		0
v 5.143 		-9.134 		4
v 4.998 		-9.058 		4
v 3.807 		-11.572 		0
v 4.865 		-8.96 		4
v 38.551 		13.062 		1.088
v 50.34 		-18.814 		1.53
v 4.695 		-8.773 		4
v 3.752 		-11.667 		0
v 4.604 		-8.629 		4
v -35.138 		-17.983 		0.765
v 4.501 		-8.318 		4
v 3.662 		-11.787 		0
v 38.142 		13.031 		1.088
v 6.283 		-11.067 		4
v 3.448 		-11.979 		0
v 6.427 		-10.963 		4
v 3.256 		-12.084 		0
v 6.657 		-10.858 		4
v 3.113 		-12.132 		0
v 6.891 		-10.807 		4
v 2.938 		-12.163 		0
v 7.055 		-10.802 		4
v 2.801 		-12.17 		0
v 50.761 		-18.527 		2.04
v 7.164 		-10.813 		4
v 2.665 		-12.158 		0
v 7.324 		-10.851 		4
v 2.557 		-12.136 		0
v 2.359 		-12.062 		0
v 7.489 		-10.916 		4
v -36.252 		-18.679 		1.53
v 7.619 		-10.991 		4
v 2.143 		-11.93 		0
v 7.851 		-11.204 		4
v 37.424 		12.315 		1.45
v 2.004 		-11.798 		0
v 1.87 		-11.608 		0
v 8.099 		-11.914 		4
v 8.082 		-12.091 		4
v 1.77 		-11.368 		0
v 37.688 		12.491 		1.45
v 1.739 		-11.207 		0
v 7.945 		-11.339 		4
v 1.729 		-11.043 		0
v 8.022 		-11.499 		4
v 1.738 		-10.934 		0
v 8.091 		-11.763 		4
v 1.779 		-10.754 		0
v 50.924 		-18.742 		2.04
v -36.84 		-18.636 		2.04
v 1.85 		-10.569 		0
v 1.905 		-10.474 		0
v 5.928 		-12.145 		4
v 1.996 		-10.353 		0
v 5.909 		-12.037 		4
v 5.901 		-11.886 		4
v 5.918 		-11.709 		4
v 8.022 		-12.301 		0
v 7.931 		-12.485 		0
v 5.978 		-11.499 		4
v 6.034 		-11.374 		4
v 6.1 		-11.27 		4
v -37.231 		-18.305 		2.55
v 7.833 		-12.617 		0
v -37.095 		-18.1 		2.55
v 7.668 		-12.771 		0
v 37.746 		12.92 		1.088
v 2.112 		-10.237 		4
v 7.526 		-12.866 		0
v 2.244 		-10.14 		4
v 37.559 		12.835 		1.088
v -26.358 		9.441 		0.725
v 2.389 		-10.063 		4
v 7.324 		-12.949 		0
v 2.605 		-9.996 		4
v 7.164 		-12.987 		0
v 7 		-12.998 		0
v 2.829 		-9.972 		4
v -36.953 		-17.804 		2.55
v 6.836 		-12.987 		0
v 2.993 		-9.983 		4
v 3.113 		-10.009 		4
v 6.631 		-12.934 		0
v 37.381 		12.733 		1.088
v 3.268 		-10.063 		4
v 6.45 		-12.853 		0
v 3.413 		-10.14 		4
v 37.214 		12.613 		1.088
v 6.332 		-12.771 		0
v 3.546 		-10.237 		4
v 6.175 		-12.628 		0
v -26.464 		8.537 		0
v 51.066 		-20.773 		0.51
v 51.451 		-20.947 		0.51
v 0.361 		-8.965 		4
v 6.028 		-12.414 		0
v 0.311 		-9.122 		4
v -25.914 		8.811 		0.544
v 0.237 		-9.269 		4
v 0.138 		-9.408 		4
v -25.255 		8.317 		0.362
v -26.209 		8.354 		0
v -36.883 		-17.596 		2.55
v 38.56 		13.424 		0.725
v 14.4 		-37.2 		0
v 0.264 		-8.194 		4
v 29.2 		-32.8 		0
v 29.2 		-37.2 		0
v 14.4 		-32.8 		0
v 0.33 		-8.344 		4
v 0.374 		-8.517 		4
v -30 		35.2 		0
v -0.4 		35.2 		0
v 0.387 		-8.803 		4
v -15.2 		35.2 		0
v 52.683 		-21.228 		0.51
v -0.4 		30.8 		0
v -16.384 		28.9606 		0
v -16.325 		28.923 		0
v -16.038 		28.714 		0
v -15.9897 		28.672 		0
v 3.928 		-11.084 		4
v 38.847 		13.766 		0.362
v 3.913 		-11.248 		4
v -15.2 		30.8 		0
v -24.708 		8.22 		0.362
v 3.653 		-10.343 		4
v 3.744 		-10.463 		4
v -15.77 		28.481 		0
v 3.825 		-10.606 		4
v -15.518 		28.231 		0
v -15.1661 		27.7992 		0
v -14.947 		27.477 		0
v -14.672 		26.953 		0
v -14.536 		26.625 		0
v -14.5357 		26.624 		0
v 3.886 		-10.773 		4
v 3.92 		-10.934 		4
v -15.144 		27.772 		0
v 48.844 		-17.84 		0.51
v 37.794 		13.509 		0.544
v 3.887 		-11.368 		4
v 37.086 		13.189 		0.544
v 37.228 		13.481 		0.362
v -24.953 		8.433 		0.544
v 3.847 		-11.485 		4
v 3.74 		-11.683 		4
v -24.681 		8.582 		0.725
v 3.653 		-11.798 		4
v -14.3817 		26.0938 		0
v -14.303 		25.708 		0
v -14.2545 		24.9349 		0
v -14.256 		24.763 		0
v 3.481 		-11.955 		4
v -36.877 		-16.431 		2.55
v 3.305 		-12.06 		4
v -14.253 		25.118 		0
v -14.371 		26.057 		0
v 48.781 		-16.578 		0.51
v -27.51 		10.072 		0
v 3.074 		-12.143 		4
v -26.735 		10.058 		0.725
v 2.884 		-12.169 		4
v 2.801 		-12.17 		4
v 2.665 		-12.158 		4
v -27.431 		9.85 		0
v 2.505 		-12.12 		4
v -27.227 		9.425 		0
v 2.34 		-12.054 		4
v -27.011 		9.098 		0
v 2.209 		-11.979 		4
v 2.112 		-11.903 		4
v -14.3027 		24.295 		0
v -14.5194 		23.4427 		0
v -14.888 		22.626 		0
v -15.214 		22.132 		0
v -15.44 		21.858 		0
v -15.6988 		21.5921 		0
v -15.77 		21.519 		0
v -25.796 		8.129 		0
v -16.325 		21.077 		0
v -16.384 		21.0394 		0
v 2.004 		-11.798 		4
v 1.928 		-11.701 		4
v 37.614 		13.257 		0.725
v 1.845 		-11.559 		4
v -14.303 		24.292 		0
v -14.397 		23.828 		0
v -14.499 		23.488 		0
v 1.783 		-11.407 		4
v -24.5 		7.851 		0
v 1.744 		-11.248 		4
v -25.277 		7.948 		0
v 1.73 		-11.084 		4
v 1.747 		-10.88 		4
v -25.047 		7.898 		0
v -24.735 		7.859 		0
v 1.786 		-10.72 		4
v 1.833 		-10.606 		4
v 1.905 		-10.474 		4
v 1.996 		-10.353 		4
v -23.723 		7.948 		0
v 8.028 		-12.289 		4
v -16.4459 		29 		0
v -23.423 		8.041 		0
v -17.156 		29.376 		0
v -17.487 		29.503 		0
v 7.916 		-12.508 		4
v 36.642 		12.559 		0.725
v -17.828 		29.602 		0
v -19 		29.749 		0
v -19.355 		29.737 		0
v 36.052 		12.333 		0.362
v 7.825 		-12.628 		4
v -16.625 		29.114 		0
v -16.833 		29.227 		0
v 7.717 		-12.733 		4
v -40.905 		-18.1 		2.55
v 7.585 		-12.831 		4
v -19.825 		29.678 		0
v -20.172 		29.602 		0
v 7.477 		-12.891 		4
v 7.324 		-12.949 		4
v -18.175 		29.678 		0
v -18.645 		29.737 		0
v 7.164 		-12.987 		4
v 7 		-12.998 		4
v 6.836 		-12.987 		4
v 6.676 		-12.949 		4
v 36.762 		13.179 		0.362
v 6.523 		-12.891 		4
v 6.415 		-12.831 		4
v 6.283 		-12.733 		4
v -22.0062 		28.672 		0
v -21.867 		28.785 		0
v -23.134 		8.163 		0
v -21.577 		28.99 		0
v -21.5597 		29 		0
v 6.175 		-12.628 		4
v -21.167 		29.227 		0
v -20.513 		29.503 		0
v -20.844 		29.376 		0
v 6.069 		-12.485 		4
v -49.196 		38.995 		0
v 5.978 		-12.301 		4
v -49.78 		38.923 		0
v -37.763 		-18.815 		2.55
v -49.972 		38.88 		0
v -50.531 		38.696 		0
v -50.798 		38.572 		0
v -51.056 		38.431 		0
v -37.485 		-18.593 		2.55
v -51.538 		38.092 		0
v -23.4535 		26.624 		0
v -23.328 		26.953 		0
v -51.757 		37.896 		0
v -23.172 		27.272 		0
v -22.989 		27.576 		0
v -22.482 		28.231 		0
v -22.2213 		28.4848 		0
v 14.4 		-37.2 		4
v 29.2 		-37.2 		4
v 29.2 		-32.8 		4
v 14.4 		-32.8 		4
v -51.964 		37.686 		0
v -22.143 		28.561 		0
v -52.092 		37.538 		0
v -30 		35.2 		4
v -52.431 		37.056 		0
v -0.4 		35.2 		4
v -15.2 		35.2 		4
v -0.4 		30.8 		4
v -52.572 		36.798 		0
v -52.696 		36.531 		0
v -15.2 		30.8 		4
v -52.88 		35.972 		0
v -52.923 		35.78 		0
v -52.995 		35.196 		0
v -23.7243 		24.576 		0
v -23.747 		24.882 		0
v -23.726 		25.473 		0
v -23.629 		26.057 		0
v -23.539 		26.4 		0
v -36.227 		28.857 		0
v -17.5205 		26.624 		4
v -17.5481 		26.6497 		4
v -17.716 		26.786 		4
v -17.948 		26.931 		4
v -18.248 		27.067 		4
v -18.432 		27.1233 		4
v -36.625 		29.114 		0
v -17.586 		26.685 		4
v 39.656 		12.246 		1.45
v -37.828 		29.602 		0
v -37.487 		29.503 		0
v -37.156 		29.376 		0
v -30 		30.8 		0
v -18.457 		27.131 		4
v -18.618 		27.167 		4
v -18.89 		27.197 		4
v -19.055 		27.199 		4
v -19.274 		27.183 		4
v -19.382 		27.167 		4
v -19.456 		27.1505 		4
v 39.841 		12.042 		1.45
v -39.355 		29.737 		0
v -39 		29.749 		0
v -38.175 		29.678 		0
v -38.473 		29.207 		0.51
v -16.4459 		21 		0
v -17.487 		20.497 		0
v -16.94 		20.722 		0
v -39.825 		29.678 		0
v -16.625 		20.886 		0
v -19.543 		27.131 		4
v -19.752 		27.067 		4
v -20.052 		26.931 		4
v -20.284 		26.786 		4
v -20.414 		26.685 		4
v -20.4795 		26.624 		4
v -38.645 		29.737 		0
v 39.972 		11.85 		1.45
v -16.8843 		25.6 		4
v -16.898 		25.648 		4
v -16.9409 		25.7708 		4
v -17.018 		25.955 		4
v -17.153 		26.193 		4
v -17.315 		26.414 		4
v -17.4573 		26.5651 		4
v -23.0513 		22.528 		0
v -23.112 		22.626 		0
v -23.328 		23.047 		0
v -23.501 		23.488 		0
v -23.629 		23.943 		0
v -23.712 		24.41 		0
v -17.426 		26.536 		4
v -40.172 		29.602 		0
v -40.513 		29.503 		0
v -40.549 		28.947 		0.51
v -16.933 		25.752 		4
v -40.844 		29.376 		0
v -38.781 		-19.186 		2.55
v 40.057 		11.679 		1.45
v -38.353 		-19.099 		2.55
v -35.214 		27.868 		0
v -16.8471 		24.576 		4
v -16.811 		24.781 		4
v -16.8 		25 		4
v -16.811 		25.219 		4
v -16.844 		25.436 		4
v -16.868 		25.543 		4
v -35.601 		28.316 		0
v -34.536 		26.625 		0
v -34.623 		26.845 		0
v -38.046 		-18.982 		2.55
v -35.18 		26.84 		0.51
v -35.011 		27.576 		0
v -34.828 		27.272 		0
v -20.48 		26.6235 		4
v -20.574 		26.536 		4
v -20.685 		26.414 		4
v -20.818 		26.239 		4
v -20.932 		26.052 		4
v -20.982 		25.955 		4
v -21.067 		25.752 		4
v -21.1143 		25.6 		4
v -21.56 		21 		0
v -21.577 		21.01 		0
v -21.962 		21.286 		0
v -22.23 		21.519 		0
v -22.56 		21.858 		0
v -22.925 		22.324 		0
v 40.124 		11.501 		1.45
v -21.271 		20.83 		0
v -21.132 		25.543 		4
v -21.156 		25.436 		4
v -21.189 		25.219 		4
v -21.2 		25 		4
v -21.189 		24.781 		4
v -21.175 		24.672 		4
v -36.252 		26.679 		1.53
v -24.576 		22.3746 		0
v -20.844 		20.624 		0
v -20.172 		20.398 		0
v -19.237 		20.257 		0
v -18.882 		20.251 		0
v -19.825 		20.322 		0
v -30 		30.8 		4
v -35.857 		28.561 		0
v -18.292 		20.305 		0
v -17.828 		20.398 		0
v -34.303 		25.708 		0
v -34.265 		25.355 		0
v -34.253 		24.882 		0
v -1.666 		7.245 		0
v -1.575 		7.382 		0
v -34.371 		26.057 		0
v -1.495 		7.475 		0
v -17.3498 		23.552 		4
v -17.246 		23.672 		4
v -17.182 		23.761 		4
v -17.068 		23.948 		4
v -17.018 		24.045 		4
v -16.953 		24.196 		4
v -16.868 		24.457 		4
v -1.414 		7.55 		0
v -1.28 		7.645 		0
v -1.135 		7.721 		0
v -0.871 		7.795 		0
v -0.762 		7.806 		0
v -0.503 		7.787 		0
v -18.248 		22.933 		4
v -18.046 		23.018 		4
v -17.9 		23.095 		4
v -0.332 		7.74 		0
v -17.544 		23.35 		4
v -17.426 		23.464 		4
v -18.432 		22.8767 		4
v 40.172 		11.295 		1.45
v -36.802 		24.973 		2.55
v -0.17 		7.666 		0
v -0.012 		7.558 		0
v -38.397 		-19.642 		2.04
v -36.818 		24.727 		2.55
v -1.695 		6.232 		0
v -37.885 		-19.47 		2.04
v -1.78 		6.463 		0
v -1.803 		6.625 		0
v -1.802 		6.803 		0
v -19.456 		22.8496 		4
v -19.436 		22.844 		4
v -19.219 		22.812 		4
v -18.8008 		22.812 		4
v -18.672 		22.825 		4
v -18.457 		22.869 		4
v -1.78 		6.952 		0
v -1.745 		7.07 		0
v -18.89 		22.803 		4
v -37.418 		-19.2 		2.04
v -0.001 		5.865 		0
v -0.177 		5.747 		0
v -20.392 		23.299 		4
v -20.147 		23.123 		4
v -19.954 		23.018 		4
v -19.752 		22.933 		4
v -0.331 		5.674 		0
v -0.584 		5.615 		0
v -0.749 		5.609 		0
v -0.912 		5.628 		0
v -1.07 		5.67 		0
v -1.185 		5.717 		0
v -1.315 		5.792 		0
v -1.445 		5.893 		0
v -36.831 		25.355 		2.55
v -1.566 		6.023 		0
v -3.584 		4.143 		0
v -40.574 		-18.536 		2.55
v -3.446 		4.205 		0
v -40.392 		-18.701 		2.55
v -40.147 		-18.877 		2.55
v -39.853 		-19.024 		2.55
v -36.32 		24.596 		2.04
v -35.88 		25.795 		1.53
v -39.543 		-19.131 		2.55
v -36.558 		26.176 		2.04
v -39.219 		-19.186 		2.55
v -36.453 		25.927 		2.04
v 40.499 		11.509 		1.088
v 40.186 		10.789 		1.45
v -35.02 		24.801 		0.765
v 40.134 		10.54 		1.45
v 40.021 		10.244 		1.45
v -35.016 		26.45 		0.51
v -34.891 		26.046 		0.51
v -40.747 		-19.705 		1.53
v -40.69 		-19.119 		2.04
v -37.948 		26.931 		2.55
v 40.438 		10.295 		1.088
v -38.564 		27.156 		2.55
v -39.203 		-19.702 		2.04
v 40.539 		10.693 		1.088
v -40.236 		-19.412 		2.04
v -22.528 		14.336 		0
v -38.92 		-20.219 		1.53
v 40.922 		10.879 		0.725
v -38.808 		27.19 		2.55
v -40.148 		-21.082 		0.51
v 40.898 		10.639 		0.725
v 40.608 		11.767 		0.906
v 40.741 		11.112 		0.906
v -36.88 		-20.672 		0.51
v 40.685 		12.052 		0.725
v -41.193 		-17.164 		2.55
v -41.142 		-17.489 		2.55
v -41.015 		-17.879 		2.55
v -37.518 		28.284 		1.148
v 36.951 		10.301 		1.45
v -37.418 		27.2 		2.04
v 36.889 		11.541 		1.45
v -37.645 		27.347 		2.04
v 37.04 		11.868 		1.45
v -38.663 		27.689 		2.04
v 37.227 		12.123 		1.45
v -41.142 		-16.511 		2.55
v -41.197 		-16.918 		2.55
v -38.137 		27.569 		2.04
v -39.219 		27.186 		2.55
v -39.569 		27.123 		2.55
v -39.953 		26.979 		2.55
v -41.167 		29.227 		0
v -41.675 		28.923 		0
v -42.052 		28.638 		0
v -42.317 		28.4 		0
v -42.639 		28.053 		0
v -42.156 		-17.638 		1.53
v -41.38 		-18.296 		2.04
v -43.377 		26.845 		0
v -43.226 		27.166 		0
v 40.144 		9.755 		1.088
v -42.856 		27.772 		0
v -43.053 		27.477 		0
v 40.26 		9.925 		1.088
v -41.59 		-17.799 		2.04
v -43.735 		24.645 		0
v -40.261 		26.801 		2.55
v -43.539 		26.4 		0
v -43.629 		26.057 		0
v -43.726 		25.473 		0
v -43.747 		25.118 		0
v -41.967 		-18.251 		1.53
v -34.672 		23.047 		0
v -34.499 		23.488 		0
v -34.371 		23.943 		0
v -34.288 		24.41 		0
v -36.133 		21.215 		0
v -35.857 		21.439 		0
v -35.601 		21.684 		0
v -36.524 		20.948 		0
v -35.287 		22.039 		0
v -41.697 		-16.73 		2.04
v -35.011 		22.424 		0
v -36.94 		20.722 		0
v 39.878 		10.009 		1.45
v -40.844 		20.624 		0
v -42.22 		-17 		1.53
v -40.513 		20.497 		0
v -39 		20.251 		0
v -38.409 		20.287 		0
v -41.697 		-17.27 		2.04
v -39.825 		20.322 		0
v -39.355 		20.263 		0
v 39.717 		9.813 		1.45
v -40.172 		20.398 		0
v -37.943 		20.369 		0
v -37.6 		20.462 		0
v -43.226 		22.834 		0
v -44.8 		23 		0
v -43.697 		24.292 		0
v -43.629 		23.943 		0
v -43.539 		23.6 		0
v -43.377 		23.155 		0
v -42.639 		21.947 		0
v 39.592 		9.698 		1.45
v -42.317 		21.6 		0
v -42.856 		22.228 		0
v -41.167 		20.773 		0
v -43.053 		22.523 		0
v -43.052 		-18.25 		0.51
v 39.386 		9.55 		1.45
v -42.052 		21.362 		0
v -41.773 		21.143 		0
v -41.375 		20.886 		0
v 39.237 		9.469 		1.45
v -49.2 		23 		0
v -49.2 		7 		0
v -44.8 		7 		0
v -38.92 		28.219 		1.53
v -0.072 		-0.681 		0
v -0.223 		-0.677 		0
v -42.248 		-19.725 		0.51
v -40.176 		27.997 		1.53
v -0.345 		-0.66 		0
v -0.503 		-0.614 		0
v -41.248 		-19.305 		1.53
v 39 		9.378 		1.45
v -0.746 		-0.491 		0
v -0.864 		-0.397 		0
v -1.02 		-0.224 		0
v -39.203 		27.702 		2.04
v -1.099 		-0.096 		0
v -38.932 		27.709 		2.04
v -1.129 		-1.965 		0
v -39.559 		28.171 		1.53
v -1.02 		-1.776 		0
v -41.076 		-18.742 		2.04
v -0.875 		-1.612 		0
v -0.688 		-1.473 		0
v -39.471 		27.669 		2.04
v 39.618 		9.27 		1.088
v -41.3 		-20.562 		0.51
v 39.865 		9.454 		1.088
v -39.734 		27.609 		2.04
v 39.348 		9.12 		1.088
v 38.959 		8.989 		1.088
v -40.69 		27.119 		2.04
v 40.433 		9.536 		0.725
v 40.685 		9.948 		0.725
v 39.08 		8.459 		0.544
v 39.646 		8.459 		0.362
v -36.883 		25.596 		2.55
v -36.998 		25.903 		2.55
v 39.894 		8.586 		0.362
v 39.272 		8.701 		0.725
v -37.217 		26.282 		2.55
v 40.344 		8.91 		0.362
v 40.021 		8.884 		0.544
v -37.446 		26.554 		2.55
v 38.795 		9.326 		1.45
v 38.606 		9.305 		1.45
v 38.415 		9.303 		1.45
v 38.247 		9.32 		1.45
v 37.89 		9.416 		1.45
v 37.614 		9.55 		1.45
v 37.424 		9.685 		1.45
v 37.283 		9.813 		1.45
v 37.171 		9.94 		1.45
v 37.04 		10.132 		1.45
v -40.496 		26.612 		2.55
v -40.613 		26.496 		2.55
v -40.719 		26.371 		2.55
v -40.847 		26.193 		2.55
v 37.214 		9.387 		1.088
v 37.381 		9.267 		1.088
v 37.941 		9.015 		1.088
v 36.933 		9.394 		0.906
v -41.248 		27.305 		1.53
v -41.3 		28.562 		0.51
v 56.108 		-14.116 		0.51
v 53.4 		-13.805 		1.53
v -42.503 		27.388 		0.51
v 54.744 		-13.135 		0.51
v -41.076 		26.742 		2.04
v 56.984 		-15.55 		0.51
v 56.12 		-16.205 		1.53
v -41.169 		24.645 		2.55
v 56.82 		-15.16 		0.51
v -41.002 		25.903 		2.55
v -41.117 		25.596 		2.55
v 55.547 		-16.073 		2.04
v -41.169 		25.355 		2.55
v 55.748 		-15.321 		1.53
v 54.372 		-15.28 		2.55
v 53.954 		-15.018 		2.55
v 53.647 		-14.901 		2.55
v -42.22 		25 		1.53
v -42.204 		24.679 		1.53
v -41.38 		26.296 		2.04
v -42.156 		25.638 		1.53
v -41.71 		25 		2.04
v -41.697 		25.27 		2.04
v -43.219 		24.578 		0.51
v -36.84 		23.364 		2.04
v -36.252 		23.321 		1.53
v -36.453 		24.073 		2.04
v -35.18 		23.16 		0.51
v -35.382 		22.789 		0.51
v -35.138 		24.017 		0.765
v -37.281 		23.629 		2.55
v -37.153 		23.807 		2.55
v -37.043 		23.997 		2.55
v -36.883 		24.404 		2.55
v -36.953 		24.196 		2.55
v -37.853 		23.123 		2.55
v -37.672 		23.247 		2.55
v -37.426 		23.464 		2.55
v -38.808 		22.81 		2.55
v -38.564 		22.844 		2.55
v -38.248 		22.933 		2.55
v -38.046 		23.018 		2.55
v -19.7399 		29 		0.68
v -19.4082 		29 		0.7212
v -17.7445 		29 		0.5551
v -17.6558 		29 		0.5304
v -17.5338 		29 		0.4866
v -17.0086 		29 		0.2724
v -16.8522 		29 		0.2086
v -16.6908 		29 		0.1315
v -17.3883 		29 		0.4345
v -17.3082 		29 		0.4055
v -17.2114 		29 		0.3625
v -17.2998 		29 		0.4024
v -18.473 		29.207 		0.51
v -17.9878 		29 		0.6227
v -17.8847 		29 		0.5942
v -18.4576 		29 		0.7109
v -18.1192 		29 		0.6473
v -17.9882 		29 		0.6228
v -19.2704 		29 		0.7382
v -19.064 		29 		0.7452
v -18.847 		29 		0.7399
v -18.4989 		29 		0.7186
v -18.9438 		29 		0.7464
v -37.645 		22.653 		2.04
v -19.3157 		29 		0.7367
v -19.9412 		29 		0.6378
v -19.7499 		29 		0.6788
v -37.418 		22.8 		2.04
v -20.48 		29 		0.4805
v -20.0188 		29 		0.6212
v -37.013 		23.157 		2.04
v -36.869 		22.586 		1.53
v -21.0717 		29 		0.2446
v -20.666 		29 		0.4135
v -20.5854 		29 		0.447
v -20.5456 		29 		0.4614
v -20.5185 		29 		0.4687
v -21.0506 		29 		0.2551
v -16.608 		21 		0.0866
v -16.7266 		21 		0.1479
v -17.0924 		21 		0.3167
v -17.5476 		21 		0.4908
v -17.6559 		21 		0.5309
v -17.7917 		21 		0.5689
v -17.9244 		21 		0.6044
v -40.847 		23.807 		2.55
v -18.0411 		21 		0.6357
v -18.3632 		21 		0.6949
v -18.432 		21 		0.7069
v -16.6997 		21 		0.1357
v -16.6655 		21 		0.1179
v -16.6908 		21 		0.1316
v -40.496 		23.388 		2.55
v -18.5174 		21 		0.72
v -18.5667 		21 		0.7237
v -19.0825 		21 		0.7459
v -19.1996 		21 		0.7442
v -19.3208 		21 		0.7308
v -19.6592 		21 		0.6936
v -20.1311 		21 		0.5932
v -20.3815 		21 		0.5132
v -20.3916 		21 		0.51
v -20.48 		21 		0.4812
v -20.148 		20.918 		0.51
v -18.904 		21 		0.7489
v -18.473 		20.793 		0.51
v -18.9006 		21 		0.749
v -19.1999 		21 		0.7442
v -19.7055 		21 		0.6885
v -20.1087 		21 		0.5988
v -20.125 		21 		0.5952
v -39.647 		22.901 		2.55
v -18.4989 		21 		0.7186
v -20.5185 		21 		0.4687
v -20.5854 		21 		0.447
v -20.7206 		21 		0.3888
v -21.2046 		21 		0.1803
v -21.2102 		21 		0.1775
v -39.954 		23.018 		2.55
v -21.1709 		21 		0.1973
v -39.219 		22.814 		2.55
v -40.69 		22.881 		2.04
v -40.236 		22.588 		2.04
v -38.663 		22.311 		2.04
v -37.65 		20.981 		0.51
v -37.256 		21.135 		0.51
v -37.071 		21.659 		0.893
v -37.676 		22.065 		1.53
v -39.734 		22.391 		2.04
v -38.92 		21.781 		1.53
v -40.549 		21.053 		0.51
v -40.176 		22.003 		1.53
v -39.203 		22.298 		2.04
v -38.932 		22.291 		2.04
v -39.559 		21.829 		1.53
v -41.117 		24.404 		2.55
v -41.002 		24.097 		2.55
v -41.967 		23.749 		1.53
v -42.156 		24.362 		1.53
v -42.052 		23.338 		1.275
v -41.076 		23.258 		2.04
v -41.239 		23.473 		2.04
v -41.59 		24.201 		2.04
v -42.724 		22.972 		0.51
# 5413 vertices

g group_0_16345508

usemtl color_16345508
s 0

f 6 	1 	2
f 5227 	5226 	5216
f 17 	18 	6
f 7 	8 	9
f 7 	9 	10
f 7 	10 	11
f 5073 	5074 	4989
f 883 	629 	11
f 1 	6 	18
f 23 	24 	25
f 23 	25 	26
f 33 	23 	26
f 10 	883 	11
f 8 	883 	9
f 33 	26 	34
f 40 	43 	32
f 31 	32 	43
f 3 	4 	5213
f 34 	35 	37
f 9 	883 	10
f 33 	34 	37
f 41 	37 	35
f 41 	35 	47
f 48 	41 	47
f 48 	49 	41
f 22 	42 	29
f 49 	48 	51
f 7 	883 	8
f 26 	200 	34
f 34 	198 	35
f 357 	227 	55
f 180 	182 	65
f 182 	195 	65
f 107 	184 	65
f 103 	107 	65
f 93 	103 	65
f 88 	93 	65
f 227 	88 	65
f 55 	227 	65
f 35 	190 	47
f 27 	36 	69
f 352 	217 	47
f 27 	70 	36
f 129 	71 	121
f 51 	74 	49
f 27 	69 	76
f 76 	80 	83
f 74 	61 	49
f 48 	47 	217
f 27 	76 	83
f 78 	199 	77
f 77 	199 	75
f 75 	199 	73
f 79 	199 	78
f 82 	199 	79
f 84 	199 	82
f 85 	199 	84
f 658 	72 	67
f 51 	48 	217
f 86 	83 	80
f 86 	80 	90
f 92 	86 	90
f 64 	65 	199
f 96 	106 	582
f 98 	475 	91
f 98 	91 	97
f 97 	99 	104
f 106 	109 	582
f 46 	63 	199
f 63 	64 	199
f 98 	97 	104
f 71 	582 	109
f 101 	105 	110
f 102 	111 	104
f 458 	95 	56
f 112 	101 	110
f 99 	976 	102
f 59 	60 	199
f 58 	59 	199
f 85 	58 	199
f 112 	110 	114
f 102 	104 	99
f 463 	458 	56
f 116 	112 	114
f 113 	108 	5220
f 102 	960 	108
f 111 	102 	108
f 118 	116 	114
f 120 	111 	108
f 123 	72 	117
f 122 	118 	124
f 118 	114 	125
f 113 	120 	108
f 470 	463 	56
f 118 	125 	124
f 113 	128 	120
f 468 	470 	56
f 190 	188 	47
f 190 	35 	198
f 25 	5222 	26
f 5218 	5217 	115
f 115 	113 	5218
f 5220 	5218 	113
f 130 	122 	124
f 130 	124 	131
f 113 	115 	132
f 128 	113 	132
f 135 	72 	123
f 191 	72 	199
f 71 	119 	121
f 136 	72 	135
f 126 	72 	136
f 133 	71 	129
f 127 	72 	126
f 141 	72 	127
f 148 	72 	141
f 145 	67 	148
f 39 	142 	115
f 132 	115 	142
f 143 	146 	147
f 139 	71 	137
f 2932 	2078 	139
f 149 	143 	147
f 149 	147 	150
f 149 	150 	154
f 156 	134 	138
f 159 	67 	145
f 100 	192 	162
f 156 	160 	134
f 164 	67 	159
f 166 	156 	138
f 166 	138 	140
f 169 	67 	164
f 140 	370 	151
f 170 	166 	140
f 73 	199 	72
f 172 	67 	169
f 170 	140 	151
f 173 	165 	171
f 157 	151 	367
f 173 	171 	175
f 157 	170 	151
f 81 	560 	167
f 163 	167 	560
f 146 	173 	175
f 72 	148 	67
f 157 	177 	170
f 147 	146 	175
f 367 	363 	157
f 158 	163 	560
f 89 	582 	81
f 109 	119 	71
f 96 	582 	89
f 177 	157 	181
f 181 	157 	168
f 50 	52 	199
f 189 	181 	168
f 52 	45 	199
f 45 	46 	199
f 189 	168 	174
f 168 	157 	363
f 363 	362 	168
f 194 	189 	174
f 174 	168 	362
f 60 	50 	199
f 203 	3192 	197
f 178 	188 	204
f 100 	5263 	192
f 117 	72 	191
f 162 	192 	153
f 174 	209 	194
f 198 	34 	200
f 174 	178 	209
f 204 	209 	178
f 204 	188 	190
f 211 	347 	220
f 219 	204 	190
f 207 	311 	206
f 212 	206 	67
f 172 	212 	67
f 221 	218 	214
f 222 	219 	200
f 214 	225 	210
f 219 	190 	198
f 217 	213 	51
f 74 	51 	213
f 195 	199 	65
f 219 	198 	200
f 232 	226 	231
f 356 	352 	178
f 213 	211 	74
f 220 	74 	211
f 228 	226 	232
f 229 	226 	228
f 237 	234 	213
f 94 	227 	229
f 226 	229 	227
f 227 	94 	87
f 87 	88 	227
f 184 	180 	65
f 158 	560 	155
f 560 	244 	155
f 234 	211 	213
f 70 	155 	244
f 233 	338 	236
f 403 	57 	54
f 247 	237 	213
f 231 	226 	242
f 247 	213 	217
f 240 	236 	586
f 27 	83 	152
f 235 	152 	83
f 245 	240 	586
f 86 	235 	83
f 249 	245 	586
f 256 	61 	220
f 92 	230 	86
f 243 	244 	560
f 62 	410 	68
f 250 	354 	253
f 61 	74 	220
f 223 	259 	256
f 254 	249 	586
f 275 	257 	586
f 251 	354 	250
f 260 	354 	251
f 223 	256 	220
f 255 	253 	354
f 70 	27 	155
f 415 	144 	68
f 243 	560 	202
f 185 	193 	560
f 193 	202 	560
f 410 	418 	68
f 264 	267 	354
f 415 	68 	418
f 267 	262 	354
f 242 	226 	262
f 263 	261 	275
f 425 	161 	144
f 268 	266 	275
f 260 	264 	354
f 354 	262 	226
f 265 	233 	236
f 269 	268 	275
f 273 	265 	236
f 1109 	1104 	275
f 1104 	944 	275
f 273 	236 	240
f 280 	273 	240
f 436 	437 	176
f 245 	280 	240
f 179 	436 	176
f 281 	351 	276
f 282 	245 	249
f 176 	437 	443
f 266 	263 	275
f 261 	258 	275
f 275 	258 	257
f 254 	586 	257
f 344 	342 	277
f 223 	347 	277
f 284 	280 	245
f 187 	176 	443
f 282 	284 	245
f 282 	249 	254
f 287 	282 	254
f 254 	292 	287
f 254 	257 	292
f 122 	173 	118
f 116 	149 	112
f 429 	405 	315
f 288 	285 	312
f 294 	354 	293
f 293 	354 	286
f 312 	309 	288
f 258 	292 	257
f 299 	354 	294
f 173 	122 	165
f 301 	292 	258
f 296 	288 	309
f 309 	310 	296
f 289 	354 	298
f 258 	261 	301
f 305 	301 	261
f 146 	118 	173
f 230 	92 	224
f 303 	354 	299
f 298 	354 	303
f 279 	286 	351
f 307 	305 	261
f 307 	261 	263
f 291 	354 	289
f 255 	354 	291
f 266 	307 	263
f 143 	118 	146
f 235 	86 	230
f 149 	116 	143
f 130 	165 	122
f 210 	225 	3188
f 3192 	205 	3189
f 313 	307 	266
f 300 	297 	320
f 268 	316 	313
f 323 	311 	318
f 318 	311 	207
f 313 	266 	268
f 319 	311 	323
f 316 	268 	269
f 321 	311 	319
f 326 	316 	269
f 326 	269 	270
f 327 	328 	311
f 297 	296 	310
f 310 	320 	297
f 304 	300 	320
f 320 	370 	304
f 308 	304 	370
f 4157 	308 	138
f 370 	140 	308
f 317 	324 	239
f 271 	326 	270
f 328 	332 	311
f 329 	326 	271
f 215 	224 	92
f 218 	221 	215
f 271 	1091 	329
f 225 	214 	218
f 152 	155 	27
f 67 	206 	311
f 321 	327 	311
f 332 	314 	311
f 351 	311 	314
f 259 	223 	277
f 165 	130 	225
f 337 	259 	277
f 277 	265 	337
f 314 	340 	351
f 277 	233 	265
f 241 	112 	149
f 341 	351 	340
f 586 	236 	330
f 345 	351 	336
f 468 	56 	53
f 324 	246 	239
f 335 	351 	341
f 336 	351 	335
f 334 	236 	338
f 348 	351 	345
f 238 	432 	241
f 233 	277 	342
f 344 	277 	347
f 223 	220 	347
f 285 	350 	346
f 274 	351 	348
f 276 	351 	274
f 278 	351 	281
f 279 	351 	278
f 285 	288 	350
f 118 	143 	116
f 55 	2800 	357
f 355 	350 	288
f 302 	428 	238
f 296 	355 	288
f 361 	354 	359
f 365 	355 	296
f 365 	296 	297
f 322 	325 	429
f 364 	297 	300
f 246 	324 	360
f 384 	359 	354
f 389 	351 	361
f 354 	361 	351
f 351 	286 	354
f 364 	365 	297
f 352 	47 	188
f 364 	300 	304
f 188 	178 	352
f 368 	364 	304
f 369 	354 	366
f 331 	475 	325
f 178 	174 	356
f 201 	187 	451
f 308 	368 	304
f 367 	151 	370
f 362 	356 	174
f 371 	354 	369
f 451 	196 	201
f 312 	285 	372
f 208 	196 	462
f 310 	309 	373
f 375 	354 	371
f 376 	373 	309
f 376 	309 	312
f 196 	465 	462
f 312 	488 	376
f 353 	329 	349
f 216 	208 	462
f 423 	419 	4190
f 358 	326 	353
f 372 	4190 	419
f 383 	381 	320
f 383 	320 	310
f 378 	354 	375
f 383 	310 	373
f 419 	416 	372
f 382 	354 	379
f 183 	1121 	648
f 382 	384 	354
f 185 	183 	648
f 417 	663 	413
f 193 	185 	654
f 246 	360 	248
f 185 	648 	659
f 394 	351 	393
f 185 	659 	654
f 395 	351 	394
f 202 	193 	654
f 401 	429 	396
f 54 	399 	403
f 654 	670 	202
f 514 	511 	454
f 413 	351 	400
f 395 	400 	351
f 62 	57 	406
f 454 	452 	514
f 406 	57 	403
f 670 	5086 	202
f 392 	396 	429
f 393 	351 	389
f 410 	62 	406
f 306 	315 	414
f 414 	420 	306
f 405 	429 	401
f 402 	397 	447
f 680 	218 	215
f 447 	444 	402
f 302 	306 	420
f 404 	402 	444
f 415 	425 	144
f 430 	179 	161
f 377 	374 	412
f 424 	663 	422
f 431 	663 	424
f 417 	422 	663
f 211 	234 	421
f 430 	161 	425
f 432 	238 	428
f 430 	436 	179
f 4190 	4189 	423
f 434 	241 	432
f 453 	663 	431
f 426 	423 	4189
f 4189 	4188 	426
f 441 	446 	101
f 374 	372 	416
f 451 	187 	443
f 5129 	360 	448
f 416 	412 	374
f 442 	295 	95
f 440 	663 	439
f 451 	465 	196
f 455 	448 	360
f 95 	456 	442
f 458 	456 	95
f 412 	408 	377
f 460 	663 	453
f 112 	241 	101
f 411 	414 	315
f 405 	411 	315
f 3227 	101 	446
f 3222 	3226 	3286
f 3292 	3310 	3291
f 380 	377 	407
f 408 	407 	377
f 407 	404 	380
f 444 	380 	404
f 324 	455 	360
f 438 	663 	460
f 439 	663 	438
f 467 	339 	466
f 452 	447 	397
f 397 	514 	452
f 586 	386 	385
f 663 	440 	445
f 663 	445 	549
f 391 	388 	586
f 388 	386 	586
f 473 	333 	467
f 476 	468 	53
f 469 	391 	586
f 474 	469 	586
f 478 	474 	586
f 481 	478 	586
f 56 	482 	5281
f 56 	95 	482
f 324 	484 	455
f 342 	338 	233
f 330 	236 	334
f 330 	481 	586
f 485 	486 	354
f 270 	269 	275
f 586 	617 	275
f 484 	324 	317
f 491 	354 	486
f 366 	354 	491
f 492 	489 	494
f 496 	492 	494
f 487 	295 	5282
f 428 	302 	420
f 315 	322 	429
f 333 	473 	331
f 475 	331 	473
f 329 	501 	349
f 339 	467 	333
f 475 	98 	325
f 496 	494 	499
f 490 	586 	493
f 503 	496 	499
f 5129 	572 	502
f 385 	461 	586
f 503 	499 	508
f 513 	518 	564
f 509 	503 	508
f 493 	586 	498
f 461 	511 	586
f 512 	509 	508
f 498 	586 	505
f 512 	508 	515
f 518 	525 	564
f 329 	353 	326
f 343 	349 	504
f 466 	343 	504
f 501 	504 	349
f 343 	466 	339
f 516 	512 	515
f 556 	557 	722
f 505 	586 	511
f 457 	454 	511
f 520 	516 	515
f 482 	95 	522
f 523 	516 	520
f 525 	183 	561
f 561 	564 	525
f 523 	520 	526
f 526 	520 	529
f 487 	500 	522
f 560 	561 	185
f 183 	185 	561
f 526 	529 	531
f 535 	526 	531
f 532 	531 	534
f 218 	680 	225
f 524 	4676 	528
f 532 	535 	531
f 695 	225 	692
f 532 	534 	537
f 539 	532 	537
f 165 	225 	695
f 542 	532 	539
f 5068 	5062 	567
f 165 	695 	171
f 567 	569 	5068
f 542 	539 	544
f 506 	519 	517
f 544 	547 	548
f 5075 	5074 	545
f 5063 	5068 	569
f 154 	241 	149
f 542 	544 	548
f 559 	548 	547
f 861 	238 	854
f 5064 	5063 	569
f 722 	714 	556
f 555 	548 	559
f 569 	574 	5064
f 5065 	5064 	574
f 2825 	2824 	500
f 241 	854 	238
f 398 	390 	338
f 238 	861 	879
f 596 	599 	731
f 739 	731 	599
f 557 	558 	722
f 745 	706 	599
f 306 	302 	877
f 563 	562 	647
f 238 	879 	302
f 315 	306 	877
f 506 	553 	519
f 487 	5271 	2835
f 546 	838 	566
f 71 	5065 	574
f 322 	315 	887
f 553 	502 	572
f 578 	71 	577
f 315 	893 	887
f 573 	650 	575
f 575 	632 	490
f 580 	71 	578
f 838 	645 	570
f 461 	457 	511
f 480 	581 	579
f 325 	322 	887
f 577 	71 	574
f 247 	217 	435
f 582 	71 	580
f 579 	576 	671
f 540 	533 	838
f 546 	540 	838
f 502 	283 	290
f 301 	305 	593
f 560 	81 	582
f 581 	480 	489
f 492 	581 	489
f 595 	602 	1756
f 609 	1756 	605
f 615 	1443 	612
f 904 	331 	325
f 502 	583 	283
f 1756 	292 	593
f 595 	1756 	593
f 589 	591 	4832
f 292 	301 	593
f 4843 	583 	502
f 4821 	4832 	594
f 591 	594 	4832
f 710 	4823 	709
f 588 	625 	592
f 551 	502 	553
f 604 	586 	603
f 605 	1756 	602
f 702 	745 	599
f 706 	739 	599
f 606 	565 	657
f 553 	506 	551
f 601 	702 	599
f 907 	339 	333
f 606 	657 	610
f 616 	586 	613
f 600 	603 	586
f 912 	343 	339
f 607 	613 	586
f 616 	617 	586
f 604 	607 	586
f 584 	614 	620
f 4839 	272 	583
f 343 	912 	922
f 618 	702 	611
f 283 	583 	272
f 619 	702 	618
f 584 	620 	621
f 608 	702 	601
f 556 	517 	519
f 584 	621 	626
f 623 	275 	617
f 5129 	502 	290
f 923 	928 	349
f 588 	584 	626
f 923 	349 	343
f 4843 	551 	549
f 587 	4866 	623
f 4843 	502 	551
f 353 	349 	933
f 570 	645 	573
f 5073 	5072 	541
f 627 	629 	883
f 5074 	5073 	543
f 633 	634 	490
f 634 	597 	490
f 928 	933 	349
f 588 	626 	635
f 624 	627 	883
f 543 	545 	5074
f 541 	543 	5073
f 1699 	1712 	636
f 636 	637 	1699
f 630 	636 	1712
f 588 	635 	625
f 608 	611 	702
f 358 	353 	933
f 1702 	1699 	637
f 638 	1702 	637
f 572 	673 	553
f 639 	1691 	638
f 597 	600 	490
f 586 	490 	600
f 633 	490 	632
f 643 	1687 	639
f 641 	562 	775
f 644 	1028 	640
f 646 	1682 	643
f 510 	497 	377
f 562 	641 	647
f 649 	1028 	644
f 448 	673 	572
f 651 	1028 	649
f 563 	647 	565
f 645 	838 	642
f 650 	573 	645
f 647 	653 	565
f 640 	1028 	699
f 472 	1676 	646
f 379 	354 	378
f 632 	575 	650
f 72 	658 	656
f 565 	653 	657
f 662 	666 	838
f 658 	663 	661
f 658 	661 	656
f 667 	642 	838
f 657 	668 	610
f 311 	351 	663
f 351 	413 	663
f 666 	667 	838
f 517 	556 	714
f 703 	557 	556
f 672 	883 	669
f 527 	386 	530
f 673 	519 	553
f 669 	883 	665
f 622 	883 	672
f 624 	883 	622
f 480 	579 	671
f 90 	683 	92
f 652 	655 	1028
f 665 	883 	655
f 519 	673 	556
f 683 	215 	92
f 620 	610 	668
f 620 	614 	610
f 673 	448 	455
f 681 	675 	842
f 682 	1954 	677
f 701 	671 	576
f 685 	1952 	682
f 686 	1948 	685
f 677 	1956 	615
f 556 	673 	703
f 215 	683 	680
f 688 	1945 	686
f 1366 	1363 	674
f 216 	462 	691
f 692 	225 	680
f 1363 	1362 	679
f 679 	674 	1363
f 558 	557 	664
f 684 	679 	1362
f 568 	691 	696
f 664 	596 	558
f 387 	1047 	330
f 216 	691 	571
f 700 	660 	842
f 390 	387 	330
f 571 	691 	568
f 701 	568 	696
f 1362 	1317 	684
f 330 	334 	390
f 568 	701 	576
f 660 	662 	838
f 838 	842 	660
f 731 	722 	558
f 506 	517 	714
f 698 	700 	842
f 596 	664 	703
f 390 	334 	338
f 707 	4821 	594
f 847 	590 	704
f 398 	338 	342
f 612 	1447 	609
f 709 	4826 	707
f 703 	664 	557
f 342 	344 	398
f 694 	663 	711
f 409 	398 	344
f 719 	4810 	716
f 716 	4810 	713
f 720 	721 	724
f 723 	724 	721
f 718 	720 	724
f 717 	718 	724
f 724 	725 	717
f 725 	726 	717
f 726 	727 	717
f 712 	717 	727
f 728 	4898 	727
f 729 	4898 	728
f 409 	344 	347
f 673 	455 	703
f 421 	409 	347
f 741 	4810 	719
f 733 	4898 	729
f 734 	4898 	733
f 735 	4898 	734
f 736 	4898 	735
f 737 	4898 	736
f 738 	4898 	737
f 1 	4898 	738
f 663 	549 	714
f 703 	455 	484
f 551 	506 	714
f 549 	551 	714
f 347 	211 	421
f 651 	652 	1028
f 886 	883 	748
f 754 	747 	5018
f 352 	435 	217
f 435 	352 	449
f 558 	596 	731
f 883 	5018 	747
f 883 	747 	748
f 352 	356 	449
f 759 	4898 	757
f 752 	745 	702
f 356 	464 	449
f 760 	4898 	759
f 936 	4810 	761
f 761 	4810 	741
f 459 	356 	362
f 764 	4898 	760
f 761 	744 	936
f 755 	752 	702
f 767 	4898 	764
f 758 	755 	702
f 776 	939 	751
f 464 	356 	459
f 763 	758 	702
f 771 	5018 	770
f 362 	363 	471
f 713 	4810 	710
f 749 	934 	744
f 751 	943 	749
f 936 	744 	934
f 459 	362 	471
f 805 	5018 	771
f 767 	770 	4898
f 826 	5018 	820
f 775 	765 	1014
f 471 	363 	479
f 766 	763 	813
f 822 	743 	732
f 703 	484 	596
f 813 	808 	766
f 769 	766 	808
f 781 	1 	778
f 367 	479 	363
f 917 	919 	791
f 784 	925 	776
f 777 	778 	1
f 479 	367 	483
f 598 	780 	743
f 317 	746 	596
f 598 	1309 	780
f 746 	823 	596
f 782 	1 	781
f 367 	370 	483
f 743 	780 	732
f 791 	794 	917
f 483 	370 	381
f 790 	1 	788
f 484 	317 	596
f 830 	917 	794
f 793 	787 	1030
f 757 	4898 	796
f 381 	370 	320
f 788 	1 	786
f 372 	488 	312
f 799 	795 	792
f 796 	4898 	790
f 782 	786 	1
f 372 	374 	488
f 374 	495 	488
f 799 	792 	798
f 495 	374 	497
f 800 	3363 	779
f 810 	5018 	805
f 497 	374 	377
f 779 	774 	800
f 804 	800 	774
f 773 	601 	599
f 817 	5018 	812
f 814 	830 	811
f 510 	377 	380
f 820 	5018 	817
f 732 	795 	822
f 885 	510 	380
f 773 	596 	823
f 773 	823 	601
f 774 	772 	804
f 808 	804 	772
f 772 	769 	808
f 816 	813 	763
f 702 	3349 	763
f 380 	444 	885
f 821 	678 	842
f 826 	824 	5018
f 812 	5018 	810
f 797 	601 	823
f 705 	1052 	938
f 827 	830 	794
f 385 	521 	461
f 521 	908 	461
f 824 	825 	5018
f 828 	830 	827
f 797 	823 	802
f 940 	708 	705
f 829 	830 	828
f 385 	386 	527
f 1333 	1330 	663
f 1330 	1329 	663
f 521 	385 	527
f 753 	754 	5018
f 825 	753 	5018
f 830 	829 	807
f 807 	811 	830
f 818 	842 	814
f 708 	940 	948
f 530 	386 	388
f 943 	751 	939
f 934 	749 	943
f 869 	865 	661
f 715 	708 	948
f 832 	1 	831
f 391 	530 	388
f 818 	819 	842
f 819 	821 	842
f 678 	681 	842
f 675 	676 	842
f 676 	698 	842
f 835 	1 	833
f 715 	948 	954
f 530 	391 	536
f 838 	840 	841
f 838 	841 	842
f 802 	823 	762
f 837 	841 	43
f 43 	841 	840
f 954 	730 	715
f 596 	773 	599
f 536 	391 	469
f 777 	1 	835
f 1012 	1011 	839
f 1115 	1135 	951
f 848 	1105 	397
f 851 	848 	397
f 851 	397 	402
f 241 	154 	854
f 855 	851 	402
f 855 	402 	404
f 100 	857 	844
f 855 	404 	407
f 859 	862 	1015
f 797 	802 	608
f 407 	408 	860
f 846 	843 	661
f 750 	742 	975
f 862 	863 	1015
f 855 	407 	860
f 853 	846 	661
f 1 	1015 	863
f 864 	860 	408
f 864 	408 	412
f 858 	853 	661
f 866 	864 	412
f 868 	1 	867
f 866 	412 	416
f 856 	859 	1015
f 852 	856 	1015
f 601 	797 	608
f 871 	866 	419
f 990 	750 	975
f 867 	1 	870
f 419 	866 	416
f 802 	844 	611
f 871 	419 	423
f 990 	756 	750
f 865 	858 	661
f 876 	871 	423
f 874 	1 	868
f 876 	423 	426
f 869 	661 	872
f 608 	802 	611
f 876 	426 	427
f 661 	663 	872
f 611 	844 	857
f 1 	832 	833
f 874 	831 	1
f 870 	1 	863
f 880 	876 	427
f 1023 	1015 	1
f 875 	872 	663
f 877 	302 	879
f 880 	427 	433
f 878 	875 	663
f 873 	847 	704
f 768 	996 	765
f 618 	611 	857
f 1240 	1226 	873
f 893 	315 	877
f 882 	881 	663
f 881 	878 	663
f 857 	619 	618
f 1242 	1240 	873
f 888 	883 	886
f 891 	895 	883
f 885 	444 	447
f 857 	100 	619
f 1323 	1319 	663
f 920 	663 	1319
f 894 	885 	447
f 895 	897 	883
f 894 	447 	452
f 888 	891 	883
f 898 	894 	452
f 898 	452 	899
f 847 	598 	590
f 897 	903 	883
f 452 	454 	899
f 100 	162 	619
f 890 	920 	1355
f 162 	628 	619
f 325 	887 	904
f 896 	892 	1352
f 454 	457 	901
f 905 	906 	883
f 1352 	1351 	896
f 783 	1022 	787
f 903 	905 	883
f 899 	454 	901
f 331 	904 	907
f 901 	457 	461
f 901 	461 	908
f 153 	630 	628
f 906 	910 	883
f 331 	907 	333
f 162 	153 	628
f 849 	850 	4722
f 911 	1028 	910
f 850 	982 	4722
f 339 	907 	912
f 22 	636 	153
f 913 	1028 	911
f 845 	4722 	973
f 1445 	1444 	909
f 153 	636 	630
f 915 	1028 	913
f 1030 	801 	793
f 1028 	883 	910
f 784 	791 	919
f 1043 	1046 	809
f 22 	637 	636
f 638 	637 	29
f 809 	801 	1043
f 1319 	1355 	920
f 1325 	1323 	663
f 884 	663 	920
f 882 	663 	884
f 639 	638 	29
f 923 	343 	922
f 809 	1046 	815
f 921 	1028 	915
f 639 	29 	66
f 1046 	1052 	815
f 815 	1052 	705
f 643 	639 	66
f 931 	776 	925
f 914 	909 	1444
f 924 	914 	1441
f 5238 	646 	643
f 646 	5238 	5243
f 705 	938 	940
f 933 	944 	358
f 1441 	1437 	924
f 946 	1028 	941
f 932 	927 	1127
f 950 	1028 	946
f 939 	776 	931
f 944 	1104 	358
f 4902 	952 	661
f 952 	945 	661
f 656 	661 	945
f 663 	658 	956
f 947 	956 	658
f 957 	1028 	953
f 941 	1028 	921
f 311 	663 	956
f 730 	954 	958
f 961 	1028 	957
f 1149 	1145 	1428
f 1430 	1428 	1141
f 951 	949 	1115
f 834 	951 	1135
f 942 	937 	1120
f 1124 	1120 	937
f 937 	932 	1124
f 1127 	1124 	932
f 963 	4732 	959
f 965 	926 	1028
f 740 	730 	958
f 598 	847 	1037
f 396 	960 	966
f 967 	969 	1028
f 953 	1028 	950
f 962 	674 	679
f 969 	964 	1028
f 970 	962 	679
f 970 	679 	684
f 964 	965 	1028
f 959 	4810 	955
f 972 	970 	684
f 396 	392 	960
f 973 	4722 	963
f 972 	684 	687
f 396 	966 	976
f 972 	687 	689
f 1015 	1028 	926
f 974 	971 	661
f 968 	1021 	1221
f 401 	396 	976
f 978 	972 	689
f 742 	740 	979
f 929 	930 	1015
f 981 	978 	693
f 979 	740 	958
f 976 	405 	401
f 693 	978 	689
f 984 	999 	982
f 977 	974 	661
f 976 	985 	405
f 975 	742 	979
f 999 	4722 	982
f 986 	981 	693
f 986 	693 	694
f 980 	977 	661
f 405 	985 	988
f 967 	1028 	961
f 2135 	699 	1028
f 989 	999 	984
f 694 	1016 	986
f 847 	1226 	1222
f 991 	999 	989
f 992 	405 	988
f 996 	756 	990
f 847 	873 	1226
f 414 	992 	1000
f 998 	1015 	995
f 6 	5206 	1064
f 999 	1064 	5206
f 756 	996 	768
f 1002 	1015 	998
f 995 	1015 	935
f 405 	992 	411
f 930 	935 	1015
f 414 	411 	992
f 994 	993 	661
f 993 	987 	661
f 987 	983 	661
f 996 	1008 	765
f 414 	1000 	1009
f 420 	414 	1009
f 1001 	994 	661
f 926 	929 	1015
f 852 	1015 	1002
f 1006 	1001 	661
f 420 	1009 	1013
f 765 	1008 	1014
f 1010 	999 	1003
f 428 	420 	1013
f 661 	843 	1011
f 1006 	661 	1011
f 428 	1013 	1019
f 432 	428 	1019
f 1017 	999 	1010
f 1005 	999 	1017
f 991 	1003 	999
f 641 	775 	1014
f 780 	1309 	916
f 1234 	1229 	1192
f 1007 	999 	1005
f 1879 	1022 	783
f 434 	432 	1019
f 712 	727 	4898
f 1025 	1023 	1
f 1026 	999 	1007
f 441 	434 	1027
f 1025 	2135 	1028
f 434 	1019 	1029
f 1032 	999 	1026
f 1040 	999 	1032
f 1041 	999 	1040
f 1031 	536 	469
f 434 	1029 	1027
f 787 	1022 	1033
f 474 	1031 	469
f 883 	1028 	655
f 1035 	1031 	474
f 787 	1033 	1030
f 1027 	1038 	441
f 446 	441 	1038
f 1035 	474 	1039
f 1030 	1043 	801
f 446 	1038 	1044
f 1039 	474 	478
f 1039 	478 	481
f 450 	446 	1044
f 1047 	1039 	481
f 450 	1044 	1049
f 1045 	1113 	1036
f 330 	1047 	481
f 1054 	999 	1041
f 467 	1058 	1059
f 1048 	999 	1057
f 1057 	999 	1054
f 429 	1089 	1063
f 1119 	1036 	1113
f 467 	466 	1058
f 1064 	1206 	6
f 1069 	429 	1063
f 1062 	1071 	1068
f 475 	1067 	1073
f 830 	842 	1077
f 1063 	1089 	1060
f 1062 	1075 	1071
f 1059 	1067 	473
f 1059 	473 	467
f 475 	473 	1067
f 1079 	1071 	1075
f 392 	429 	1069
f 91 	475 	1073
f 1070 	830 	1077
f 1072 	830 	1070
f 917 	830 	1072
f 925 	784 	919
f 128 	132 	1089
f 1084 	1079 	1086
f 1079 	1075 	1090
f 429 	128 	1089
f 501 	329 	1091
f 1079 	1090 	1086
f 504 	501 	1091
f 504 	1091 	1092
f 1094 	1084 	1095
f 1096 	1056 	1089
f 1092 	1058 	504
f 466 	504 	1058
f 1095 	1084 	1086
f 830 	814 	842
f 1095 	1103 	1094
f 1102 	1094 	1103
f 1102 	1103 	1106
f 507 	358 	1104
f 1108 	1051 	1101
f 1107 	1102 	1106
f 507 	1104 	1109
f 1100 	1076 	842
f 1076 	1077 	842
f 513 	507 	1109
f 983 	980 	661
f 1018 	1193 	1225
f 1021 	1018 	1223
f 1225 	1223 	1018
f 1229 	1227 	1192
f 1109 	1111 	513
f 518 	513 	1111
f 1113 	1045 	1108
f 518 	1111 	1117
f 525 	518 	1117
f 525 	1117 	1121
f 1135 	1012 	834
f 1060 	1089 	1056
f 1056 	1096 	1051
f 1051 	1108 	1045
f 3653 	1036 	1119
f 1112 	1203 	1110
f 1122 	1203 	1112
f 1123 	1203 	1122
f 1121 	183 	525
f 916 	1309 	1037
f 1130 	836 	1123
f 1136 	836 	1131
f 839 	834 	1012
f 843 	839 	1011
f 1129 	836 	1128
f 204 	219 	41
f 1140 	1142 	836
f 949 	942 	1115
f 1142 	1088 	836
f 1114 	1115 	942
f 1147 	1140 	836
f 842 	836 	1088
f 1088 	1083 	842
f 1083 	1085 	842
f 1085 	1098 	842
f 1098 	1100 	842
f 256 	234 	61
f 1120 	1114 	942
f 1134 	1143 	1150
f 104 	429 	98
f 1145 	1141 	1428
f 111 	429 	104
f 429 	325 	98
f 1162 	1203 	1159
f 120 	429 	111
f 1107 	1106 	1173
f 1962 	2009 	1167
f 1174 	1107 	1173
f 1169 	1167 	2009
f 1134 	1161 	1143
f 1176 	1174 	1178
f 1157 	1203 	1156
f 999 	1156 	1203
f 1157 	1159 	1203
f 1168 	1203 	1162
f 1172 	1156 	999
f 1048 	1172 	999
f 1174 	1173 	1179
f 2009 	2006 	1169
f 1174 	1179 	1178
f 674 	962 	1004
f 1183 	1176 	1178
f 1184 	1203 	1180
f 1183 	1178 	1188
f 2006 	2004 	1171
f 1280 	918 	1204
f 1204 	918 	1208
f 1185 	1203 	1184
f 1187 	1203 	1185
f 1168 	1180 	1203
f 1208 	918 	916
f 132 	142 	1089
f 1186 	1244 	1189
f 23 	33 	222
f 1273 	1234 	1190
f 1190 	1189 	1273
f 714 	1024 	1020
f 1192 	1190 	1234
f 1101 	1051 	1096
f 142 	24 	1087
f 120 	128 	429
f 1087 	1089 	142
f 33 	37 	222
f 219 	222 	37
f 37 	41 	219
f 204 	435 	209
f 1197 	1203 	1195
f 1195 	1203 	1191
f 1227 	1225 	1193
f 1202 	4747 	1205
f 1034 	731 	1042
f 1203 	1196 	1110
f 1191 	1203 	1187
f 1203 	1197 	1199
f 1199 	1196 	1203
f 1131 	836 	1130
f 1138 	836 	1136
f 1081 	1080 	505
f 1198 	4747 	1201
f 836 	43 	1203
f 177 	181 	479
f 1203 	1123 	836
f 1138 	1128 	836
f 1144 	1147 	836
f 17 	6 	1206
f 505 	1097 	1081
f 541 	538 	1367
f 1214 	1208 	916
f 1050 	739 	1053
f 916 	1037 	1218
f 1217 	1212 	1203
f 739 	706 	1053
f 1214 	916 	1218
f 1215 	1211 	661
f 1205 	4747 	1211
f 543 	541 	1367
f 1218 	1037 	1222
f 1037 	847 	1222
f 1221 	1215 	661
f 661 	971 	1221
f 1223 	1221 	1021
f 971 	968 	1221
f 1206 	1203 	17
f 1129 	1144 	836
f 43 	836 	837
f 1230 	1231 	1203
f 43 	1230 	1203
f 1231 	1232 	1203
f 1232 	1233 	1203
f 1233 	1219 	1203
f 1219 	1216 	1203
f 1216 	1217 	1203
f 1212 	1213 	1203
f 1213 	1235 	1203
f 1235 	1236 	1203
f 1236 	1237 	1203
f 1237 	1239 	1203
f 1239 	1209 	1203
f 1209 	1210 	1203
f 17 	1203 	1210
f 1193 	1192 	1227
f 65 	1241 	55
f 752 	1078 	1074
f 55 	1241 	1246
f 55 	1246 	1247
f 1273 	1189 	1244
f 755 	1078 	752
f 528 	1132 	1126
f 1249 	712 	72
f 1099 	1078 	755
f 1248 	72 	712
f 918 	1280 	1250
f 1137 	1132 	533
f 1243 	1181 	1245
f 1257 	1305 	1255
f 1258 	1305 	1257
f 1259 	1305 	1258
f 1255 	1305 	1254
f 1262 	1263 	1305
f 1265 	1305 	1263
f 1254 	1305 	1265
f 1279 	1256 	1250
f 533 	1139 	1137
f 1248 	1269 	1338
f 1335 	1338 	1269
f 1099 	755 	758
f 1995 	1992 	1245
f 1279 	1250 	1280
f 1099 	758 	1093
f 1248 	947 	1269
f 1339 	1340 	1248
f 1338 	1339 	1248
f 1332 	1335 	1269
f 1276 	1328 	1256
f 766 	1116 	1093
f 1996 	1995 	1245
f 1260 	1305 	1259
f 1256 	1279 	1276
f 1996 	1245 	1181
f 766 	769 	1116
f 1340 	1286 	1248
f 769 	1125 	1116
f 166 	483 	156
f 459 	471 	189
f 1268 	1277 	1305
f 570 	1164 	1160
f 1267 	1268 	1305
f 194 	464 	189
f 772 	774 	1125
f 2178 	2175 	1271
f 916 	1294 	792
f 1266 	1267 	1305
f 1133 	1125 	774
f 916 	918 	1294
f 1275 	1266 	1305
f 1164 	570 	1170
f 1290 	1287 	5051
f 5052 	5051 	1287
f 181 	189 	471
f 1151 	1133 	779
f 1301 	1300 	4747
f 5051 	5045 	1290
f 1260 	1274 	1305
f 1274 	1275 	1305
f 1314 	1316 	1241
f 1262 	1305 	1241
f 916 	792 	795
f 24 	23 	1082
f 222 	1082 	23
f 4747 	1198 	1302
f 1302 	1301 	4747
f 732 	780 	916
f 1082 	1087 	24
f 1310 	1241 	1308
f 1182 	1177 	575
f 1312 	1241 	1310
f 1037 	1309 	598
f 1314 	1241 	1312
f 1308 	1241 	1305
f 237 	61 	234
f 1306 	1307 	693
f 1316 	1318 	1241
f 247 	61 	237
f 435 	49 	247
f 1318 	1326 	1241
f 732 	916 	795
f 1061 	1055 	490
f 490 	1066 	1061
f 49 	435 	41
f 41 	435 	204
f 493 	1066 	490
f 798 	792 	1294
f 1409 	918 	1250
f 209 	449 	194
f 493 	498 	1066
f 1080 	1066 	498
f 505 	1080 	498
f 892 	889 	1354
f 1379 	1241 	1327
f 694 	711 	1016
f 1355 	1354 	889
f 714 	1016 	711
f 1097 	505 	511
f 1105 	1097 	514
f 1326 	1327 	1241
f 1320 	1379 	1327
f 1379 	1320 	1321
f 1020 	1016 	714
f 1286 	1289 	1248
f 1097 	511 	514
f 889 	890 	1355
f 397 	1105 	514
f 1436 	1328 	1331
f 1024 	714 	722
f 1329 	1325 	663
f 287 	1756 	282
f 1334 	1333 	663
f 292 	1756 	287
f 524 	528 	1126
f 1297 	1298 	1248
f 1024 	722 	1034
f 1200 	1788 	1458
f 1298 	1305 	1248
f 694 	693 	663
f 693 	689 	1306
f 1118 	524 	1126
f 1034 	722 	731
f 1458 	3846 	1200
f 1042 	731 	1050
f 1307 	1337 	663
f 1337 	1336 	663
f 1336 	1334 	663
f 1295 	1297 	1248
f 1277 	1248 	1305
f 1289 	1291 	1248
f 1282 	2397 	1640
f 1050 	731 	739
f 1132 	528 	533
f 1269 	1489 	1344
f 997 	1053 	706
f 1346 	1269 	1344
f 1347 	1350 	1269
f 540 	1139 	533
f 706 	745 	997
f 1493 	1492 	1341
f 1332 	1269 	1350
f 2397 	1282 	1153
f 1492 	1488 	1343
f 1358 	1328 	1276
f 1139 	540 	1148
f 1065 	997 	745
f 1404 	902 	1348
f 1486 	1410 	1348
f 540 	546 	1148
f 1346 	1347 	1269
f 1291 	1295 	1248
f 745 	752 	1065
f 1074 	1065 	752
f 1207 	1475 	1220
f 566 	1154 	546
f 1357 	1342 	1489
f 1483 	1220 	1475
f 1148 	546 	1154
f 1358 	1353 	1331
f 1356 	1357 	1489
f 1358 	1331 	1328
f 1220 	1483 	1224
f 1342 	1344 	1489
f 1376 	1377 	1489
f 1354 	1352 	892
f 1351 	1349 	900
f 1349 	1348 	902
f 902 	900 	1349
f 1093 	758 	763
f 1160 	1154 	566
f 1294 	1409 	1364
f 1160 	566 	570
f 1228 	1485 	1238
f 538 	1360 	1367
f 1294 	918 	1409
f 763 	766 	1093
f 573 	1170 	570
f 1311 	1306 	689
f 689 	687 	1311
f 1294 	1364 	798
f 1170 	573 	1177
f 564 	585 	316
f 714 	711 	663
f 1194 	1238 	1494
f 1368 	1489 	1365
f 1317 	1311 	687
f 1177 	573 	575
f 316 	326 	564
f 305 	307 	593
f 687 	684 	1317
f 1307 	663 	693
f 326 	358 	564
f 769 	772 	1125
f 1376 	1489 	1372
f 575 	1055 	1182
f 674 	1653 	1366
f 507 	513 	564
f 1653 	1651 	1369
f 1055 	575 	490
f 313 	316 	585
f 803 	806 	1364
f 1377 	1356 	1489
f 1372 	1489 	1370
f 1194 	1503 	1261
f 1133 	774 	779
f 358 	507 	564
f 307 	313 	593
f 1677 	1673 	1375
f 1375 	1374 	1677
f 1648 	1678 	1374
f 1651 	1648 	1374
f 1374 	1371 	1651
f 1371 	1369 	1651
f 1369 	1366 	1653
f 398 	409 	337
f 1261 	1503 	1253
f 1379 	1380 	1241
f 1500 	1241 	1380
f 1394 	1395 	1379
f 1364 	806 	798
f 591 	589 	1858
f 1321 	1384 	1379
f 1146 	785 	789
f 259 	337 	409
f 337 	265 	398
f 1756 	1047 	273
f 280 	1756 	273
f 282 	1756 	284
f 284 	1756 	280
f 387 	390 	273
f 398 	265 	390
f 1151 	779 	785
f 1385 	1379 	1384
f 1504 	1502 	1382
f 1272 	1270 	1512
f 1665 	1504 	1382
f 1155 	1151 	785
f 1387 	1379 	1385
f 1381 	1388 	594
f 350 	376 	346
f 1155 	785 	1146
f 1331 	4135 	1457
f 355 	373 	350
f 591 	1381 	594
f 1278 	1272 	1519
f 365 	383 	355
f 707 	594 	1388
f 1394 	1379 	1387
f 1278 	1519 	1523
f 1378 	1375 	1673
f 1673 	1672 	1378
f 364 	381 	365
f 1398 	1379 	1395
f 1283 	1278 	1523
f 1530 	1285 	1523
f 1283 	1523 	1285
f 1400 	1397 	800
f 1400 	800 	804
f 1401 	1498 	1399
f 1402 	1400 	804
f 1402 	804 	808
f 1399 	1498 	1398
f 1389 	1378 	1670
f 1392 	1391 	1386
f 1386 	1383 	1393
f 1396 	1393 	1383
f 1383 	1382 	1396
f 1495 	1493 	1396
f 1341 	1396 	1493
f 1403 	1402 	808
f 1403 	808 	813
f 1288 	1285 	1530
f 2003 	600 	597
f 1405 	1403 	813
f 816 	1405 	813
f 1406 	1405 	816
f 1367 	1408 	543
f 900 	896 	1351
f 1407 	600 	2003
f 1411 	1498 	1401
f 1299 	1292 	1535
f 1413 	1498 	1411
f 1348 	1345 	1486
f 603 	600 	1407
f 1414 	1498 	1413
f 1299 	1535 	1544
f 1328 	1436 	1409
f 1417 	1498 	1414
f 1436 	1373 	1409
f 1407 	604 	603
f 1420 	1498 	1417
f 1546 	1299 	1544
f 1404 	1348 	1410
f 1546 	1303 	1299
f 1407 	1423 	604
f 1486 	1484 	1410
f 1412 	1410 	1484
f 1408 	545 	543
f 1409 	1250 	1256
f 1304 	1303 	1546
f 1407 	2339 	1423
f 843 	1427 	1425
f 1409 	1256 	1328
f 1481 	1480 	1412
f 1418 	1415 	1474
f 1474 	1470 	1418
f 1419 	1418 	1470
f 1422 	1419 	1470
f 1452 	1448 	1424
f 604 	1423 	607
f 1313 	1564 	1315
f 1429 	1498 	1420
f 1432 	1498 	1429
f 1408 	1433 	545
f 613 	607 	1786
f 1958 	1951 	1152
f 1564 	1572 	1315
f 1152 	1149 	1958
f 1438 	1439 	1498
f 1572 	1322 	1315
f 1373 	1436 	1490
f 1428 	1958 	1149
f 1141 	1127 	1430
f 1522 	1498 	1439
f 1572 	1324 	1322
f 1439 	1442 	1522
f 1578 	1324 	1572
f 1434 	1430 	927
f 1451 	1522 	1449
f 1437 	1434 	927
f 909 	1424 	1445
f 1444 	1441 	914
f 927 	924 	1437
f 1453 	1522 	1451
f 1442 	1449 	1522
f 1424 	1464 	1452
f 1448 	1445 	1424
f 1127 	927 	1430
f 1459 	1522 	1453
f 1458 	1462 	3846
f 545 	1433 	1463
f 1426 	1522 	1459
f 1541 	1454 	1460
f 1471 	1522 	1467
f 1466 	1464 	1424
f 1467 	1522 	1426
f 38 	1472 	1207
f 1473 	1522 	1471
f 1207 	1472 	1475
f 1424 	1422 	1466
f 1470 	1466 	1422
f 1522 	1473 	1477
f 1522 	1477 	1359
f 1361 	1489 	1359
f 1365 	1489 	1361
f 1370 	1489 	1368
f 1485 	1224 	1483
f 1224 	1485 	1228
f 1435 	1438 	1498
f 1480 	1474 	1415
f 1436 	1549 	1490
f 1485 	1491 	1238
f 1415 	1412 	1480
f 1522 	1359 	1489
f 1331 	1549 	1436
f 1238 	1491 	1494
f 1488 	1486 	1345
f 1484 	1481 	1412
f 1379 	1398 	1498
f 1494 	1503 	1194
f 376 	350 	373
f 1499 	1495 	1396
f 1345 	1343 	1488
f 1343 	1341 	1492
f 1364 	1409 	803
f 1432 	1435 	1498
f 1373 	803 	1409
f 1253 	1503 	1505
f 4316 	4317 	871
f 1331 	1457 	1549
f 381 	364 	483
f 1505 	1512 	1270
f 1513 	1489 	1511
f 1253 	1505 	1270
f 1517 	1489 	1513
f 1512 	1519 	1272
f 471 	479 	181
f 373 	355 	383
f 368 	483 	364
f 383 	365 	381
f 4268 	160 	4266
f 1507 	1662 	1510
f 1461 	1516 	1520
f 1509 	1511 	1489
f 1569 	1522 	1517
f 1489 	1517 	1522
f 1575 	1498 	1522
f 1576 	1498 	1575
f 1581 	1498 	1577
f 1525 	956 	1524
f 1520 	1468 	1461
f 1288 	1530 	1531
f 956 	1525 	1529
f 1292 	1288 	1531
f 1292 	1531 	1535
f 1489 	956 	1538
f 421 	259 	409
f 1515 	1510 	1659
f 1506 	1662 	1507
f 1396 	1382 	1502
f 1502 	1499 	1396
f 1504 	1665 	1506
f 1509 	1489 	1539
f 421 	234 	256
f 1520 	1537 	1468
f 256 	259 	421
f 1538 	1539 	1489
f 1533 	956 	1529
f 1536 	1538 	956
f 1571 	1570 	1543
f 1547 	1545 	1561
f 1553 	803 	1373
f 61 	247 	49
f 1490 	1553 	1373
f 449 	209 	435
f 1304 	1546 	1558
f 1490 	1559 	1553
f 459 	189 	464
f 1556 	1498 	1555
f 1561 	1557 	1554
f 464 	194 	449
f 1558 	1568 	1304
f 1390 	1562 	1560
f 1446 	1440 	865
f 166 	170 	483
f 1490 	1549 	1567
f 1313 	1304 	1568
f 4262 	156 	483
f 170 	177 	483
f 1561 	1545 	1563
f 1564 	1313 	1568
f 1455 	1450 	875
f 1559 	1490 	1567
f 479 	483 	177
f 1565 	1563 	1545
f 1549 	1560 	1567
f 1575 	1522 	1573
f 1570 	1565 	1545
f 871 	876 	4316
f 1560 	1549 	1457
f 1560 	1457 	1390
f 497 	866 	495
f 1537 	1566 	1468
f 1577 	1498 	1576
f 1569 	1573 	1522
f 510 	864 	497
f 1561 	1554 	1550
f 1550 	1547 	1561
f 1460 	1574 	1541
f 1464 	1460 	1454
f 1454 	1452 	1464
f 1543 	1540 	1571
f 1540 	1541 	1574
f 1571 	1540 	1574
f 1545 	1543 	1570
f 1590 	1602 	1561
f 878 	1469 	1465
f 1552 	1555 	1498
f 1551 	1552 	1498
f 1581 	1551 	1498
f 1584 	1582 	1587
f 530 	1756 	527
f 1583 	1590 	1561
f 1557 	1561 	1602
f 1583 	1561 	1563
f 1602 	1599 	1557
f 1589 	1584 	1587
f 1589 	1587 	1591
f 536 	1756 	530
f 1593 	1589 	1591
f 1566 	1476 	1468
f 1024 	1034 	246
f 1595 	1589 	1593
f 1528 	1526 	1818
f 1818 	1815 	1528
f 1820 	1818 	1526
f 1031 	1756 	536
f 1595 	1593 	1598
f 851 	894 	848
f 882 	1482 	1478
f 1603 	956 	1600
f 1598 	1601 	1595
f 1822 	1820 	1526
f 550 	545 	1463
f 1606 	1601 	1598
f 1606 	1598 	1607
f 1606 	1607 	1608
f 956 	1603 	1604
f 956 	1604 	1524
f 1609 	1606 	1608
f 1609 	1608 	1613
f 1614 	1609 	1613
f 1615 	1605 	1585
f 1729 	1727 	785
f 1616 	3350 	1611
f 1618 	3350 	1616
f 1619 	1614 	1620
f 1556 	1611 	1498
f 1614 	1613 	1622
f 1614 	1622 	1620
f 1623 	3350 	1618
f 1612 	1625 	1626
f 1628 	1218 	1623
f 1627 	1619 	1620
f 1627 	1620 	1629
f 789 	785 	1727
f 1627 	1629 	1631
f 1633 	1627 	1631
f 1727 	1725 	789
f 1725 	1724 	789
f 1635 	1615 	1612
f 3225 	1615 	1638
f 843 	1425 	1421
f 1631 	1641 	1633
f 1633 	1641 	1637
f 1717 	1695 	1624
f 1585 	1638 	1615
f 1680 	2271 	1644
f 1692 	1689 	1624
f 1763 	1646 	592
f 1612 	1626 	1635
f 1632 	1624 	1689
f 1640 	550 	1463
f 1647 	1680 	1644
f 1644 	2271 	1642
f 1636 	1632 	1690
f 1689 	1690 	1632
f 1566 	1479 	1476
f 1652 	1680 	1650
f 1520 	1716 	1537
f 1645 	1643 	1679
f 1679 	1678 	1645
f 1648 	1645 	1678
f 1677 	1374 	1678
f 858 	1440 	1431
f 1654 	1680 	1652
f 1661 	1680 	1658
f 889 	1496 	1497
f 1625 	1657 	1671
f 1497 	890 	889
f 1588 	1050 	1663
f 1654 	1658 	1680
f 1496 	892 	1501
f 1659 	1510 	1662
f 1662 	1506 	1665
f 1625 	1671 	1626
f 246 	248 	1024
f 1534 	1657 	1656
f 248 	252 	1024
f 1592 	1050 	1588
f 252 	1596 	1024
f 1657 	1534 	1671
f 1393 	1392 	1386
f 956 	1024 	1596
f 956 	1596 	1600
f 1716 	1708 	1566
f 1391 	1389 	1668
f 1668 	1386 	1391
f 1670 	1668 	1389
f 1630 	1214 	1628
f 1647 	1650 	1680
f 1682 	1676 	2064
f 947 	1248 	945
f 1282 	1640 	1463
f 1566 	1537 	1716
f 1829 	1833 	952
f 1672 	1670 	1378
f 956 	947 	945
f 956 	945 	952
f 1533 	1536 	956
f 1683 	1679 	1643
f 1691 	1687 	1686
f 972 	2250 	970
f 1717 	1741 	1695
f 978 	2121 	972
f 981 	2118 	978
f 1741 	1740 	1696
f 1702 	1691 	1701
f 1701 	1699 	1702
f 890 	1497 	1548
f 2201 	986 	956
f 1016 	956 	986
f 986 	2117 	981
f 2270 	2466 	2268
f 1423 	2339 	1705
f 239 	1042 	1592
f 1696 	1695 	1741
f 1692 	1624 	1695
f 1685 	1683 	1639
f 1643 	1639 	1683
f 1639 	1636 	1685
f 1421 	1416 	834
f 834 	839 	1421
f 1763 	592 	625
f 839 	843 	1421
f 962 	2260 	1004
f 1764 	1649 	1646
f 1710 	1711 	3362
f 3360 	3359 	1715
f 1764 	1646 	1763
f 1024 	956 	1020
f 1566 	1708 	2218
f 1649 	1764 	1846
f 846 	1427 	843
f 1716 	607 	1708
f 239 	246 	1034
f 1020 	956 	1016
f 846 	853 	1427
f 1042 	239 	1034
f 2197 	2201 	956
f 1050 	1592 	1042
f 1690 	1685 	1636
f 1431 	1427 	853
f 997 	1661 	1053
f 1655 	1771 	1660
f 1719 	1717 	1624
f 1773 	1660 	1771
f 853 	858 	1431
f 1053 	1663 	1050
f 952 	2180 	956
f 554 	550 	1640
f 1624 	1621 	1719
f 1721 	1719 	1621
f 1773 	1664 	1660
f 1621 	1617 	1721
f 1463 	1433 	1282
f 1074 	1661 	1065
f 1722 	1721 	1617
f 1078 	1661 	1074
f 1666 	1664 	1776
f 858 	865 	1440
f 1065 	1661 	997
f 1776 	1667 	1666
f 865 	869 	1446
f 1711 	1729 	3362
f 1724 	1722 	1610
f 1617 	1610 	1722
f 1610 	789 	1724
f 785 	3362 	1729
f 3362 	3361 	1710
f 3456 	3452 	3376
f 785 	779 	3363
f 1715 	1713 	3360
f 1099 	1406 	1078
f 864 	510 	860
f 1782 	1669 	1667
f 1697 	1696 	1740
f 872 	1450 	869
f 1446 	869 	1450
f 1093 	1405 	1099
f 1450 	872 	875
f 1447 	1443 	1736
f 860 	510 	855
f 1443 	1733 	1736
f 1740 	1739 	1697
f 1455 	875 	1465
f 1406 	3596 	1078
f 1788 	1200 	1669
f 1125 	1402 	1116
f 1465 	875 	878
f 1099 	1405 	1406
f 4388 	4301 	4394
f 1133 	1400 	1125
f 1469 	878 	881
f 1732 	1698 	1746
f 882 	1469 	881
f 1739 	1746 	1698
f 1698 	1697 	1739
f 882 	1478 	1469
f 1151 	1748 	1133
f 4318 	346 	488
f 871 	4318 	866
f 880 	4312 	876
f 885 	855 	510
f 1155 	1748 	1151
f 1675 	1799 	1681
f 1146 	1748 	1155
f 1736 	1742 	1447
f 1804 	1681 	1799
f 882 	884 	1482
f 894 	851 	885
f 1166 	2547 	1146
f 1804 	1684 	1681
f 1482 	884 	1487
f 1403 	1116 	1402
f 866 	497 	864
f 920 	1487 	884
f 1743 	1755 	1738
f 1688 	1684 	1808
f 1400 	1133 	1397
f 4313 	4316 	876
f 898 	848 	894
f 1746 	1745 	1732
f 899 	1105 	898
f 1738 	1737 	1743
f 1744 	1743 	1737
f 1737 	1734 	1744
f 1745 	1744 	1734
f 1734 	1732 	1745
f 1402 	1125 	1400
f 920 	1548 	1487
f 855 	885 	851
f 901 	1097 	899
f 527 	1756 	521
f 1456 	1447 	1742
f 1747 	1735 	1731
f 1742 	1736 	1888
f 1035 	1756 	1031
f 1733 	1888 	1736
f 1039 	1756 	1035
f 1693 	1819 	1827
f 892 	1496 	889
f 1750 	1749 	1757
f 1047 	1756 	1039
f 1116 	1403 	1093
f 1405 	1093 	1403
f 3599 	3602 	1661
f 3602 	3605 	1661
f 1456 	1742 	1752
f 1501 	892 	896
f 1757 	1753 	1751
f 1751 	1750 	1757
f 1508 	1501 	896
f 387 	273 	1047
f 265 	273 	390
f 896 	900 	1508
f 1497 	2238 	1548
f 1496 	2238 	1497
f 2176 	1482 	2134
f 952 	1478 	2176
f 2180 	952 	2176
f 2182 	956 	2180
f 2183 	956 	2182
f 2195 	956 	2193
f 1514 	1508 	900
f 1703 	1738 	1755
f 1755 	1754 	1703
f 1548 	2134 	1487
f 1514 	900 	902
f 1518 	1514 	902
f 1707 	1704 	1836
f 1521 	1515 	1765
f 1844 	1709 	1707
f 1424 	909 	1527
f 1461 	1456 	1752
f 1532 	1527 	909
f 1659 	1765 	1515
f 1765 	1767 	1521
f 909 	914 	1532
f 1427 	952 	1425
f 1760 	1758 	1770
f 1767 	1770 	1758
f 1758 	1521 	1767
f 585 	593 	313
f 1431 	952 	1427
f 1770 	1775 	1760
f 1461 	1752 	1516
f 914 	924 	1532
f 1440 	952 	1431
f 1761 	1760 	1775
f 1655 	1709 	1768
f 1752 	1816 	1803
f 1446 	952 	1440
f 1768 	1771 	1655
f 1450 	952 	1446
f 1548 	920 	890
f 1774 	1825 	1775
f 1752 	1803 	1516
f 1097 	901 	1081
f 1066 	2040 	1061
f 1759 	1747 	1905
f 1455 	952 	1450
f 1772 	1532 	924
f 1766 	1762 	1825
f 1762 	1761 	1825
f 1761 	1775 	1825
f 1465 	952 	1455
f 1742 	1816 	1752
f 1772 	924 	927
f 1773 	1776 	1664
f 1778 	1772 	927
f 1825 	1823 	1766
f 1526 	1769 	1822
f 1823 	1822 	1769
f 1769 	1766 	1823
f 848 	898 	1105
f 1105 	899 	1097
f 908 	2040 	901
f 1778 	927 	932
f 952 	1469 	1478
f 1781 	1778 	932
f 1723 	1720 	1777
f 1774 	1794 	1825
f 1776 	1782 	1667
f 1781 	932 	937
f 1784 	1781 	937
f 1482 	2176 	1478
f 1465 	1469 	952
f 1784 	937 	942
f 1787 	1784 	942
f 1487 	2134 	1482
f 1840 	1837 	1706
f 4829 	1118 	4828
f 1792 	1787 	942
f 1669 	1782 	1788
f 1789 	1723 	1777
f 1838 	1855 	1783
f 1792 	942 	949
f 1785 	1783 	1855
f 1795 	1792 	951
f 1126 	4825 	1118
f 951 	1792 	949
f 1794 	1793 	1779
f 1779 	1825 	1794
f 1597 	1528 	1815
f 1416 	1795 	834
f 2247 	1797 	1675
f 1148 	2040 	1139
f 834 	1795 	951
f 1723 	1789 	1726
f 1796 	1786 	607
f 1675 	1797 	1799
f 1786 	617 	616
f 1801 	1854 	968
f 1801 	968 	971
f 567 	554 	1640
f 1805 	1801 	971
f 1514 	2228 	1508
f 1508 	2232 	1501
f 1807 	1805 	974
f 1803 	1786 	1796
f 1684 	1804 	1808
f 1132 	4824 	1126
f 1518 	2317 	2222
f 974 	1805 	971
f 1800 	2437 	1802
f 1798 	2438 	1800
f 1726 	1789 	1809
f 1811 	1807 	974
f 1811 	974 	977
f 1688 	1808 	1813
f 1806 	1802 	1594
f 1518 	2225 	1514
f 1501 	2236 	1496
f 1586 	1580 	1806
f 1594 	1586 	1806
f 1814 	1811 	977
f 1814 	977 	980
f 4822 	1137 	2040
f 1817 	1814 	980
f 1817 	980 	983
f 1813 	1819 	1693
f 2363 	2341 	2361
f 1694 	1688 	1813
f 1821 	1817 	983
f 1821 	983 	987
f 1812 	1810 	1580
f 1810 	1806 	1580
f 1170 	2040 	1164
f 1693 	1694 	1813
f 1815 	1812 	1579
f 1580 	1579 	1812
f 1824 	1821 	987
f 1786 	1803 	617
f 1579 	1557 	1815
f 1826 	1824 	994
f 1177 	1182 	2040
f 617 	1803 	1816
f 1824 	987 	993
f 1599 	1597 	1815
f 1557 	1599 	1815
f 1160 	2040 	1154
f 1520 	1516 	1803
f 1824 	993 	994
f 1177 	2040 	1170
f 1829 	1826 	994
f 2238 	1496 	2236
f 1700 	1324 	1830
f 1829 	994 	1001
f 1772 	1778 	2352
f 2040 	1182 	1055
f 1055 	1061 	2040
f 1833 	1829 	1001
f 1828 	1896 	1831
f 1324 	1578 	1830
f 1066 	1080 	2040
f 1081 	901 	2040
f 2040 	908 	1756
f 1835 	1833 	1001
f 1835 	1001 	1006
f 1830 	1836 	1704
f 1700 	1830 	1704
f 1786 	616 	613
f 1139 	2040 	1137
f 1148 	1154 	2040
f 1160 	1164 	2040
f 1080 	1081 	2040
f 4825 	1126 	4824
f 1137 	4822 	1132
f 1781 	1876 	1778
f 1836 	1841 	1707
f 521 	1756 	908
f 1839 	1012 	1843
f 623 	617 	1816
f 1784 	1869 	1781
f 1844 	1707 	1841
f 1006 	1011 	1835
f 589 	1791 	1858
f 1768 	1709 	1844
f 1011 	1839 	1835
f 1792 	1861 	1787
f 1728 	1726 	1809
f 1839 	1011 	1012
f 1834 	1832 	1842
f 1828 	559 	1898
f 1832 	1831 	1845
f 1845 	1842 	1832
f 1468 	1756 	1461
f 1421 	1843 	1416
f 1447 	1456 	609
f 1851 	1649 	1846
f 1848 	1846 	1849
f 1848 	1851 	1846
f 1816 	1791 	623
f 1852 	1850 	1018
f 1854 	1852 	1018
f 623 	1791 	587
f 1853 	1848 	1849
f 1854 	1018 	1021
f 1791 	589 	587
f 1854 	1021 	968
f 1780 	1779 	1793
f 1447 	612 	1443
f 1856 	1853 	1857
f 1456 	1461 	609
f 1849 	1860 	1853
f 1840 	1834 	1842
f 1837 	1838 	1706
f 1783 	1706 	1838
f 1847 	1780 	1790
f 1853 	1860 	1857
f 1756 	609 	1461
f 1862 	1856 	1857
f 1862 	1857 	1864
f 1742 	1791 	1816
f 1864 	1865 	1862
f 1866 	1730 	1728
f 1468 	1476 	1756
f 697 	2135 	690
f 1793 	1790 	1780
f 1790 	1785 	1847
f 1855 	1847 	1785
f 1754 	1753 	403
f 1834 	1840 	1706
f 1742 	1888 	1791
f 1868 	1865 	1870
f 1864 	1872 	1865
f 1873 	1388 	1381
f 1865 	1872 	1870
f 1903 	1756 	1479
f 1479 	1756 	1476
f 1874 	1868 	1870
f 1874 	1870 	1877
f 1728 	1809 	1866
f 1878 	1874 	1877
f 1416 	1881 	1795
f 1795 	1859 	1792
f 1859 	1795 	1881
f 4902 	1817 	952
f 2509 	2506 	1871
f 1873 	1888 	1733
f 1879 	1878 	1885
f 1885 	1878 	1877
f 1791 	1888 	1858
f 1022 	1879 	1885
f 2506 	2500 	1880
f 1882 	2441 	1886
f 2040 	1756 	1890
f 1811 	4902 	1807
f 1789 	2082 	2048
f 1814 	4902 	1811
f 1895 	2040 	1891
f 1858 	1888 	1381
f 1807 	4902 	1805
f 1381 	1888 	1873
f 1896 	1845 	1831
f 1898 	1896 	1828
f 1906 	1756 	1903
f 1817 	4902 	1814
f 1858 	1381 	591
f 1909 	1756 	1906
f 1901 	1898 	559
f 707 	1388 	1873
f 1433 	2017 	1282
f 1884 	1887 	1756
f 1887 	1890 	1756
f 1890 	1891 	2040
f 1895 	1897 	2040
f 2040 	1897 	1899
f 707 	1873 	3190
f 1826 	952 	1824
f 1835 	1839 	952
f 1909 	1883 	1756
f 1421 	1425 	1839
f 1866 	1905 	1730
f 4977 	1805 	4902
f 1883 	1884 	1756
f 1733 	2960 	1873
f 1904 	1901 	559
f 559 	547 	1904
f 1843 	1421 	1839
f 1829 	952 	1826
f 2960 	3202 	1873
f 1915 	2040 	1914
f 952 	1839 	1425
f 1833 	1835 	952
f 1918 	2040 	1915
f 1914 	2040 	1899
f 1789 	2139 	1809
f 1801 	5035 	2022
f 2037 	2040 	1922
f 2819 	2815 	1913
f 1911 	2819 	1913
f 1921 	2040 	1918
f 2139 	1866 	1809
f 1423 	1705 	1708
f 1917 	2812 	1919
f 1708 	607 	1423
f 2019 	2037 	2016
f 1852 	1854 	2029
f 1854 	1801 	2027
f 1805 	5035 	1801
f 1821 	952 	1817
f 1824 	952 	1821
f 1520 	1803 	1716
f 1923 	1919 	2803
f 2812 	2803 	1919
f 1861 	1792 	1859
f 1777 	2082 	1789
f 1927 	2135 	1924
f 1796 	607 	1716
f 1803 	1796 	1716
f 1936 	1929 	1932
f 1869 	1784 	1863
f 1876 	1781 	1869
f 1881 	1416 	1843
f 1731 	1730 	1905
f 1863 	1787 	1861
f 1928 	1926 	1944
f 1944 	1949 	1928
f 1931 	1928 	1949
f 2139 	1789 	2051
f 1946 	1936 	1932
f 1938 	688 	2135
f 1894 	2350 	1889
f 1949 	1953 	1931
f 1946 	1932 	1933
f 1952 	685 	1948
f 1934 	1931 	1953
f 1959 	1163 	1953
f 1902 	2348 	1894
f 1789 	2048 	2051
f 1956 	677 	1954
f 1938 	2135 	1935
f 1962 	1165 	1959
f 1954 	682 	1952
f 1934 	1953 	1163
f 1941 	1934 	1163
f 1961 	1946 	1933
f 1443 	615 	1956
f 690 	2135 	688
f 699 	2135 	697
f 1961 	1933 	1943
f 1889 	2350 	1876
f 1935 	2135 	1927
f 1945 	688 	1938
f 1948 	686 	1945
f 1940 	2773 	1902
f 1943 	1942 	1961
f 1163 	1158 	1941
f 1171 	1169 	2006
f 1163 	1959 	1165
f 1165 	1962 	1167
f 1951 	1941 	1158
f 1158 	1152 	1951
f 1947 	2766 	1940
f 2811 	2818 	1976
f 1731 	1905 	1747
f 1973 	2031 	1970
f 2054 	2811 	1976
f 2049 	2054 	1976
f 1965 	2822 	1963
f 1970 	2031 	1966
f 1969 	2217 	1971
f 1407 	1967 	2339
f 1974 	2031 	1973
f 1971 	2217 	2137
f 1982 	2049 	1976
f 1983 	2072 	1982
f 1114 	1861 	1859
f 2061 	2065 	1924
f 1987 	2045 	1983
f 1120 	1863 	1861
f 1161 	2710 	1989
f 1972 	1971 	2137
f 1978 	1989 	2710
f 1991 	2043 	1987
f 1863 	1120 	1124
f 1994 	2042 	1991
f 1161 	1989 	1978
f 1869 	1863 	1124
f 2136 	1264 	1975
f 1161 	1978 	1143
f 1850 	2035 	1994
f 2020 	5035 	2015
f 1850 	1852 	2029
f 2035 	1850 	2029
f 2042 	1994 	2035
f 2043 	1991 	2042
f 2007 	5035 	71
f 1979 	1975 	1264
f 1978 	1153 	1143
f 1135 	1881 	1843
f 2059 	2061 	1924
f 2135 	2059 	1924
f 1984 	2005 	633
f 1977 	1980 	2031
f 1980 	1981 	2031
f 1181 	1175 	1996
f 1998 	2008 	2010
f 2012 	2037 	2011
f 2004 	2001 	1171
f 1175 	1171 	2001
f 2001 	1996 	1175
f 1181 	1243 	1186
f 2011 	2037 	1922
f 2032 	2005 	1984
f 1153 	1282 	1929
f 632 	1984 	633
f 1894 	1889 	1141
f 2021 	2037 	2019
f 1984 	1950 	2024
f 1964 	2037 	2021
f 1141 	1145 	1894
f 2015 	5035 	2013
f 1282 	2017 	1932
f 2024 	1950 	2032
f 1999 	1998 	2010
f 2014 	2423 	2018
f 1984 	2024 	2032
f 2027 	1801 	2022
f 2026 	2010 	2008
f 1282 	1932 	1929
f 634 	633 	2005
f 2016 	2037 	2012
f 1966 	2031 	1964
f 2026 	2008 	2048
f 1977 	2031 	1974
f 634 	2005 	2003
f 2017 	1933 	1932
f 2022 	5035 	2020
f 1998 	2051 	2008
f 1902 	1149 	1152
f 2058 	2055 	2422
f 1921 	1922 	2040
f 2037 	1964 	2031
f 2029 	1854 	2027
f 2017 	1433 	1408
f 1940 	1902 	1152
f 2038 	2039 	2040
f 2038 	2040 	2041
f 2048 	1674 	2026
f 2032 	1407 	2003
f 2033 	2044 	2034
f 2036 	40 	2041
f 2038 	2041 	40
f 1933 	2017 	1943
f 1158 	1947 	1940
f 2032 	1950 	1960
f 2065 	2066 	1924
f 1942 	1943 	2046
f 2045 	1987 	2043
f 2066 	2069 	1988
f 1163 	1947 	1158
f 1939 	1944 	1926
f 2046 	3820 	1942
f 2032 	1960 	1967
f 1981 	1985 	2031
f 2083 	2031 	2077
f 2005 	2032 	2003
f 1926 	2034 	1939
f 597 	634 	2003
f 1939 	2034 	2044
f 2046 	1360 	1955
f 2033 	2030 	2047
f 2047 	2044 	2033
f 2046 	1367 	1360
f 1955 	3820 	2046
f 1169 	1957 	1167
f 2046 	1943 	2017
f 1407 	2032 	1967
f 1169 	1963 	1957
f 2051 	2048 	2008
f 2030 	2028 	2050
f 2050 	2047 	2030
f 1367 	2046 	1408
f 2052 	2050 	2028
f 1985 	1988 	2069
f 2053 	2057 	2135
f 2057 	2059 	2135
f 2060 	2804 	2056
f 1963 	1171 	1965
f 2046 	2017 	1408
f 2069 	2074 	1985
f 2028 	2025 	2052
f 2074 	2031 	1985
f 1988 	1924 	2066
f 1594 	2428 	2068
f 642 	2515 	2073
f 2075 	2031 	2074
f 2056 	2805 	2054
f 2072 	1983 	2045
f 2049 	1982 	2072
f 2048 	1676 	1674
f 2077 	2031 	2075
f 2055 	2052 	2025
f 2023 	2422 	2025
f 2055 	2025 	2422
f 2018 	2422 	2023
f 2070 	2426 	2014
f 2426 	2070 	2428
f 2063 	2058 	2418
f 2076 	2936 	2067
f 2080 	2085 	139
f 2048 	2082 	1676
f 2063 	2417 	2079
f 2090 	71 	2085
f 2087 	2132 	2119
f 2080 	139 	2078
f 2417 	2414 	2079
f 2093 	2135 	2089
f 2098 	2135 	2093
f 1676 	2082 	2064
f 2097 	71 	2094
f 2101 	71 	2097
f 2105 	2135 	2100
f 2343 	2344 	2102
f 2103 	71 	2101
f 2108 	2110 	2135
f 2071 	1682 	2064
f 2064 	2082 	2113
f 71 	2103 	2002
f 2007 	71 	2002
f 2013 	5035 	2007
f 133 	137 	71
f 2053 	2135 	2114
f 2100 	2135 	2098
f 2082 	1777 	2113
f 2099 	2095 	2124
f 2104 	2099 	2124
f 2064 	2113 	2071
f 2104 	2124 	2107
f 2110 	2114 	2135
f 2108 	2135 	2105
f 1892 	1893 	2231
f 2252 	2246 	2124
f 2107 	2124 	2243
f 2113 	1777 	2405
f 2129 	2135 	2127
f 2071 	1686 	1687
f 2123 	2127 	2135
f 642 	2073 	645
f 2131 	2135 	2129
f 1682 	2071 	1687
f 2247 	1675 	1900
f 2264 	2257 	2124
f 2116 	2112 	2244
f 2120 	2116 	2239
f 2244 	2239 	2116
f 1115 	1114 	1859
f 1251 	1245 	1992
f 632 	2132 	1984
f 2139 	2143 	1759
f 1120 	1861 	1114
f 1827 	2259 	1910
f 1759 	1905 	2139
f 2073 	650 	645
f 1910 	2259 	1912
f 1244 	1186 	1243
f 2123 	2135 	2141
f 2347 	2111 	2166
f 1252 	1251 	1990
f 1992 	1990 	1251
f 1127 	1869 	1124
f 1990 	1979 	1252
f 2145 	2144 	1759
f 1876 	1869 	1127
f 2133 	2135 	2131
f 2133 	2089 	2135
f 2138 	2141 	2135
f 2119 	650 	2073
f 1889 	1876 	1127
f 1264 	1252 	1979
f 650 	2119 	2132
f 2276 	1916 	2267
f 650 	2132 	632
f 1141 	1889 	1127
f 1 	2148 	1025
f 2135 	1025 	2148
f 2202 	2199 	2142
f 1905 	1866 	2139
f 1912 	2267 	1920
f 2267 	1916 	1920
f 2146 	2142 	2199
f 1975 	1972 	2136
f 2137 	2136 	1972
f 2132 	1950 	1984
f 2147 	2194 	2149
f 1843 	1012 	1135
f 1115 	1859 	1881
f 2165 	2167 	2031
f 2154 	2165 	2031
f 1135 	1115 	1881
f 1542 	1534 	2144
f 2159 	1759 	2144
f 2151 	2149 	2162
f 2194 	2191 	2149
f 2162 	2149 	2191
f 2140 	2137 	2211
f 2211 	2205 	2140
f 2142 	2140 	2202
f 2199 	2194 	2146
f 2152 	2153 	2031
f 2153 	2154 	2031
f 2158 	2152 	2031
f 1281 	1271 	2173
f 1534 	1656 	2159
f 1894 	1145 	1149
f 1134 	2169 	1161
f 2166 	1161 	2169
f 1902 	1894 	1149
f 1937 	1930 	2294
f 2159 	2144 	1534
f 2031 	2167 	2037
f 2171 	2037 	2167
f 2174 	2037 	2171
f 2979 	1759 	2159
f 1293 	1290 	5045
f 2177 	2037 	2174
f 2168 	5052 	1284
f 1287 	1284 	5052
f 1937 	2294 	2304
f 1284 	1281 	2170
f 2145 	1759 	2143
f 1986 	1937 	2304
f 2179 	2037 	2177
f 2139 	1998 	2143
f 2181 	2158 	2031
f 2162 	2178 	2151
f 2173 	2170 	1281
f 1271 	2151 	2178
f 2170 	2168 	1284
f 2175 	2173 	1271
f 2145 	2143 	1999
f 2083 	2181 	2031
f 1998 	1999 	2143
f 2156 	2172 	2111
f 2134 	1548 	2238
f 2155 	2172 	2157
f 2172 	2115 	2111
f 2192 	956 	2188
f 2144 	2145 	1999
f 2000 	1997 	2313
f 2190 	2299 	2189
f 2163 	2161 	2185
f 1999 	1542 	2144
f 2188 	956 	2183
f 2198 	2037 	2196
f 2322 	2081 	2000
f 2179 	2196 	2037
f 2193 	956 	2192
f 1998 	2139 	2051
f 2197 	956 	2195
f 2333 	2081 	2322
f 2157 	2172 	2160
f 2191 	2186 	2162
f 2086 	2081 	2333
f 2121 	978 	2118
f 2118 	981 	2117
f 2200 	2037 	2198
f 2216 	2037 	2213
f 986 	2201 	2117
f 2086 	2333 	2338
f 2147 	2146 	2194
f 2206 	2037 	2200
f 2150 	2814 	2204
f 2209 	2037 	2206
f 2086 	2338 	2091
f 2204 	2088 	2115
f 2213 	2037 	2212
f 2209 	2212 	2037
f 2155 	2150 	2204
f 2205 	2202 	2140
f 2155 	2204 	2172
f 2211 	2137 	2214
f 1479 	1566 	2218
f 2343 	2102 	2096
f 2219 	2375 	2210
f 2106 	2102 	2344
f 2218 	1903 	1479
f 1940 	1152 	1158
f 2172 	2204 	2115
f 2346 	2109 	2344
f 2106 	2344 	2109
f 2222 	2328 	2219
f 2214 	2137 	2217
f 2216 	2223 	2037
f 2210 	2378 	2208
f 2227 	2037 	2223
f 2228 	1514 	2225
f 2225 	1518 	2222
f 2218 	2224 	1903
f 1947 	1163 	1165
f 2229 	2299 	2227
f 1969 	2130 	2217
f 1947 	1165 	1957
f 2232 	1508 	2228
f 2221 	2217 	2130
f 2234 	2299 	2229
f 2236 	1501 	2232
f 2130 	2128 	2221
f 1708 	1705 	2218
f 1957 	1165 	1167
f 2128 	2125 	2226
f 2226 	2221 	2128
f 2241 	2299 	2234
f 2233 	2226 	2125
f 2242 	2299 	2241
f 1906 	1903 	2224
f 2245 	2299 	2242
f 2247 	1900 	2498
f 1963 	1169 	1171
f 2339 	2218 	1705
f 2249 	2299 	2245
f 2237 	2233 	2122
f 2251 	2299 	2249
f 2037 	2227 	2299
f 1965 	1171 	1968
f 2255 	970 	2250
f 1910 	1693 	1827
f 1968 	1171 	1175
f 2112 	2107 	2243
f 2184 	2299 	2251
f 2187 	2299 	2184
f 2189 	2299 	2187
f 2260 	962 	2255
f 2250 	972 	2126
f 2126 	972 	2121
f 1906 	2224 	2256
f 2252 	2124 	2254
f 2259 	2261 	1912
f 2263 	1004 	2260
f 2254 	2124 	2257
f 2266 	2299 	2262
f 1912 	2261 	2267
f 1976 	1968 	1175
f 2124 	2483 	2264
f 2268 	2468 	2263
f 2273 	2280 	2299
f 2262 	2299 	2190
f 1181 	1976 	1175
f 2482 	2485 	2295
f 2275 	2489 	2270
f 2279 	1925 	1916
f 2135 	2299 	2280
f 2279 	1916 	2276
f 1906 	2256 	1909
f 1983 	1186 	1189
f 1893 	2279 	2231
f 2287 	2290 	2300
f 2466 	2270 	2463
f 970 	2255 	962
f 2278 	2295 	2485
f 1982 	1976 	1181
f 1982 	1181 	1186
f 1925 	2279 	1893
f 1983 	1982 	1186
f 2138 	2135 	2288
f 2282 	2135 	2280
f 1892 	2231 	2289
f 1190 	1983 	1189
f 2339 	1967 	2224
f 1987 	1983 	1190
f 1930 	1892 	2289
f 1190 	1192 	1987
f 1991 	1987 	1192
f 2285 	2288 	2135
f 2224 	2218 	2339
f 2296 	1930 	2289
f 2122 	2120 	2237
f 2125 	2122 	2233
f 2239 	2237 	2120
f 1192 	1193 	1994
f 1991 	1192 	1994
f 2203 	1883 	1909
f 1193 	1850 	1994
f 2272 	2299 	2266
f 2285 	2135 	2282
f 2272 	2273 	2299
f 2391 	2286 	2300
f 1850 	1193 	1018
f 2203 	1909 	2256
f 2294 	1930 	2296
f 2300 	2302 	2367
f 2293 	5070 	2298
f 2303 	2148 	18
f 1 	18 	2148
f 2380 	2367 	2302
f 2367 	2391 	2300
f 2303 	18 	2299
f 2307 	2324 	2037
f 2284 	2283 	2662
f 40 	2037 	2310
f 2304 	2311 	1993
f 2662 	2658 	2284
f 1986 	2304 	1993
f 2311 	2313 	1997
f 2305 	2284 	2658
f 1950 	2349 	2203
f 2208 	2380 	2302
f 2295 	2297 	2482
f 2485 	2487 	2278
f 2277 	2278 	2487
f 2487 	2489 	2277
f 2275 	2277 	2489
f 2489 	2492 	2270
f 2463 	2270 	2492
f 2458 	2463 	2495
f 2497 	2458 	2495
f 1993 	2311 	1997
f 2317 	2328 	2222
f 1950 	2203 	2256
f 1960 	1950 	2256
f 2000 	2313 	2322
f 1960 	2224 	1967
f 40 	2036 	2037
f 2037 	2299 	18
f 18 	2318 	2037
f 2318 	2319 	2037
f 2319 	2320 	2037
f 2320 	2321 	2037
f 2321 	2323 	2037
f 2323 	2306 	2037
f 2306 	2307 	2037
f 2324 	2325 	2037
f 2325 	2326 	2037
f 2326 	2327 	2037
f 2327 	2329 	2037
f 2329 	2330 	2037
f 2330 	2331 	2037
f 2331 	2309 	2037
f 2309 	2310 	2037
f 2314 	2312 	2301
f 1241 	64 	1262
f 2298 	5070 	2301
f 1241 	65 	64
f 2224 	1960 	2256
f 2020 	2015 	1205
f 64 	63 	1262
f 2384 	2386 	2337
f 63 	1263 	1262
f 2364 	2384 	2337
f 2373 	2219 	2328
f 63 	46 	1263
f 1263 	46 	45
f 1263 	45 	1265
f 2111 	2347 	2156
f 2340 	2363 	2337
f 2091 	2338 	2096
f 52 	1254 	45
f 1254 	1265 	45
f 2096 	2338 	2343
f 2342 	2361 	2341
f 2341 	2363 	2340
f 1254 	52 	50
f 1254 	50 	1255
f 50 	1257 	1255
f 2160 	2172 	2156
f 50 	60 	1257
f 2345 	2156 	2166
f 60 	1258 	1257
f 60 	59 	1258
f 2336 	2337 	2389
f 2371 	2373 	2328
f 2375 	2219 	2373
f 2380 	2208 	2378
f 2387 	2389 	2337
f 1527 	2361 	2342
f 2364 	2337 	2363
f 1532 	2360 	1527
f 59 	1259 	1258
f 59 	1260 	1259
f 59 	58 	1260
f 2203 	2349 	1883
f 2156 	2347 	2166
f 2349 	1884 	1883
f 2345 	2166 	2169
f 1274 	58 	85
f 2042 	2035 	1227
f 1274 	1260 	58
f 2349 	1887 	1884
f 85 	1275 	1274
f 2355 	1772 	2352
f 2043 	2042 	1227
f 2314 	2301 	5070
f 1266 	1275 	84
f 2349 	1890 	1887
f 85 	84 	1275
f 2357 	1772 	2355
f 1150 	2345 	2169
f 84 	82 	1266
f 2353 	2359 	2248
f 2360 	1532 	2357
f 2169 	1134 	1150
f 1267 	1266 	82
f 79 	1267 	82
f 79 	78 	1267
f 2349 	2358 	1890
f 2350 	1894 	2348
f 77 	1268 	1267
f 560 	2722 	2723
f 78 	77 	1267
f 2359 	2253 	2248
f 75 	1277 	77
f 1277 	1268 	77
f 75 	73 	1277
f 1248 	73 	72
f 1248 	1277 	73
f 564 	2729 	2732
f 2361 	1527 	2360
f 1772 	2357 	1532
f 1778 	1876 	2352
f 1787 	1863 	1784
f 561 	560 	2723
f 2253 	2359 	2258
f 67 	1269 	947
f 67 	947 	658
f 1890 	2358 	1891
f 2729 	564 	561
f 564 	2732 	2752
f 2054 	1251 	2056
f 2368 	2371 	2334
f 2359 	2369 	2258
f 2328 	2334 	2371
f 1640 	2397 	567
f 87 	94 	2876
f 2377 	2210 	2375
f 103 	93 	2902
f 2378 	2210 	2377
f 2290 	2292 	2300
f 2369 	2265 	2258
f 2358 	2374 	1891
f 2389 	2390 	2336
f 2386 	2387 	2337
f 2382 	2384 	2364
f 2334 	2336 	2390
f 2794 	582 	580
f 127 	126 	2707
f 2390 	2368 	2334
f 2271 	2265 	2369
f 2087 	2358 	2349
f 2007 	2002 	1201
f 2722 	560 	582
f 2002 	1198 	1201
f 567 	2397 	569
f 2369 	2393 	2271
f 1201 	1202 	2007
f 2291 	2393 	2369
f 2402 	2472 	2400
f 2013 	2007 	1202
f 2396 	2475 	2394
f 2359 	2291 	2369
f 2374 	1895 	1891
f 2707 	141 	127
f 2013 	1202 	2015
f 569 	2397 	2401
f 2351 	2473 	2354
f 2740 	2291 	2359
f 1153 	1978 	2397
f 2473 	2479 	2356
f 148 	141 	3464
f 2354 	2473 	2356
f 148 	3464 	3461
f 2356 	2479 	2376
f 3461 	145 	148
f 2479 	2508 	2376
f 2185 	2335 	2163
f 2164 	2163 	2335
f 2161 	2162 	2186
f 2186 	2185 	2161
f 2335 	2332 	2164
f 2404 	2164 	2332
f 2652 	5070 	2293
f 2316 	2315 	5070
f 5070 	2404 	2316
f 2401 	574 	569
f 3461 	159 	145
f 2403 	2614 	2402
f 2374 	2406 	1897
f 2027 	2022 	1211
f 2271 	2393 	2405
f 2478 	2394 	2475
f 2401 	2408 	574
f 1897 	1895 	2374
f 2027 	1221 	2029
f 164 	159 	2410
f 2412 	2661 	2411
f 2365 	2362 	2486
f 2491 	2365 	2486
f 2394 	2478 	2391
f 2292 	2482 	2297
f 2400 	2472 	2396
f 2287 	2300 	2286
f 2297 	2300 	2292
f 2029 	1223 	2035
f 2410 	169 	164
f 2413 	2409 	2092
f 2035 	1223 	1225
f 2035 	1225 	1227
f 2414 	2413 	2084
f 2424 	2431 	2421
f 1227 	1229 	2043
f 1900 	2370 	2498
f 2410 	2419 	169
f 2418 	2417 	2063
f 2045 	2043 	1234
f 172 	169 	3495
f 2372 	4363 	4486
f 2416 	2421 	2433
f 2422 	2418 	2058
f 2420 	574 	2408
f 2045 	1234 	1273
f 2422 	2018 	2423
f 2433 	2434 	2416
f 2423 	2014 	2426
f 2379 	2376 	2511
f 2415 	2416 	2434
f 2068 	2428 	2070
f 2429 	2431 	2424
f 2430 	2428 	1594
f 2401 	2397 	1978
f 2401 	1978 	2710
f 1899 	1897 	2406
f 2431 	2433 	2421
f 2443 	2429 	2424
f 2415 	2434 	2382
f 2415 	2382 	2364
f 2432 	2430 	1594
f 2435 	2432 	1594
f 2381 	2379 	2516
f 2436 	2659 	2427
f 2381 	2521 	2383
f 2521 	2381 	2516
f 574 	2420 	577
f 2449 	2442 	2427
f 2424 	2425 	2443
f 2659 	2449 	2427
f 2438 	1798 	2439
f 2132 	2087 	2349
f 2401 	2710 	2408
f 2446 	2659 	2445
f 2385 	2523 	2388
f 2447 	2435 	1594
f 1950 	2132 	2349
f 2528 	2388 	2523
f 2665 	2626 	2664
f 2442 	2443 	2425
f 2861 	3028 	2444
f 2450 	2544 	1166
f 2439 	1886 	2441
f 2437 	2448 	1802
f 2448 	2447 	1802
f 1594 	1802 	2447
f 2437 	1800 	2438
f 1886 	2439 	1798
f 2452 	2542 	2450
f 2372 	2388 	2531
f 577 	2420 	578
f 2453 	2538 	2452
f 3620 	1133 	1748
f 2531 	2505 	2372
f 2405 	1720 	2271
f 2457 	2497 	2456
f 2084 	2079 	2414
f 2124 	2092 	2409
f 2409 	2407 	2124
f 2451 	2124 	2407
f 2451 	2476 	2124
f 2488 	2124 	2490
f 2274 	2269 	2481
f 2243 	2244 	2112
f 2246 	2243 	2124
f 2095 	2092 	2124
f 2084 	2413 	2092
f 2395 	2392 	2543
f 2492 	2495 	2463
f 2490 	2124 	2494
f 2494 	2124 	2474
f 578 	2420 	2461
f 2406 	2462 	2588
f 2462 	2406 	2374
f 2398 	2548 	2399
f 2468 	2268 	2466
f 2362 	2399 	2484
f 2552 	2484 	2399
f 1004 	2263 	2468
f 2458 	2497 	2457
f 1302 	1198 	2002
f 2480 	2462 	2374
f 1720 	2405 	1777
f 2464 	2460 	2470
f 2470 	2469 	2464
f 2473 	2351 	2477
f 2480 	2374 	2358
f 2474 	2471 	2494
f 2459 	2494 	2471
f 2471 	2470 	2460
f 2460 	2459 	2471
f 2286 	2391 	2478
f 2405 	2393 	2113
f 578 	2461 	580
f 2481 	2636 	2274
f 2362 	2484 	2486
f 2015 	1202 	1205
f 2020 	1205 	2022
f 2365 	2491 	2493
f 2748 	2393 	2291
f 2488 	2483 	2124
f 2366 	2365 	2493
f 2022 	1205 	1211
f 2493 	2496 	2366
f 2695 	2393 	2748
f 2480 	2884 	2462
f 2027 	1211 	1215
f 2366 	2496 	2498
f 2499 	2456 	2497
f 2476 	2474 	2124
f 2370 	2366 	2498
f 2501 	2455 	2499
f 2027 	1215 	1221
f 2503 	180 	184
f 2029 	1221 	1223
f 2441 	1882 	2500
f 1882 	1880 	2500
f 2480 	2358 	2087
f 2510 	2578 	2507
f 2511 	2376 	2508
f 2379 	2511 	2516
f 1875 	1871 	2506
f 2514 	2574 	2510
f 2517 	2512 	2549
f 2509 	2797 	2512
f 667 	666 	2515
f 1234 	2043 	1229
f 2519 	182 	180
f 2523 	2385 	2383
f 662 	2515 	666
f 2517 	2549 	2520
f 2523 	2383 	2521
f 2522 	2520 	2546
f 2515 	2884 	2480
f 2542 	2452 	2538
f 2504 	2536 	2453
f 2507 	2535 	2504
f 2504 	2453 	2502
f 2546 	2541 	2522
f 1880 	1875 	2506
f 1244 	1243 	2049
f 2524 	2522 	2541
f 2388 	2528 	2531
f 2503 	184 	107
f 642 	667 	2515
f 2215 	2525 	2220
f 2049 	1243 	1245
f 2054 	2049 	1245
f 2515 	2119 	2073
f 1245 	1251 	2054
f 2554 	2556 	2532
f 2480 	2087 	2515
f 2109 	2346 	2537
f 2515 	2087 	2119
f 2537 	2392 	2109
f 2207 	2540 	2215
f 2060 	2056 	1252
f 2392 	2537 	2543
f 2543 	2545 	2395
f 2548 	2395 	2545
f 1251 	1252 	2056
f 2540 	2207 	2533
f 2529 	2526 	2790
f 2550 	1146 	2547
f 2398 	2395 	2548
f 2526 	2524 	2539
f 2062 	2060 	1252
f 2551 	1146 	2550
f 2533 	2682 	2540
f 2552 	2399 	2548
f 2062 	1252 	1264
f 2553 	1748 	2551
f 2605 	1921 	1918
f 2544 	2450 	2542
f 2502 	2454 	2501
f 2532 	2529 	2554
f 2539 	2790 	2526
f 2541 	2539 	2524
f 2546 	2520 	2549
f 2803 	2806 	1923
f 2509 	1871 	2797
f 2549 	2512 	2797
f 2454 	2502 	2453
f 2455 	2501 	2454
f 2456 	2499 	2455
f 2547 	1166 	2544
f 1748 	1146 	2551
f 2530 	1748 	2527
f 3749 	1748 	2530
f 2553 	2527 	1748
f 3764 	3766 	3754
f 2540 	2525 	2215
f 1899 	2406 	2559
f 2406 	2588 	2559
f 2562 	2585 	2561
f 2561 	2574 	2514
f 1899 	2559 	1914
f 1244 	2045 	1273
f 2565 	2583 	2562
f 2538 	2453 	2536
f 2557 	2790 	2560
f 1244 	2049 	2072
f 2567 	2583 	2565
f 2564 	2560 	2777
f 1244 	2072 	2045
f 1271 	1281 	2076
f 2535 	2507 	2569
f 2779 	3002 	2566
f 2067 	1271 	2076
f 2569 	2507 	2578
f 2536 	2504 	2535
f 2777 	2779 	2564
f 2078 	2076 	1284
f 1284 	2076 	1281
f 2570 	2566 	3002
f 2080 	2078 	1287
f 2559 	2605 	1914
f 2574 	2561 	2585
f 1287 	2078 	1284
f 2085 	2080 	1287
f 2085 	1287 	1290
f 2085 	1290 	1293
f 2090 	2085 	1293
f 2585 	2562 	2583
f 2090 	1293 	1296
f 2605 	2559 	2582
f 2094 	2090 	1296
f 2220 	2525 	2230
f 2464 	2469 	2587
f 2583 	2567 	2579
f 2578 	2510 	2574
f 2588 	2582 	2559
f 2097 	2094 	1300
f 1300 	2094 	1296
f 2101 	2097 	1300
f 2101 	1300 	1301
f 700 	2582 	2588
f 2587 	2467 	2589
f 2467 	2465 	2589
f 2591 	2589 	2465
f 2103 	2101 	1301
f 2103 	1301 	1302
f 2595 	57 	2594
f 2597 	57 	2595
f 2588 	660 	700
f 1302 	2002 	2103
f 2518 	57 	2597
f 2594 	62 	2592
f 2118 	2117 	1307
f 2599 	2518 	2597
f 2571 	3000 	2573
f 3002 	3000 	2570
f 2566 	2564 	2779
f 2554 	2790 	2557
f 2556 	2591 	2534
f 2465 	2534 	2591
f 2467 	2587 	2469
f 2534 	2532 	2556
f 2554 	2529 	2790
f 2118 	1307 	1306
f 2525 	2598 	2235
f 2600 	2572 	2599
f 660 	2588 	662
f 2121 	2118 	1306
f 2235 	2230 	2525
f 2121 	1306 	1311
f 1295 	1291 	2584
f 2579 	2567 	2600
f 2126 	2121 	1311
f 1297 	1295 	2584
f 2269 	2264 	2483
f 1297 	2575 	1298
f 2605 	1915 	1914
f 2483 	2481 	2269
f 2636 	2634 	2602
f 1311 	1317 	2126
f 2608 	2629 	2606
f 2604 	2620 	2403
f 2603 	2602 	2634
f 2606 	2624 	2604
f 2475 	2396 	2472
f 1918 	1915 	2605
f 2634 	2632 	2603
f 2525 	2540 	2682
f 2609 	2603 	2632
f 2176 	2134 	1323
f 1323 	2134 	1319
f 2472 	2402 	2614
f 2665 	2667 	2619
f 1921 	2605 	2617
f 2632 	2630 	2609
f 2666 	2663 	2281
f 2281 	2616 	2666
f 2613 	2668 	2616
f 2611 	2668 	2613
f 2614 	2403 	2620
f 2612 	2619 	2667
f 2533 	2513 	2874
f 1329 	2182 	2180
f 2620 	2604 	2624
f 2626 	2665 	2619
f 2240 	2235 	2598
f 2176 	1323 	1325
f 2180 	2176 	1325
f 2823 	675 	2605
f 2629 	2608 	2667
f 2180 	1325 	1329
f 2823 	2605 	2852
f 2680 	2678 	2704
f 2624 	2606 	2629
f 2608 	2612 	2667
f 2411 	2664 	2626
f 2188 	2183 	1330
f 2678 	2673 	2704
f 1340 	2623 	1286
f 2582 	2852 	2605
f 2618 	1289 	2623
f 1286 	2623 	1289
f 2639 	2601 	2630
f 2637 	2691 	2642
f 2183 	2182 	1329
f 2183 	1329 	1330
f 2611 	2609 	2630
f 1921 	2617 	1922
f 2192 	2188 	1330
f 2192 	1330 	1333
f 2193 	2192 	1333
f 2668 	2611 	2601
f 2601 	2611 	2630
f 54 	2518 	2638
f 1333 	2195 	2193
f 1333 	1334 	2195
f 2643 	2627 	2633
f 2602 	2274 	2636
f 2197 	2195 	1336
f 1336 	2195 	1334
f 2197 	1336 	1337
f 2627 	2629 	2667
f 2201 	2197 	1337
f 1307 	2117 	2201
f 131 	692 	2645
f 2598 	2353 	2240
f 2201 	1337 	1307
f 2645 	692 	5078
f 2210 	2208 	1341
f 2440 	3045 	2653
f 2646 	2645 	5078
f 1343 	2210 	1341
f 2777 	2563 	2558
f 2655 	2440 	2653
f 2222 	1345 	1348
f 2315 	2314 	5070
f 2219 	2210 	1343
f 2219 	1343 	1345
f 2598 	2525 	2841
f 2222 	2219 	1345
f 2222 	1348 	1349
f 2654 	2301 	2312
f 2425 	2427 	2442
f 2225 	2222 	1349
f 1349 	2228 	2225
f 2661 	2412 	2660
f 2660 	2445 	2659
f 2312 	2308 	2654
f 1349 	1351 	2228
f 2664 	2411 	2661
f 2657 	2654 	2308
f 2228 	1351 	1352
f 2308 	2305 	2657
f 1297 	2584 	2575
f 2659 	2436 	2656
f 2658 	2657 	2305
f 2232 	2228 	1352
f 2449 	2659 	2446
f 1352 	2236 	2232
f 2617 	2605 	2816
f 1352 	1354 	2236
f 2240 	2353 	2248
f 2642 	2643 	2637
f 2633 	2637 	2643
f 2667 	2633 	2627
f 2445 	2660 	2412
f 2283 	2281 	2663
f 1354 	1355 	2238
f 2663 	2662 	2283
f 2666 	2616 	2668
f 2236 	1354 	2238
f 2841 	2353 	2598
f 2672 	2687 	2670
f 1355 	2134 	2238
f 2630 	2628 	2639
f 2134 	1355 	1319
f 2675 	2684 	2674
f 2580 	2577 	2803
f 1362 	2126 	1317
f 2671 	2639 	2628
f 1291 	1289 	2618
f 2255 	2250 	1363
f 2618 	2584 	1291
f 2126 	1362 	2250
f 2684 	2675 	2683
f 2586 	2580 	2803
f 2628 	2622 	2671
f 2250 	1362 	1363
f 2673 	2671 	2622
f 2255 	1363 	1366
f 2812 	2586 	2803
f 2260 	2255 	1366
f 2260 	1366 	1369
f 2263 	2260 	1369
f 2812 	2815 	2586
f 2794 	580 	2461
f 2687 	2672 	2686
f 2717 	2670 	2687
f 2674 	2686 	2672
f 2268 	2263 	1369
f 2268 	1369 	1371
f 2682 	2868 	2886
f 2586 	2815 	2593
f 2270 	2268 	1371
f 2270 	1371 	1374
f 2640 	2642 	2691
f 1374 	1375 	2275
f 2682 	2886 	2525
f 2694 	2166 	2111
f 2593 	2815 	2819
f 2270 	1374 	2275
f 2683 	2675 	2638
f 54 	2638 	2675
f 2686 	2674 	2684
f 2277 	2275 	1375
f 1378 	2278 	2277
f 1378 	2277 	1375
f 2278 	1378 	2295
f 2640 	2692 	2638
f 2681 	2638 	2677
f 2691 	2692 	2640
f 2676 	2638 	2692
f 2677 	2638 	2676
f 2567 	2572 	2600
f 2518 	2599 	2572
f 2590 	2592 	68
f 68 	2592 	62
f 2461 	2694 	2111
f 2113 	2393 	2716
f 2698 	2697 	2708
f 2700 	2698 	2708
f 2694 	2461 	2420
f 2701 	2700 	2708
f 2287 	2286 	1382
f 2071 	2113 	2716
f 2702 	2701 	2708
f 2706 	3103 	2705
f 2290 	2287 	1386
f 2408 	2694 	2420
f 2287 	1382 	1383
f 2716 	1686 	2071
f 2623 	2707 	126
f 2287 	1383 	1386
f 2704 	2702 	2708
f 2685 	2680 	2708
f 2708 	2680 	2704
f 2292 	2290 	1386
f 2709 	3099 	2706
f 2694 	2408 	2710
f 1691 	1686 	2695
f 2650 	3041 	2648
f 2711 	3043 	2709
f 3105 	2705 	3103
f 3110 	3140 	3107
f 1378 	1389 	2295
f 2832 	2607 	2610
f 2297 	2295 	1389
f 2297 	1389 	1391
f 2297 	1391 	1392
f 2300 	2297 	1392
f 2721 	2669 	2719
f 2300 	1392 	1393
f 2302 	2300 	1393
f 2302 	1393 	1396
f 2695 	1686 	2716
f 2208 	2302 	1396
f 2208 	1396 	1341
f 2719 	2670 	2717
f 2716 	2393 	2695
f 2848 	2621 	2615
f 902 	1404 	1518
f 2727 	548 	2724
f 2724 	555 	2721
f 2725 	2720 	2708
f 2708 	2697 	2725
f 2726 	2725 	2715
f 2328 	1404 	1410
f 2670 	2719 	2669
f 1518 	1404 	2317
f 2625 	2621 	2853
f 2328 	2317 	1404
f 2115 	2723 	2722
f 2715 	2714 	2726
f 2728 	2726 	2714
f 2718 	2725 	2697
f 2715 	2725 	2718
f 2731 	2728 	2713
f 2714 	2713 	2728
f 2328 	1410 	1412
f 2734 	2737 	2586
f 2334 	2328 	1412
f 1412 	1415 	2336
f 2334 	1412 	2336
f 1415 	2337 	2336
f 2631 	2625 	2853
f 1049 	2690 	2733
f 561 	2723 	2729
f 1415 	1418 	2337
f 2337 	1418 	1419
f 2808 	2736 	2738
f 2631 	2853 	2859
f 2769 	2291 	2740
f 2580 	2586 	2737
f 2735 	2733 	2689
f 2635 	2631 	2859
f 2341 	1419 	1422
f 2699 	3140 	2744
f 2742 	2580 	2737
f 2689 	2757 	2735
f 2340 	2337 	1419
f 2341 	2340 	1419
f 2695 	1701 	1691
f 2744 	2577 	2743
f 3105 	3107 	2703
f 2705 	3105 	2703
f 2703 	3140 	2699
f 2742 	2743 	2580
f 1424 	2341 	1422
f 1424 	2342 	2341
f 2738 	2696 	117
f 2688 	2685 	2708
f 2342 	1424 	1527
f 2748 	1701 	2695
f 2622 	2704 	2673
f 2746 	2688 	2708
f 1699 	1701 	2748
f 2754 	2768 	2753
f 2708 	2745 	2746
f 2745 	2741 	2751
f 2751 	2747 	2745
f 2348 	1958 	1428
f 2756 	2771 	2754
f 2867 	2641 	2865
f 2350 	2348 	1428
f 2759 	2584 	2618
f 2350 	1428 	1430
f 2748 	2291 	1699
f 2867 	2644 	2641
f 2352 	2350 	1430
f 2758 	1957 	2756
f 2352 	1430 	1434
f 2739 	2735 	2757
f 2757 	2755 	2739
f 2741 	2739 	2755
f 2755 	2751 	2741
f 2770 	2708 	2774
f 2747 	2746 	2745
f 182 	2736 	195
f 2352 	1434 	1437
f 2760 	2749 	2761
f 2355 	2352 	1437
f 2357 	1437 	1441
f 2644 	2873 	2647
f 2357 	2355 	1437
f 1699 	2291 	2769
f 3601 	3600 	2763
f 2761 	2753 	2768
f 1441 	2360 	2357
f 2770 	2745 	2708
f 1441 	1444 	2360
f 2360 	1444 	1445
f 2768 	2754 	2771
f 2764 	1947 	2758
f 2773 	1940 	2766
f 1712 	1699 	2769
f 2832 	2555 	2772
f 2361 	2360 	1445
f 2361 	1445 	1448
f 2769 	1714 	1712
f 2771 	2756 	2775
f 2766 	1947 	2764
f 2774 	2708 	2776
f 2708 	3604 	2776
f 2363 	2361 	1448
f 2363 	1448 	1452
f 2558 	3002 	2779
f 2363 	1452 	1454
f 2363 	1454 	2364
f 2776 	3604 	2763
f 2777 	2558 	2779
f 2769 	2740 	1714
f 2767 	2736 	182
f 2568 	2563 	2777
f 2756 	1957 	2775
f 2775 	1957 	2778
f 2348 	1902 	2773
f 2778 	1957 	2829
f 2352 	1876 	2350
f 1957 	2758 	1947
f 1963 	2827 	1957
f 1541 	2415 	1454
f 2790 	2568 	2777
f 2814 	2752 	2732
f 2782 	3267 	2781
f 2781 	3267 	2780
f 2783 	3267 	2782
f 2784 	3267 	2783
f 2785 	3267 	2784
f 2786 	3267 	2785
f 2787 	3267 	2786
f 2780 	3267 	1247
f 1247 	3270 	55
f 2519 	2767 	182
f 2740 	2789 	1714
f 2793 	2801 	2792
f 2796 	2903 	2791
f 2618 	2623 	126
f 2798 	2801 	2795
f 2806 	2577 	2797
f 2799 	2899 	2796
f 199 	195 	2736
f 2795 	2801 	2793
f 2740 	2841 	2789
f 582 	2794 	2722
f 2736 	191 	199
f 2841 	2359 	2353
f 2802 	2062 	2799
f 2804 	2060 	2802
f 2800 	55 	2807
f 2813 	354 	2810
f 2577 	2806 	2803
f 2808 	2738 	117
f 2810 	354 	2809
f 2838 	2800 	2835
f 2736 	2808 	191
f 1718 	1714 	2789
f 2789 	2878 	1718
f 598 	354 	2813
f 357 	2800 	354
f 2808 	117 	191
f 2605 	675 	2816
f 2818 	2822 	1968
f 2907 	2963 	2905
f 1965 	1968 	2822
f 2696 	2738 	2837
f 2826 	2593 	2819
f 2827 	1963 	2822
f 2593 	2826 	2596
f 2837 	2738 	2575
f 2828 	2800 	2817
f 1968 	1976 	2818
f 2846 	2817 	2800
f 2837 	2584 	2759
f 2772 	2596 	2826
f 2824 	2800 	2828
f 2829 	1957 	2827
f 2596 	2772 	2555
f 2825 	2800 	2824
f 2833 	2800 	2825
f 2759 	2696 	2837
f 3019 	3021 	2834
f 2835 	2800 	2833
f 2809 	354 	2821
f 2607 	2832 	2839
f 2836 	3019 	2834
f 2851 	2854 	2842
f 2610 	2555 	2832
f 2740 	2359 	2841
f 2837 	2575 	2584
f 2821 	2800 	2820
f 2820 	2800 	2838
f 2839 	2844 	2607
f 2841 	2525 	2830
f 2615 	2607 	2844
f 2618 	135 	2759
f 2749 	2760 	2845
f 2843 	2850 	2842
f 2836 	2842 	2854
f 2844 	2848 	2615
f 135 	2618 	136
f 675 	2823 	676
f 126 	136 	2618
f 2850 	2843 	2849
f 2855 	2621 	2848
f 2846 	2800 	2847
f 2798 	2847 	2800
f 2789 	2841 	2830
f 2851 	2842 	2850
f 2849 	2845 	2760
f 2798 	2800 	2801
f 123 	117 	2696
f 700 	2852 	2582
f 2394 	2391 	1506
f 2854 	2857 	2836
f 354 	598 	743
f 2840 	681 	678
f 2853 	2621 	2855
f 2800 	2821 	354
f 3019 	2836 	2857
f 2753 	2761 	2750
f 2750 	2761 	2749
f 2858 	3019 	2857
f 2845 	2849 	2843
f 2830 	2525 	2886
f 2860 	3019 	2858
f 798 	2871 	799
f 2840 	2856 	681
f 2635 	2859 	3177
f 2856 	2679 	2617
f 2696 	2759 	123
f 822 	354 	743
f 2831 	2834 	3021
f 123 	2759 	135
f 806 	2871 	798
f 803 	2871 	806
f 2856 	675 	681
f 354 	822 	795
f 3187 	2865 	2641
f 2856 	2617 	2816
f 799 	2871 	795
f 2402 	1521 	2403
f 2866 	2682 	2533
f 2875 	3014 	2872
f 3021 	3024 	2831
f 3024 	3025 	2862
f 2861 	2862 	3025
f 3029 	2444 	3028
f 3032 	2440 	3030
f 2444 	3029 	2440
f 2856 	2816 	675
f 1542 	354 	1534
f 2866 	2868 	2682
f 2872 	3016 	2870
f 2644 	2867 	2873
f 2866 	2533 	2874
f 676 	2852 	698
f 485 	1676 	477
f 477 	1676 	472
f 2870 	3017 	2860
f 803 	1553 	2871
f 2868 	2864 	2886
f 1559 	2871 	1553
f 2868 	2918 	2864
f 1567 	2871 	1559
f 1562 	1615 	1560
f 2852 	676 	2823
f 2880 	3010 	2875
f 1560 	2871 	1567
f 354 	795 	2871
f 2871 	1560 	1635
f 2882 	3049 	2880
f 2852 	700 	698
f 1671 	2871 	1626
f 2878 	2864 	2863
f 1615 	3297 	1605
f 2885 	3088 	2882
f 2864 	2830 	2886
f 2864 	2878 	2830
f 2588 	2884 	662
f 2830 	2878 	2789
f 1626 	2871 	1635
f 662 	2884 	2515
f 2889 	2966 	2887
f 1635 	1560 	1615
f 2788 	2947 	2896
f 2893 	2951 	2891
f 2884 	2588 	2462
f 1486 	2375 	2373
f 1534 	2871 	1671
f 2894 	2949 	2893
f 2791 	2947 	2788
f 2975 	2976 	3088
f 2903 	2796 	2900
f 1493 	2378 	2377
f 1676 	354 	1674
f 2805 	2056 	2804
f 2899 	2799 	2062
f 1682 	646 	1676
f 2904 	2901 	3020
f 2378 	1493 	1495
f 2905 	2941 	2903
f 2811 	2054 	2805
f 2062 	2802 	2060
f 2378 	1495 	2380
f 1691 	639 	1687
f 709 	707 	3190
f 2898 	2866 	2874
f 2900 	2796 	2899
f 2898 	2910 	2911
f 93 	88 	2906
f 2026 	354 	2010
f 2898 	2911 	2866
f 1674 	354 	2026
f 2914 	2959 	2913
f 1712 	1714 	630
f 2915 	2910 	2898
f 716 	713 	3216
f 2909 	2961 	2907
f 628 	630 	1714
f 2871 	1534 	354
f 2913 	2959 	2909
f 2866 	2911 	2868
f 107 	103 	2902
f 2863 	2864 	2918
f 2963 	2907 	2961
f 2067 	2938 	2916
f 2948 	2896 	2947
f 2916 	2938 	2914
f 2921 	2918 	2868
f 2868 	2924 	2921
f 1927 	1924 	3131
f 2911 	2924 	2868
f 2384 	2382 	1464
f 2902 	2503 	107
f 2926 	2954 	2923
f 2922 	2923 	2956
f 2910 	2924 	2911
f 2384 	1464 	2386
f 2928 	2999 	2926
f 2934 	2078 	2932
f 2088 	2814 	2729
f 2936 	2076 	2934
f 2925 	93 	2906
f 2088 	2204 	2814
f 1470 	2387 	2386
f 2902 	93 	2925
f 2937 	2067 	2936
f 2115 	2088 	2723
f 2503 	2902 	2925
f 2088 	2729 	2723
f 1952 	1948 	2994
f 2930 	2503 	2925
f 2389 	1474 	2390
f 2956 	2957 	2922
f 2957 	2914 	2922
f 2937 	2938 	2067
f 2938 	2922 	2914
f 2076 	2078 	2934
f 71 	139 	2085
f 2090 	2094 	71
f 2794 	2111 	2722
f 2930 	180 	2503
f 2877 	2996 	2881
f 2942 	2903 	2941
f 2996 	3000 	2881
f 2111 	2115 	2722
f 2943 	2903 	2942
f 3000 	2883 	2881
f 2930 	2519 	180
f 3002 	2558 	2883
f 2947 	2791 	2945
f 2945 	2791 	2943
f 2930 	2925 	2946
f 2814 	2732 	2729
f 2949 	2894 	2948
f 2794 	2461 	2111
f 2952 	2891 	2951
f 2903 	2943 	2791
f 2953 	2767 	2930
f 2951 	2893 	2949
f 1161 	2166 	2694
f 2892 	2890 	3005
f 2946 	2953 	2930
f 2694 	2710 	1161
f 3009 	2895 	2892
f 2396 	1507 	1510
f 3013 	2897 	2895
f 2931 	2929 	3007
f 2959 	2914 	2957
f 2961 	2909 	2959
f 2400 	1510 	2402
f 2941 	2905 	2963
f 2953 	2964 	2767
f 3204 	2960 	2958
f 3573 	2962 	2968
f 3202 	2960 	3204
f 2972 	3088 	2969
f 2904 	3020 	2908
f 2973 	2962 	2965
f 3027 	2908 	3020
f 2965 	2971 	2973
f 2908 	3027 	2912
f 2950 	1735 	2974
f 2976 	2978 	3088
f 1735 	1747 	2979
f 2367 	1499 	1502
f 2767 	2964 	2977
f 2917 	2888 	3003
f 2981 	2970 	2814
f 1945 	1938 	2982
f 2979 	2974 	1735
f 2981 	2814 	2150
f 2382 	1460 	1464
f 3035 	3040 	2919
f 2981 	2150 	2155
f 2157 	2981 	2155
f 1747 	1759 	2979
f 2966 	2889 	2952
f 2967 	2887 	2966
f 2969 	2885 	2967
f 2896 	2948 	2894
f 2752 	585 	564
f 2919 	2920 	3035
f 2950 	2974 	2955
f 2987 	186 	2986
f 2953 	1312 	2964
f 1464 	1466 	2386
f 2985 	2982 	1938
f 2988 	2990 	186
f 1470 	2386 	1466
f 2990 	2993 	186
f 2974 	2989 	2955
f 3047 	2933 	2927
f 2986 	197 	3192
f 2927 	3044 	3048
f 2387 	1470 	1474
f 3048 	3047 	2927
f 2389 	2387 	1474
f 1948 	1945 	2982
f 1480 	2390 	1474
f 1481 	2390 	1480
f 2390 	1481 	2368
f 2736 	2767 	2977
f 2994 	1948 	2982
f 609 	605 	3262
f 1484 	2368 	1481
f 3006 	2955 	2989
f 2997 	186 	2995
f 2368 	1484 	2371
f 2999 	2928 	2997
f 2373 	1484 	1486
f 2998 	2989 	2974
f 2883 	3000 	3002
f 2371 	1484 	2373
f 2974 	2979 	2159
f 1486 	1488 	2375
f 2159 	2998 	2974
f 1656 	3036 	2998
f 2752 	3026 	585
f 1492 	2377 	1488
f 2375 	1488 	2377
f 2988 	186 	2987
f 2954 	2926 	2999
f 2956 	2923 	2954
f 210 	3189 	205
f 3001 	2997 	2928
f 186 	2997 	3001
f 197 	2986 	186
f 205 	3192 	203
f 224 	215 	221
f 1714 	1718 	628
f 354 	1676 	485
f 3006 	3007 	2929
f 2736 	2977 	3008
f 2377 	1492 	1493
f 2892 	3005 	3009
f 619 	628 	1718
f 1952 	2994 	3004
f 1687 	643 	1682
f 3036 	3039 	3006
f 702 	619 	1718
f 1702 	638 	1691
f 3013 	2895 	3009
f 1999 	354 	1542
f 2380 	1495 	1499
f 3007 	3012 	2931
f 2380 	1499 	2367
f 2897 	3013 	3015
f 2897 	3015 	2888
f 2010 	354 	1999
f 3016 	2872 	3014
f 2888 	3015 	3003
f 3004 	3018 	1954
f 3022 	2647 	2873
f 2367 	1502 	1504
f 1718 	2878 	702
f 2964 	1310 	2977
f 1310 	2964 	1312
f 2752 	2814 	3026
f 1504 	2391 	2367
f 1314 	1312 	2953
f 3004 	1954 	1952
f 2901 	2647 	3022
f 2953 	2946 	1314
f 3012 	3007 	3039
f 2901 	3022 	3020
f 1506 	2391 	1504
f 1316 	1314 	2946
f 585 	3023 	593
f 1507 	2396 	2394
f 2955 	3006 	2929
f 2946 	1318 	1316
f 3028 	2861 	3025
f 2394 	1506 	1507
f 2862 	2831 	3024
f 3030 	2440 	3029
f 3027 	3031 	2912
f 585 	3026 	3023
f 2738 	2736 	3008
f 2877 	3031 	2996
f 2879 	2912 	3031
f 3034 	2440 	3032
f 3018 	3033 	1956
f 2400 	2396 	1510
f 2879 	3031 	2877
f 2440 	2656 	2436
f 3035 	2920 	2917
f 3035 	2917 	3003
f 3018 	1956 	1954
f 1515 	2402 	1510
f 1521 	2402 	1515
f 2919 	3040 	3044
f 2927 	2919 	3044
f 3043 	2711 	3042
f 2878 	2863 	702
f 2918 	702 	2863
f 3045 	2440 	3034
f 3008 	2575 	2738
f 3046 	2653 	3045
f 2921 	702 	2918
f 1528 	2412 	1526
f 2411 	1526 	2412
f 2924 	702 	2921
f 3007 	3006 	3039
f 1597 	2412 	1528
f 2910 	3419 	2924
f 2915 	3423 	2910
f 3037 	3038 	2651
f 2650 	2651 	3038
f 3041 	2650 	3038
f 2711 	2648 	3042
f 3041 	3042 	2648
f 2651 	2653 	3037
f 3046 	3037 	2653
f 2655 	2656 	2440
f 2575 	3008 	1298
f 3008 	1305 	1298
f 3434 	2933 	3047
f 3010 	2880 	3049
f 3008 	2977 	1305
f 1308 	1305 	2977
f 2977 	1310 	1308
f 3036 	3006 	2989
f 3051 	4737 	3050
f 2998 	3036 	2989
f 3053 	4737 	3051
f 3052 	3181 	3054
f 3055 	2935 	2931
f 3070 	1605 	3272
f 3011 	2875 	3010
f 3014 	2875 	3011
f 3017 	2870 	3016
f 2887 	2967 	2885
f 3019 	2860 	3017
f 2891 	2952 	2889
f 3086 	3088 	2978
f 3167 	3169 	3178
f 3174 	3178 	3170
f 3033 	1443 	1956
f 3012 	3055 	2931
f 3056 	3057 	3278
f 3055 	2940 	2935
f 3272 	3273 	3070
f 3072 	3061 	3071
f 3069 	2869 	3065
f 3299 	3272 	1605
f 3096 	2882 	3095
f 3080 	2882 	3096
f 2364 	1454 	2415
f 3064 	3071 	3061
f 3160 	3068 	3064
f 3072 	3074 	3059
f 3074 	3075 	3059
f 3049 	2882 	3080
f 3081 	4737 	3084
f 1565 	2431 	1563
f 2429 	1563 	2431
f 2869 	3069 	2876
f 3079 	4737 	3078
f 3082 	4737 	3081
f 1443 	3033 	1733
f 3079 	3091 	4737
f 4737 	3087 	3050
f 3093 	2882 	3090
f 2434 	2433 	1571
f 3075 	3080 	3096
f 3095 	2882 	3093
f 3066 	3085 	2939
f 1574 	2382 	2434
f 3087 	4737 	3091
f 3059 	3075 	3096
f 3061 	3072 	3059
f 3097 	3423 	2915
f 2940 	3055 	3066
f 87 	2876 	3069
f 3100 	3425 	3097
f 3101 	3425 	3100
f 2960 	1733 	3033
f 1586 	2440 	2436
f 3018 	3004 	2958
f 3108 	3111 	3426
f 3104 	3426 	3101
f 3099 	2709 	3043
f 2444 	2440 	1594
f 2960 	3033 	3018
f 2960 	3018 	2958
f 3103 	2706 	3099
f 3066 	2939 	2940
f 2994 	2958 	3004
f 3116 	2946 	2925
f 4737 	3426 	3111
f 87 	3069 	88
f 3198 	3085 	3066
f 1594 	2068 	2444
f 3069 	3116 	88
f 3119 	3128 	3115
f 3107 	3140 	2703
f 3069 	3065 	1321
f 3123 	3128 	3119
f 3177 	3181 	3052
f 3126 	3143 	3123
f 3124 	4737 	3122
f 3118 	4737 	3111
f 3184 	3058 	3054
f 3120 	4737 	3124
f 3054 	3181 	3184
f 3118 	3122 	4737
f 3121 	4737 	3120
f 3076 	4737 	3121
f 3076 	3084 	4737
f 3082 	3078 	4737
f 2939 	3085 	3125
f 2906 	88 	3116
f 3136 	3114 	3133
f 3134 	3267 	3132
f 3135 	3267 	3134
f 3117 	3131 	1924
f 3137 	2801 	3135
f 3138 	3112 	3136
f 3139 	2801 	3137
f 3129 	2801 	3139
f 3130 	2801 	3129
f 1547 	2424 	2421
f 3115 	3133 	3114
f 3140 	3110 	3138
f 2577 	2744 	3140
f 2580 	2743 	2577
f 3267 	3135 	2801
f 2801 	3130 	3141
f 3141 	2792 	2801
f 2416 	1545 	2421
f 3168 	3012 	3039
f 3077 	3073 	3193
f 3193 	3083 	3077
f 1547 	1550 	2425
f 3145 	3267 	3144
f 3116 	2925 	2906
f 2424 	1547 	2425
f 1938 	1935 	2985
f 3150 	3267 	3145
f 3132 	3267 	3150
f 3308 	3223 	3267
f 3125 	2944 	2939
f 3154 	2881 	3152
f 3149 	2563 	3148
f 3083 	3200 	3089
f 3153 	1935 	1927
f 1927 	3131 	3153
f 3168 	3055 	3012
f 1565 	1570 	2433
f 3098 	3094 	3210
f 3161 	3067 	3160
f 3069 	1321 	1320
f 2433 	2431 	1565
f 593 	3023 	595
f 3163 	3161 	3126
f 2434 	1571 	1574
f 3210 	3102 	3098
f 3153 	2985 	1935
f 3128 	3146 	3127
f 3067 	3161 	3163
f 3133 	3115 	3128
f 3128 	3123 	3143
f 3068 	3160 	3067
f 3071 	3064 	3068
f 3142 	3126 	3161
f 3143 	3126 	3142
f 3128 	3143 	3146
f 2568 	3146 	3148
f 3151 	2558 	3149
f 2892 	2895 	3156
f 3158 	2892 	3156
f 3217 	3106 	3102
f 3125 	3162 	2944
f 2946 	3116 	1318
f 1326 	1318 	3116
f 3166 	3183 	3165
f 3165 	3086 	2978
f 595 	3023 	3164
f 1327 	1326 	3116
f 1327 	3116 	3069
f 3194 	2982 	2985
f 1327 	3069 	1320
f 3224 	3113 	3109
f 3169 	3170 	3178
f 2985 	719 	3194
f 3225 	3168 	3039
f 3172 	3208 	3170
f 2930 	2767 	2519
f 741 	2985 	3153
f 3026 	3379 	3023
f 3167 	3182 	3166
f 3173 	3208 	3172
f 2980 	3206 	3173
f 2983 	3205 	2980
f 2984 	3203 	2983
f 1590 	2443 	2442
f 2985 	741 	719
f 3052 	2635 	3177
f 1597 	2445 	2412
f 3180 	3449 	2707
f 3183 	3166 	3182
f 2623 	3180 	2707
f 3086 	3165 	3183
f 3171 	3153 	3131
f 3449 	3180 	3454
f 3212 	3175 	3209
f 3184 	3186 	3058
f 3060 	3058 	3186
f 3185 	3178 	3174
f 3182 	3167 	3179
f 2972 	2975 	3088
f 2885 	2969 	3088
f 3090 	2882 	3088
f 3060 	3186 	3063
f 3187 	3063 	3186
f 2449 	1602 	2442
f 1540 	2416 	2415
f 3188 	225 	130
f 1540 	2415 	1541
f 2641 	3063 	3187
f 1540 	1543 	2416
f 3188 	3189 	210
f 1545 	2416 	1543
f 3190 	1873 	3202
f 1335 	1332 	3180
f 3180 	1338 	1335
f 3073 	3191 	3193
f 3195 	2993 	2990
f 2958 	2994 	3194
f 2421 	1545 	1547
f 1339 	1338 	3180
f 2982 	3194 	2994
f 3197 	3083 	3193
f 3196 	2992 	3195
f 3190 	710 	709
f 1554 	2425 	1550
f 602 	595 	3164
f 2427 	2425 	1554
f 3203 	2984 	3201
f 3201 	2991 	3196
f 2995 	186 	2993
f 3200 	3083 	3197
f 3202 	3204 	710
f 2427 	1554 	1557
f 3199 	3461 	3180
f 3206 	2980 	3205
f 2436 	2427 	1557
f 3200 	3207 	3089
f 3205 	2983 	3203
f 3208 	3173 	3206
f 3089 	3207 	3092
f 2993 	3195 	2992
f 3092 	3207 	3094
f 3168 	3198 	3055
f 3190 	3202 	710
f 2991 	3201 	2984
f 3174 	3170 	3208
f 2992 	3196 	2991
f 3180 	2623 	1340
f 3207 	3211 	3094
f 3204 	3194 	713
f 3209 	3176 	3185
f 3198 	3066 	3055
f 3379 	3026 	2814
f 2814 	2970 	3379
f 2433 	1570 	1571
f 3213 	3240 	3212
f 3211 	3210 	3094
f 3204 	2958 	3194
f 1585 	3435 	3198
f 3215 	3241 	3311
f 1585 	3168 	1638
f 3210 	3217 	3102
f 713 	3194 	3216
f 3164 	605 	602
f 3106 	3217 	3219
f 3241 	3242 	3311
f 3109 	3106 	3219
f 1585 	3198 	3168
f 3223 	3308 	3221
f 441 	241 	434
f 3204 	713 	710
f 3109 	3219 	3224
f 3225 	1638 	3168
f 3199 	3180 	1332
f 3224 	3230 	3113
f 3718 	1585 	1605
f 3226 	3227 	450
f 101 	241 	441
f 446 	450 	3227
f 3232 	3267 	3223
f 2962 	3220 	3023
f 3234 	3267 	3232
f 3235 	3218 	3233
f 3023 	3220 	3164
f 3228 	3267 	3234
f 3229 	3267 	3228
f 3236 	3218 	3235
f 3238 	3214 	3236
f 3225 	3039 	1612
f 3239 	3214 	3238
f 3231 	3267 	3229
f 3147 	3267 	3231
f 3144 	3267 	3147
f 3180 	1340 	1339
f 3240 	3213 	3239
f 3194 	719 	3216
f 3244 	3246 	3311
f 3473 	3469 	3245
f 3242 	3244 	3311
f 3175 	3212 	3240
f 3176 	3209 	3175
f 3179 	3167 	3178
f 3178 	3185 	3176
f 3214 	3239 	3213
f 3218 	3236 	3214
f 3298 	3233 	3218
f 3246 	3248 	3311
f 3245 	3469 	3199
f 1625 	1612 	3036
f 3039 	3036 	1612
f 3251 	3277 	3247
f 3308 	3311 	3221
f 605 	3164 	3257
f 3247 	3279 	3159
f 3298 	3268 	3259
f 3254 	3275 	3251
f 1615 	3225 	1612
f 3216 	719 	716
f 3249 	3255 	3311
f 3036 	1657 	1625
f 3262 	605 	3257
f 3263 	3253 	3311
f 3255 	3263 	3311
f 3253 	3221 	3311
f 3248 	3249 	3311
f 2787 	3312 	3267
f 3268 	3298 	3266
f 3164 	3220 	3257
f 3036 	1656 	1657
f 1344 	3261 	3250
f 2807 	55 	3270
f 3275 	3254 	3271
f 3277 	3251 	3275
f 3271 	3256 	3268
f 4737 	3053 	3278
f 3279 	3247 	3277
f 2159 	1656 	2998
f 1347 	1346 	3245
f 3233 	3298 	3259
f 3256 	3259 	3268
f 3254 	3256 	3271
f 3290 	3155 	4737
f 609 	3262 	3285
f 3155 	3157 	4737
f 3291 	3222 	3286
f 3287 	3284 	3325
f 3311 	4737 	3157
f 3157 	3215 	3311
f 3295 	3305 	3292
f 3297 	1615 	1562
f 3283 	3280 	4737
f 3280 	3281 	4737
f 3281 	3290 	4737
f 2382 	1574 	1460
f 3304 	3330 	3303
f 3053 	3062 	3278
f 3062 	3056 	3278
f 3278 	3283 	4737
f 3297 	3299 	1605
f 3273 	3278 	3070
f 3057 	3070 	3278
f 31 	4738 	3308
f 3276 	3403 	3309
f 1557 	1579 	2436
f 3403 	3404 	3309
f 3316 	3317 	3267
f 3317 	3318 	3267
f 3318 	31 	3267
f 3308 	3267 	31
f 2533 	2207 	3307
f 2436 	1579 	1580
f 3285 	612 	609
f 2436 	1580 	1586
f 744 	761 	3320
f 3315 	3316 	3267
f 3314 	3315 	3267
f 3312 	3314 	3267
f 3270 	1247 	3267
f 3307 	2513 	2533
f 3322 	744 	3320
f 3305 	3295 	3304
f 3222 	3291 	3310
f 3310 	3292 	3306
f 450 	3286 	3226
f 3331 	2924 	3335
f 3331 	3327 	2924
f 1583 	1563 	2429
f 2443 	1583 	2429
f 3329 	3341 	3320
f 2440 	1586 	1594
f 3243 	3237 	3370
f 2442 	1602 	1590
f 3325 	3333 	3287
f 2443 	1590 	1583
f 3336 	3303 	3334
f 3330 	3304 	3295
f 3334 	3303 	3330
f 3327 	3328 	2924
f 3339 	3421 	3338
f 3306 	3292 	3305
f 612 	3285 	3332
f 3322 	3326 	749
f 3298 	3303 	3421
f 3303 	3336 	3421
f 3338 	3421 	3336
f 3421 	3339 	3323
f 3324 	3418 	3323
f 2445 	1597 	2446
f 1599 	2446 	1597
f 3252 	3377 	3258
f 3415 	3413 	2924
f 1500 	3352 	1241
f 3346 	3347 	3565
f 3347 	3348 	3565
f 3348 	1246 	3565
f 3567 	3565 	1246
f 3352 	3567 	1246
f 1241 	3352 	1246
f 1599 	1602 	2449
f 3260 	3258 	3378
f 3377 	3378 	3258
f 1500 	1498 	3350
f 3341 	3322 	3320
f 3322 	3341 	3326
f 3380 	3264 	3378
f 3260 	3378 	3264
f 3343 	3344 	3565
f 3287 	3333 	3293
f 744 	3322 	749
f 3350 	3352 	1500
f 3345 	3346 	3565
f 3344 	3345 	3565
f 2446 	1599 	2449
f 751 	749 	3326
f 3264 	3380 	3265
f 3265 	3380 	3382
f 3351 	3349 	702
f 1146 	789 	1610
f 3382 	3269 	3265
f 3325 	3826 	3847
f 3353 	3351 	702
f 20 	3350 	15
f 1610 	1166 	1146
f 3354 	3353 	702
f 19 	3350 	20
f 3355 	3354 	702
f 3319 	741 	3274
f 21 	3350 	19
f 2450 	1166 	1610
f 3276 	3384 	3386
f 3333 	3294 	3293
f 2450 	1610 	1617
f 21 	28 	3350
f 702 	2924 	3328
f 702 	3328 	3356
f 3356 	3355 	702
f 3171 	3274 	741
f 3384 	3282 	3269
f 1617 	1621 	2452
f 3384 	3276 	3282
f 2450 	1617 	2452
f 612 	3332 	615
f 3171 	741 	3153
f 1621 	1624 	2453
f 442 	3350 	28
f 463 	3350 	458
f 3333 	3357 	3294
f 2452 	1621 	2453
f 1624 	1632 	2454
f 456 	3350 	442
f 458 	3350 	456
f 2453 	1624 	2454
f 1632 	2455 	2454
f 3320 	3319 	3274
f 3391 	3394 	3289
f 3288 	3289 	3394
f 761 	741 	3319
f 1632 	1636 	2455
f 761 	3319 	3320
f 470 	3350 	463
f 468 	3350 	470
f 3333 	3325 	3402
f 1639 	2455 	1636
f 476 	3350 	468
f 2456 	2455 	1639
f 3274 	3329 	3320
f 2457 	2456 	1639
f 3274 	3171 	3329
f 3360 	1713 	3361
f 1713 	1710 	3361
f 2457 	1639 	1643
f 3171 	3131 	3329
f 3392 	3296 	3302
f 2458 	2457 	1643
f 3117 	3341 	3329
f 3363 	3362 	785
f 3329 	3131 	3117
f 1214 	1630 	1208
f 2458 	1643 	1645
f 3332 	3586 	4610
f 2463 	2458 	1645
f 763 	3364 	816
f 1218 	1628 	1214
f 3364 	763 	3349
f 2466 	2463 	1651
f 3276 	3386 	3403
f 1222 	1623 	1218
f 2463 	1645 	1648
f 2463 	1648 	1651
f 1226 	1623 	1222
f 2468 	2466 	1651
f 3313 	3309 	3404
f 3357 	3301 	3294
f 1240 	1242 	1623
f 2468 	1651 	1653
f 3391 	3289 	3404
f 3313 	3404 	3289
f 1240 	1623 	1226
f 1004 	2468 	1653
f 15 	3350 	1242
f 3350 	1623 	1242
f 674 	1004 	1653
f 3543 	1973 	1970
f 3367 	3366 	3381
f 3406 	3405 	3387
f 1204 	1208 	1634
f 1280 	1204 	1634
f 1279 	1280 	1634
f 3220 	3573 	3407
f 3237 	3747 	3371
f 3257 	3220 	3407
f 1731 	1735 	1279
f 3370 	3237 	3371
f 3400 	3530 	3368
f 3243 	3370 	3374
f 1974 	1973 	3548
f 2965 	2962 	3023
f 3252 	3243 	3374
f 3530 	3529 	3368
f 1634 	1731 	1279
f 2950 	2955 	1279
f 3372 	3369 	3529
f 3220 	2962 	3573
f 3252 	3374 	3377
f 3023 	3379 	2965
f 3357 	3459 	3301
f 3481 	3479 	3376
f 3376 	3375 	3481
f 1980 	1977 	3390
f 1498 	1611 	3350
f 1634 	1208 	1630
f 1382 	2286 	2478
f 3393 	1981 	1980
f 2971 	2965 	3379
f 3379 	2970 	2971
f 1668 	2482 	2292
f 3269 	3382 	3384
f 1668 	2292 	1386
f 1726 	1634 	1723
f 1634 	1720 	1723
f 1728 	1634 	1726
f 1730 	1634 	1728
f 3413 	3410 	3340
f 3415 	2924 	3417
f 2485 	2482 	1670
f 3365 	3340 	3410
f 3337 	2924 	3340
f 3410 	3409 	3365
f 1924 	1988 	3117
f 1731 	1634 	1730
f 3409 	3406 	3385
f 3385 	3365 	3409
f 1735 	2950 	1279
f 3300 	3288 	3392
f 1358 	1276 	2929
f 2929 	2931 	1358
f 3390 	3393 	1980
f 3375 	3373 	3481
f 3369 	3368 	3529
f 3387 	3385 	3406
f 3389 	3387 	3405
f 3413 	3340 	2924
f 3405 	3383 	3389
f 3383 	3381 	3366
f 3368 	3367 	3381
f 3400 	3368 	3381
f 3288 	3394 	3392
f 3296 	3392 	3395
f 3910 	3357 	3915
f 2220 	3707 	2215
f 3302 	3300 	3392
f 1678 	2495 	2492
f 3915 	3357 	3918
f 1680 	3707 	2220
f 2230 	1680 	2220
f 3357 	3333 	3918
f 2235 	1680 	2230
f 1981 	3393 	3398
f 2240 	1680 	2235
f 3397 	3534 	3399
f 2248 	1680 	2240
f 2253 	1680 	2248
f 2258 	1680 	2253
f 2265 	1680 	2258
f 1720 	1642 	2271
f 3321 	3191 	3073
f 3366 	3389 	3383
f 3842 	3402 	3325
f 1692 	2504 	2502
f 2265 	2271 	1680
f 1634 	1642 	1720
f 3412 	3307 	3467
f 3523 	3526 	2944
f 3528 	2935 	3527
f 3335 	2924 	3337
f 3307 	3412 	2513
f 3538 	3523 	2944
f 3886 	3896 	3412
f 3580 	3535 	2944
f 2874 	2513 	3412
f 3427 	3580 	2944
f 3535 	3538 	2944
f 1988 	3408 	3422
f 3528 	1353 	2931
f 1353 	1358 	2931
f 3423 	3097 	3425
f 2931 	2935 	3528
f 3425 	3101 	3426
f 1985 	1981 	3408
f 3293 	4894 	3287
f 3426 	4737 	3429
f 3294 	4894 	3293
f 3398 	3408 	1981
f 3301 	4894 	3294
f 3284 	3287 	4894
f 1342 	1357 	3261
f 3431 	3444 	1631
f 3261 	1344 	1342
f 2499 	1685 	2501
f 3419 	2910 	3423
f 3417 	2924 	3420
f 3420 	2924 	3419
f 2207 	2215 	3709
f 3250 	3245 	1346
f 3430 	3580 	3427
f 3250 	1346 	1344
f 3429 	4737 	3436
f 3438 	3436 	4737
f 3433 	3580 	3430
f 3439 	3438 	4737
f 3245 	1350 	1347
f 4737 	4271 	3439
f 4308 	4305 	3439
f 1350 	3245 	3199
f 4893 	3580 	3445
f 1985 	3408 	1988
f 1332 	1350 	3199
f 3446 	4893 	3445
f 3441 	4305 	3442
f 3433 	3443 	3580
f 3108 	3426 	3104
f 3448 	4893 	3446
f 141 	2707 	3449
f 3435 	3125 	3085
f 3450 	4893 	3448
f 3435 	3085 	3198
f 3453 	4893 	3450
f 3284 	4893 	3453
f 2944 	3162 	3457
f 3459 	4894 	3301
f 3451 	1715 	3359
f 3457 	3427 	2944
f 3452 	3451 	3358
f 3479 	3456 	3376
f 3461 	3454 	3180
f 3467 	3307 	3712
f 3464 	3449 	3454
f 3476 	3456 	3479
f 3710 	3712 	3307
f 3464 	3454 	3461
f 3307 	2207 	3710
f 3458 	3456 	3476
f 3358 	3376 	3452
f 3359 	3358 	3451
f 4411 	4412 	3460
f 3463 	4411 	3460
f 3709 	3710 	2207
f 3199 	3469 	3461
f 3162 	3621 	3457
f 1988 	3422 	3117
f 3457 	3471 	3427
f 3469 	3473 	2410
f 3398 	3393 	3489
f 3470 	3468 	3474
f 3489 	3393 	3390
f 2489 	2487 	1673
f 3430 	3427 	3471
f 3462 	3458 	3474
f 3468 	3462 	3474
f 2489 	1673 	1677
f 3476 	3474 	3458
f 3485 	3486 	3350
f 3464 	141 	3449
f 3486 	3477 	3350
f 2489 	1677 	2492
f 3481 	3373 	3484
f 3487 	3468 	3470
f 3480 	3565 	3478
f 3477 	3478 	3565
f 476 	3485 	3350
f 3565 	3350 	3477
f 3162 	3630 	3621
f 2492 	1677 	1678
f 3480 	3490 	3565
f 3470 	3524 	3487
f 3493 	3565 	3492
f 3411 	3483 	3590
f 3488 	3487 	3524
f 3497 	3565 	3493
f 3490 	3492 	3565
f 3590 	3593 	3411
f 3524 	3522 	3488
f 3499 	3565 	3497
f 1683 	2497 	2495
f 3501 	3565 	3499
f 2419 	2410 	3473
f 3471 	3496 	3430
f 3595 	3414 	3593
f 3411 	3593 	3414
f 3502 	3565 	3501
f 3416 	3414 	3595
f 3418 	3416 	3597
f 3498 	3494 	3518
f 2419 	3473 	3245
f 3500 	3498 	3518
f 3512 	3565 	3508
f 3514 	3565 	3512
f 3516 	3565 	3514
f 159 	3461 	3469
f 3469 	2410 	159
f 3117 	3422 	3341
f 3504 	1757 	3505
f 3505 	1757 	1749
f 3507 	3565 	3506
f 3508 	3565 	3507
f 3506 	3565 	3502
f 3424 	3421 	3601
f 3495 	3250 	3261
f 3250 	3540 	3245
f 3617 	1966 	3511
f 3540 	2419 	3245
f 1696 	2507 	2504
f 1964 	3511 	1966
f 3519 	3565 	3516
f 3495 	3261 	206
f 3515 	3513 	1757
f 3510 	3509 	437
f 3521 	3580 	3562
f 1757 	3503 	3515
f 3517 	3430 	3496
f 3518 	3515 	3500
f 3503 	3500 	3515
f 3613 	3428 	3279
f 3540 	169 	2419
f 3526 	3527 	2940
f 3504 	3503 	1757
f 3491 	3488 	3522
f 3522 	3520 	3491
f 3494 	3491 	3520
f 3520 	3518 	3494
f 2955 	2929 	1276
f 1276 	1279 	2955
f 2935 	2940 	3527
f 207 	206 	3261
f 3533 	3580 	3531
f 3603 	3471 	3621
f 207 	3525 	318
f 2939 	2944 	3526
f 3437 	3434 	3622
f 2940 	2939 	3526
f 3440 	3437 	3624
f 3250 	3495 	3540
f 3537 	3536 	1188
f 3519 	3542 	3565
f 1690 	2501 	1685
f 3544 	3580 	3542
f 3540 	3495 	169
f 3435 	3162 	3125
f 3545 	3580 	3544
f 3495 	206 	212
f 3447 	3705 	3629
f 1659 	1662 	2472
f 3565 	3542 	3580
f 1973 	3543 	3548
f 2475 	2472 	1662
f 1188 	1178 	3537
f 3397 	1188 	3536
f 3534 	3397 	3536
f 3530 	3400 	3532
f 3399 	3532 	3400
f 3529 	3546 	3372
f 3546 	3484 	3372
f 3373 	3372 	3484
f 3534 	3532 	3399
f 212 	172 	3495
f 1662 	1665 	2478
f 3447 	3633 	3455
f 3547 	3580 	3545
f 3553 	1974 	3548
f 1662 	2478 	2475
f 3558 	3580 	3555
f 3551 	3580 	3549
f 3559 	3580 	3558
f 1382 	2478 	1665
f 3555 	3580 	3551
f 3560 	3580 	3559
f 3562 	3580 	3560
f 3639 	3466 	3455
f 3388 	3557 	3407
f 3549 	3580 	3547
f 3455 	3633 	3640
f 3557 	3388 	3401
f 465 	451 	3556
f 462 	465 	3556
f 657 	462 	3556
f 3430 	3517 	3433
f 2482 	1668 	1670
f 3455 	3640 	3639
f 3388 	3407 	3573
f 3531 	3580 	3521
f 3472 	3466 	3643
f 2485 	1670 	1672
f 3578 	3579 	3565
f 3603 	3496 	3471
f 1672 	1673 	2487
f 3342 	3343 	3565
f 1483 	3564 	1485
f 3472 	3643 	3475
f 3471 	3457 	3621
f 3569 	3396 	3388
f 2485 	1672 	2487
f 3535 	3580 	3533
f 3443 	3445 	3580
f 3541 	1485 	3564
f 2968 	3569 	3388
f 3564 	1475 	3566
f 1977 	1974 	3553
f 3575 	3565 	3574
f 3576 	3565 	3575
f 3577 	3565 	3576
f 3578 	3565 	3577
f 3342 	3565 	3579
f 3571 	32 	3580
f 3574 	3565 	32
f 3565 	3580 	32
f 3482 	3475 	3650
f 3388 	3573 	2968
f 3630 	3162 	3435
f 3482 	3650 	3483
f 1462 	1458 	620
f 3623 	3587 	3586
f 3652 	3590 	3483
f 1678 	1679 	2495
f 3584 	3581 	3550
f 2495 	1679 	1683
f 2497 	1683 	2499
f 3589 	3584 	3550
f 1685 	2499 	1683
f 3550 	3572 	3589
f 3594 	3626 	3693
f 1977 	3553 	3390
f 3416 	3595 	3597
f 30 	3591 	3572
f 3591 	3589 	3572
f 1690 	1689 	2501
f 2502 	2501 	1689
f 3586 	3332 	3285
f 3599 	1661 	3596
f 3418 	3597 	3600
f 2502 	1689 	1692
f 3609 	4821 	3586
f 44 	30 	3570
f 3572 	3570 	30
f 3600 	3601 	3421
f 3489 	3390 	3598
f 1834 	1706 	399
f 3418 	3600 	3421
f 403 	399 	1703
f 1692 	1695 	2504
f 3603 	3517 	3496
f 3424 	3601 	3604
f 1696 	2504 	1695
f 1706 	1703 	399
f 1696 	2510 	2507
f 1680 	1661 	3605
f 1754 	403 	1703
f 3424 	3604 	3607
f 1696 	1697 	2510
f 3609 	3586 	3587
f 3598 	3390 	3553
f 3583 	1680 	3582
f 3582 	1680 	3608
f 3583 	3585 	1680
f 3605 	3608 	1680
f 1753 	1757 	403
f 3553 	3548 	3598
f 410 	406 	1757
f 406 	403 	1757
f 1698 	2510 	1697
f 4832 	3587 	3611
f 1698 	2514 	2510
f 3612 	3767 	3610
f 415 	418 	1757
f 418 	410 	1757
f 3614 	1748 	3612
f 430 	425 	1757
f 425 	415 	1757
f 3606 	3517 	3603
f 3428 	3613 	3615
f 3611 	3587 	3623
f 2561 	2514 	1698
f 3616 	1748 	3614
f 3005 	2890 	3615
f 3618 	1748 	3616
f 3428 	3615 	2890
f 1703 	1706 	2638
f 2518 	1738 	1703
f 3620 	1748 	3619
f 3619 	1748 	3618
f 3622 	3434 	3047
f 2638 	2518 	1703
f 3586 	3285 	3623
f 3622 	3624 	3437
f 3751 	3754 	3766
f 1397 	1133 	3620
f 443 	437 	3509
f 3563 	3561 	451
f 1661 	1078 	3596
f 1663 	1053 	1661
f 3407 	3623 	3257
f 2527 	1711 	1710
f 3561 	3556 	451
f 3625 	1966 	3617
f 3692 	3693 	3626
f 2527 	1710 	1713
f 3550 	620 	3552
f 3694 	3440 	3624
f 3407 	3557 	3623
f 3628 	3641 	3627
f 2530 	2527 	1713
f 3557 	3611 	3623
f 3625 	1970 	1966
f 3447 	3629 	3635
f 2530 	1713 	1715
f 3557 	3401 	3611
f 3552 	668 	3554
f 3513 	3510 	437
f 437 	436 	3513
f 436 	430 	3513
f 1757 	3513 	430
f 3509 	3563 	443
f 3623 	3285 	3262
f 3617 	3644 	3625
f 1715 	3749 	2530
f 3623 	3262 	3257
f 3631 	3661 	3628
f 3636 	3637 	3771
f 3447 	3635 	3633
f 3770 	3771 	3637
f 3638 	3770 	3637
f 2538 	2536 	1717
f 2538 	1717 	1719
f 3610 	3770 	3638
f 3771 	3818 	3636
f 2542 	2538 	1719
f 1970 	3625 	3543
f 2542 	1719 	1721
f 3435 	3724 	3630
f 2544 	2542 	1722
f 1722 	2542 	1721
f 3466 	3639 	3643
f 2547 	2544 	1722
f 2547 	1722 	1724
f 499 	979 	2848
f 3680 	3682 	3647
f 3592 	1680 	3588
f 3647 	3649 	3680
f 2550 	2547 	1724
f 2550 	1724 	1725
f 3644 	3543 	3625
f 3588 	1680 	3585
f 3475 	3643 	3648
f 3642 	3680 	3649
f 2551 	2550 	1725
f 2551 	1725 	1727
f 207 	3261 	3646
f 508 	499 	2848
f 2553 	2551 	1727
f 3475 	3648 	3650
f 2553 	1711 	2527
f 3261 	1357 	3646
f 1727 	1729 	2553
f 2848 	2844 	508
f 2553 	1729 	1711
f 2844 	2839 	508
f 515 	508 	2839
f 3652 	3483 	3650
f 3627 	3642 	3649
f 3642 	3627 	3641
f 3641 	3628 	3661
f 3690 	3692 	3645
f 3626 	3645 	3692
f 3592 	3594 	3693
f 1680 	3592 	3693
f 3693 	3695 	1680
f 3701 	3704 	1680
f 3712 	3714 	3467
f 2839 	2832 	515
f 3709 	2215 	3707
f 3721 	3463 	3716
f 3646 	3685 	3833
f 828 	3780 	3644
f 3051 	3050 	3651
f 2832 	2772 	520
f 3644 	3883 	828
f 3655 	3653 	3656
f 1356 	1377 	3646
f 3653 	3658 	3656
f 1357 	1356 	3646
f 3656 	3659 	3660
f 539 	537 	1908
f 3655 	3656 	3660
f 3662 	3660 	3663
f 3663 	3660 	3659
f 544 	539 	1908
f 1908 	1907 	544
f 1907 	1904 	544
f 547 	544 	1904
f 3666 	3050 	3606
f 3666 	3606 	3603
f 2518 	2572 	1738
f 1458 	1788 	620
f 635 	626 	1782
f 3674 	3662 	3663
f 3667 	3675 	3674
f 3053 	3051 	3651
f 3667 	3674 	3663
f 3673 	622 	3670
f 3668 	3669 	3676
f 1014 	671 	641
f 1014 	1008 	480
f 3053 	3671 	3062
f 671 	1014 	480
f 701 	641 	671
f 1477 	3665 	1359
f 1359 	3665 	3664
f 3603 	3621 	3703
f 3668 	3676 	3677
f 701 	696 	647
f 653 	647 	696
f 696 	691 	653
f 647 	641 	701
f 3646 	3525 	207
f 622 	3673 	624
f 3666 	3603 	3678
f 3703 	3678 	3603
f 3646 	3833 	3525
f 3678 	3050 	3666
f 3683 	3679 	3681
f 3651 	3050 	3678
f 3683 	3681 	3684
f 3689 	3683 	3684
f 3687 	3684 	3688
f 3682 	3690 	3647
f 3686 	624 	3673
f 3645 	3647 	3690
f 3687 	3689 	3684
f 3703 	3056 	3671
f 3687 	3688 	3677
f 3053 	3651 	3678
f 3677 	3676 	3687
f 3440 	3694 	3696
f 3698 	3326 	3697
f 3696 	3694 	3699
f 3700 	3696 	3699
f 3053 	3678 	3671
f 3701 	1680 	3695
f 3700 	3699 	3702
f 1377 	1376 	3685
f 3700 	3702 	3705
f 3728 	3697 	3326
f 3646 	1377 	3685
f 3706 	3700 	3705
f 3707 	1680 	3704
f 3705 	3447 	3706
f 3703 	3621 	3056
f 624 	3686 	627
f 3678 	3703 	3671
f 3463 	3465 	3714
f 3671 	3056 	3062
f 2579 	2600 	1743
f 3715 	3711 	3713
f 751 	3326 	3698
f 3717 	3711 	3715
f 3718 	3719 	3435
f 3326 	3341 	3422
f 2562 	2561 	1732
f 3720 	3717 	3715
f 3716 	3463 	3714
f 3326 	3422 	3408
f 3057 	3719 	3070
f 3723 	3717 	3720
f 3408 	3398 	3326
f 3724 	3621 	3630
f 3720 	3725 	3726
f 3698 	3697 	776
f 3056 	3621 	3724
f 3723 	3720 	3726
f 3729 	3726 	3725
f 3724 	3435 	3719
f 3326 	3489 	3728
f 3057 	3056 	3724
f 3729 	3725 	3731
f 1372 	1370 	3691
f 3398 	3489 	3326
f 1737 	1738 	2572
f 627 	3686 	629
f 3732 	3729 	3733
f 1737 	2572 	2567
f 3733 	3729 	3731
f 3732 	3733 	3735
f 3465 	3467 	3714
f 3737 	4437 	3463
f 3057 	3724 	3719
f 3489 	3750 	3728
f 3736 	3732 	3735
f 751 	3698 	776
f 3738 	3736 	3735
f 3738 	3735 	3739
f 629 	3686 	3734
f 4436 	4437 	3740
f 3741 	3738 	3739
f 1585 	3718 	3435
f 3743 	4436 	3740
f 3598 	3750 	3489
f 4403 	3463 	4437
f 3742 	3741 	3739
f 3070 	3719 	3718
f 3737 	3740 	4437
f 2569 	1741 	2535
f 3745 	1637 	3743
f 1605 	3070 	3718
f 2536 	2535 	1741
f 3747 	3237 	3744
f 3727 	1633 	3745
f 3748 	3741 	3742
f 3598 	3746 	3750
f 3748 	3742 	3744
f 3670 	3806 	3673
f 1372 	3691 	3685
f 3746 	784 	776
f 3744 	3237 	3748
f 3697 	3728 	3750
f 3806 	3670 	3835
f 776 	3697 	3750
f 3751 	3766 	3749
f 776 	3750 	3746
f 462 	657 	691
f 3284 	3453 	3325
f 3759 	631 	629
f 3760 	3768 	3758
f 3758 	3764 	3754
f 3644 	3780 	3757
f 3443 	3517 	3762
f 3757 	3543 	3644
f 3433 	3517 	3443
f 3764 	3758 	3763
f 3556 	3554 	657
f 451 	443 	3563
f 3765 	3445 	3443
f 1748 	3749 	3766
f 3443 	3762 	3765
f 1746 	2574 	2585
f 3767 	1748 	3766
f 3581 	1462 	620
f 657 	3554 	668
f 657 	653 	691
f 3550 	3581 	620
f 668 	3552 	620
f 3769 	3757 	3780
f 794 	3756 	3757
f 3773 	3768 	3760
f 3768 	3763 	3758
f 3768 	3773 	3774
f 3769 	794 	3757
f 3445 	3765 	3446
f 3757 	3548 	3543
f 791 	784 	3756
f 3634 	3636 	3818
f 3770 	3610 	3767
f 1748 	3767 	3612
f 3759 	629 	3734
f 2592 	1750 	2594
f 3708 	3691 	1370
f 784 	3746 	3598
f 940 	2855 	948
f 1370 	1368 	3708
f 3446 	3765 	3772
f 3775 	3796 	3774
f 3757 	3756 	3598
f 2597 	2595 	1753
f 3789 	3810 	3765
f 2855 	2848 	948
f 3789 	3765 	3762
f 3777 	3791 	3776
f 3598 	3548 	3757
f 1372 	3685 	1376
f 954 	948 	2848
f 3606 	3762 	3517
f 784 	3598 	3756
f 3772 	3822 	3448
f 958 	954 	2848
f 3686 	3673 	3806
f 3780 	828 	3769
f 979 	958 	2848
f 794 	791 	3756
f 3670 	3863 	3835
f 979 	499 	975
f 2561 	1698 	1732
f 68 	144 	2590
f 3772 	3448 	3446
f 2562 	1732 	1734
f 2562 	1734 	2565
f 2565 	1734 	2567
f 2567 	1734 	1737
f 631 	3759 	538
f 3784 	3667 	3672
f 3784 	3675 	3667
f 179 	176 	3785
f 1739 	2569 	2578
f 1739 	1740 	2569
f 3803 	2012 	2011
f 3759 	1360 	538
f 1741 	2569 	1740
f 3817 	2016 	2012
f 1473 	3665 	1477
f 1717 	2536 	1741
f 3785 	3787 	179
f 1955 	1360 	3759
f 3768 	3774 	3796
f 3788 	3777 	179
f 3050 	3789 	3606
f 1361 	1359 	3664
f 3792 	3776 	3791
f 1365 	1361 	3664
f 1365 	3664 	3708
f 2574 	1746 	1739
f 3776 	3794 	3775
f 3778 	179 	3777
f 3792 	3794 	3776
f 3796 	3775 	3794
f 3768 	3796 	3798
f 3768 	3798 	3761
f 3761 	3763 	3768
f 1739 	2578 	2574
f 3708 	1368 	1365
f 3759 	3825 	1955
f 3803 	1922 	2617
f 1922 	3803 	2011
f 134 	160 	3804
f 1744 	2579 	1743
f 3803 	2617 	2679
f 2583 	2579 	1744
f 3809 	3654 	3808
f 3772 	3765 	3810
f 1744 	1745 	2583
f 3848 	3806 	3841
f 3810 	3786 	3772
f 2585 	2583 	1745
f 1745 	1746 	2585
f 3654 	3657 	3808
f 3805 	3807 	3657
f 3811 	1176 	3809
f 3848 	3686 	3806
f 3505 	1749 	2590
f 2590 	1749 	2592
f 3782 	3947 	3815
f 1750 	2592 	1749
f 3606 	3789 	3762
f 3632 	3634 	3800
f 2594 	1750 	1751
f 3665 	4062 	3819
f 3818 	3800 	3634
f 3632 	3800 	3801
f 3657 	3661 	3805
f 3807 	3808 	3657
f 3631 	3801 	3661
f 3632 	3801 	3631
f 2594 	1751 	2595
f 3450 	3448 	3822
f 2595 	1751 	1753
f 3803 	3823 	2012
f 3826 	3450 	3822
f 1955 	3825 	3820
f 3828 	610 	3827
f 1753 	1754 	2597
f 3825 	3759 	3829
f 3830 	606 	3828
f 3759 	3734 	3829
f 3831 	201 	3830
f 1754 	1755 	2599
f 3786 	3853 	3822
f 2597 	1754 	2599
f 3822 	3772 	3786
f 2599 	1755 	2600
f 3826 	3325 	3453
f 1755 	1743 	2600
f 3903 	3904 	3755
f 3823 	3817 	2012
f 3824 	3827 	610
f 3832 	3783 	187
f 3734 	3686 	3829
f 3904 	3781 	3755
f 3826 	3453 	3450
f 3806 	3835 	3837
f 3855 	3857 	3840
f 3839 	3856 	3708
f 3836 	1220 	3834
f 3843 	3855 	3840
f 2612 	2608 	1762
f 3841 	3806 	3837
f 975 	499 	990
f 3844 	3854 	3843
f 610 	3849 	3824
f 1220 	1224 	3834
f 3825 	3829 	3841
f 996 	990 	494
f 2619 	2612 	1762
f 3909 	3892 	3784
f 494 	489 	996
f 494 	990 	499
f 1008 	996 	489
f 489 	480 	1008
f 3665 	3819 	3664
f 3842 	3325 	3847
f 3819 	3860 	3664
f 2021 	3817 	3851
f 3911 	3793 	3790
f 3913 	3795 	3793
f 3853 	3847 	3826
f 3833 	3685 	3856
f 3797 	3795 	3914
f 3853 	3861 	3847
f 3855 	3843 	3854
f 3914 	3795 	3913
f 3856 	3685 	3691
f 3230 	3224 	1030
f 3822 	3853 	3826
f 3914 	3916 	3797
f 3856 	3691 	3708
f 2019 	2016 	3817
f 1043 	1030 	3224
f 3799 	3797 	3916
f 3845 	3852 	3844
f 3852 	3845 	3850
f 3838 	3840 	3857
f 3838 	1207 	3836
f 1052 	1046 	3177
f 1046 	1043 	3219
f 3926 	3802 	3799
f 2681 	2683 	2638
f 1631 	1629 	3431
f 62 	2594 	57
f 54 	57 	2518
f 3804 	3941 	134
f 3432 	3431 	1629
f 2021 	2019 	3817
f 327 	321 	3839
f 144 	161 	3779
f 3859 	3856 	3839
f 3858 	3964 	3402
f 3402 	3842 	3858
f 3881 	3851 	3817
f 3859 	3839 	321
f 1622 	1613 	1075
f 1505 	1503 	1095
f 3778 	3779 	161
f 3779 	2590 	144
f 3839 	4187 	328
f 1103 	1095 	1503
f 3839 	3708 	3860
f 1106 	1103 	1494
f 3860 	3708 	3664
f 3860 	3819 	3816
f 3829 	3686 	3848
f 3841 	3829 	3848
f 196 	208 	3830
f 3839 	3860 	4187
f 3842 	3847 	3858
f 3541 	3539 	1173
f 1179 	1173 	3539
f 1178 	1179 	3537
f 3539 	3537 	1179
f 327 	3839 	328
f 1964 	2021 	3851
f 1379 	354 	226
f 196 	3830 	201
f 2642 	1793 	2643
f 3870 	3079 	3078
f 227 	1380 	1379
f 227 	1379 	226
f 208 	216 	3830
f 3861 	3082 	3081
f 621 	620 	1788
f 1794 	2627 	2643
f 3570 	3568 	44
f 232 	231 	3871
f 3778 	161 	179
f 3783 	3785 	176
f 187 	3783 	176
f 187 	201 	3832
f 3832 	201 	3831
f 3787 	3788 	179
f 3791 	3777 	3788
f 228 	232 	3871
f 38 	44 	3568
f 3568 	3566 	38
f 229 	228 	3874
f 1472 	38 	3566
f 3084 	3076 	3861
f 94 	229 	2876
f 750 	756 	496
f 1472 	3566 	1475
f 3823 	3803 	3873
f 1475 	3564 	1483
f 3875 	3803 	2679
f 3872 	3865 	3866
f 3875 	2679 	2856
f 3786 	3876 	3864
f 512 	2615 	509
f 1485 	1173 	1491
f 3867 	3868 	3872
f 503 	750 	496
f 3861 	3081 	3084
f 2615 	740 	509
f 523 	2610 	516
f 3858 	3847 	3861
f 3865 	3862 	3866
f 1659 	2472 	2614
f 3870 	3853 	3786
f 3869 	3862 	3865
f 3863 	3862 	3869
f 3082 	3853 	3870
f 3869 	3835 	3863
f 3853 	3082 	3861
f 3511 	1964 	3851
f 2614 	2620 	1765
f 1512 	1090 	1519
f 1086 	1090 	1512
f 3862 	3867 	3866
f 242 	3871 	231
f 3866 	3867 	3872
f 3079 	3870 	3786
f 3511 	3851 	3881
f 1613 	1608 	1519
f 242 	3877 	3879
f 3079 	3786 	3864
f 542 	2730 	2586
f 535 	2596 	526
f 1090 	1075 	1519
f 1613 	1519 	1075
f 1503 	1494 	1103
f 1494 	1491 	1106
f 1173 	1106 	1491
f 1505 	1086 	1512
f 1485 	3541 	1173
f 640 	3932 	3933
f 1523 	1519 	1608
f 640 	3933 	644
f 3876 	3087 	3864
f 1530 	1523 	1607
f 2730 	2734 	2586
f 2669 	2721 	555
f 2730 	542 	2727
f 555 	2724 	548
f 532 	542 	2586
f 563 	576 	562
f 565 	568 	563
f 3789 	3050 	3087
f 3878 	652 	651
f 568 	565 	571
f 228 	3871 	3874
f 565 	606 	571
f 655 	652 	3878
f 3873 	3803 	3875
f 216 	606 	3830
f 576 	563 	568
f 2869 	2876 	229
f 3870 	3078 	3082
f 3823 	3873 	3817
f 579 	562 	576
f 4332 	4330 	2304
f 1775 	2629 	2627
f 2304 	2294 	4332
f 3864 	3087 	3091
f 3789 	3876 	3810
f 229 	3874 	2869
f 492 	496 	756
f 610 	3828 	606
f 3789 	3087 	3876
f 3079 	3864 	3091
f 2856 	3917 	3875
f 2289 	2231 	1591
f 3786 	3810 	3876
f 592 	1666 	588
f 3644 	3617 	3888
f 2638 	1783 	2640
f 3888 	3617 	3511
f 1568 	1558 	2279
f 242 	3879 	3880
f 571 	606 	216
f 584 	1669 	614
f 588 	1667 	584
f 1200 	3846 	614
f 610 	3846 	3849
f 3850 	3824 	3849
f 3824 	3850 	3845
f 3854 	3844 	3852
f 1546 	1544 	1593
f 1544 	1535 	1593
f 1598 	1593 	1535
f 1535 	1531 	1598
f 1607 	1598 	1531
f 1531 	1530 	1607
f 1608 	1607 	1523
f 655 	3878 	3882
f 3887 	3511 	3881
f 3871 	242 	3880
f 3878 	3898 	3921
f 708 	2625 	705
f 1095 	1086 	1505
f 3878 	3921 	3882
f 3996 	3898 	3878
f 1394 	1387 	3879
f 1620 	1622 	1075
f 715 	2621 	708
f 3877 	1395 	3879
f 1395 	1394 	3879
f 1075 	1062 	1620
f 1062 	3432 	1620
f 1629 	1620 	3432
f 1641 	1631 	3444
f 3444 	3442 	1641
f 3871 	3880 	3874
f 1758 	2403 	1521
f 1782 	1776 	635
f 3882 	665 	655
f 2403 	1758 	2604
f 626 	621 	1782
f 740 	2615 	730
f 3880 	3879 	1387
f 2606 	1758 	1760
f 3463 	3460 	3884
f 503 	509 	742
f 3880 	2869 	3874
f 3884 	3465 	3463
f 2604 	1758 	2606
f 1760 	1761 	2608
f 3880 	3065 	2869
f 2606 	1760 	2608
f 3886 	3465 	3884
f 3888 	3883 	3644
f 730 	2615 	715
f 2608 	1761 	1762
f 3895 	3927 	3884
f 1768 	1844 	1764
f 1771 	1768 	1764
f 1385 	3065 	3880
f 3927 	3886 	3884
f 1659 	2614 	1765
f 581 	492 	765
f 3881 	3885 	3887
f 2619 	1762 	1766
f 765 	775 	581
f 1384 	1321 	3065
f 669 	665 	3882
f 1385 	1384 	3065
f 750 	503 	742
f 740 	742 	509
f 1387 	1385 	3880
f 1764 	1763 	1771
f 1773 	1771 	1763
f 1763 	625 	1773
f 1776 	1773 	625
f 625 	635 	1776
f 1788 	1782 	621
f 2619 	1766 	1769
f 562 	579 	775
f 579 	581 	775
f 768 	765 	492
f 756 	768 	492
f 516 	2607 	512
f 3883 	3888 	3887
f 2620 	1767 	1765
f 2247 	1860 	1797
f 2626 	2619 	1769
f 787 	3952 	783
f 3886 	3412 	3465
f 669 	3889 	672
f 3888 	3511 	3887
f 3412 	3467 	3465
f 1860 	2247 	1857
f 2624 	1770 	1767
f 1797 	1849 	1799
f 2620 	2624 	1767
f 807 	829 	3883
f 1846 	1764 	1804
f 1804 	1799 	1846
f 793 	3113 	787
f 1526 	2626 	1769
f 1770 	2629 	1775
f 1808 	1804 	1764
f 815 	3106 	809
f 1770 	2624 	2629
f 3893 	3752 	3892
f 2626 	1526 	2411
f 3752 	3753 	3892
f 3817 	3873 	3885
f 1578 	2259 	1830
f 3890 	669 	3882
f 3881 	3817 	3885
f 1775 	2627 	1774
f 1068 	1619 	3730
f 1071 	1619 	1068
f 1780 	2633 	1779
f 1844 	1813 	1764
f 1813 	1808 	1764
f 1844 	1841 	1813
f 1819 	1813 	1841
f 1841 	1836 	1819
f 2637 	2633 	1780
f 1102 	1261 	1094
f 1107 	1194 	1102
f 2638 	1706 	1783
f 1174 	1228 	1107
f 3890 	3889 	669
f 2640 	1783 	1785
f 2640 	1785 	1790
f 1183 	3809 	1176
f 3885 	3905 	3887
f 2642 	2640 	1790
f 3895 	3884 	3934
f 1846 	1799 	1849
f 3905 	811 	3887
f 1849 	1797 	1860
f 1094 	1253 	1084
f 3883 	3887 	807
f 2642 	1790 	1793
f 1794 	2643 	1793
f 807 	3887 	811
f 3813 	1176 	3811
f 1176 	1228 	1174
f 3814 	1176 	3813
f 3805 	3661 	3801
f 3654 	3809 	1183
f 3956 	3891 	3897
f 1774 	2627 	1794
f 1857 	2479 	1864
f 3412 	2898 	2874
f 1864 	2473 	1872
f 3901 	3459 	3357
f 3875 	3917 	3873
f 610 	614 	3846
f 3459 	3901 	3460
f 3902 	3752 	3893
f 3902 	3755 	3752
f 3917 	2856 	2840
f 2651 	2650 	1798
f 1030 	1033 	3230
f 4010 	4009 	1870
f 1877 	1870 	4009
f 2651 	1798 	1800
f 3903 	3755 	3902
f 1220 	3836 	1207
f 3857 	1207 	3838
f 3899 	3900 	818
f 1224 	1176 	3814
f 3901 	3884 	3460
f 3899 	818 	814
f 2655 	1802 	1806
f 1401 	1399 	3891
f 3782 	3781 	3904
f 2653 	2651 	1800
f 2653 	1800 	1802
f 1857 	2247 	2498
f 3814 	3834 	1224
f 3906 	3782 	3904
f 2655 	2653 	1802
f 1401 	3894 	1411
f 3905 	3885 	3907
f 1228 	1176 	1224
f 2656 	2655 	1806
f 3947 	3782 	3906
f 1827 	1819 	1836
f 3907 	3885 	3873
f 2656 	1806 	1810
f 1836 	1830 	1827
f 2656 	1810 	1812
f 1194 	1107 	1238
f 3907 	3873 	3899
f 3909 	3784 	3672
f 2659 	2656 	1812
f 814 	811 	3905
f 1261 	1102 	1194
f 2259 	1827 	1830
f 2659 	1812 	1815
f 2261 	1572 	2267
f 1572 	2261 	1578
f 2259 	1578 	2261
f 2660 	2659 	1815
f 3753 	3784 	3892
f 3897 	3877 	3967
f 3908 	3884 	3901
f 1564 	2267 	1572
f 1253 	1094 	1261
f 2661 	2660 	1818
f 1270 	1084 	1253
f 1818 	2660 	1815
f 1614 	1079 	1272
f 3908 	3901 	3910
f 3911 	3912 	3793
f 2279 	1546 	1593
f 1558 	1546 	2279
f 2267 	1564 	2276
f 2276 	1568 	2279
f 1564 	1568 	2276
f 814 	3905 	3907
f 2664 	2661 	1818
f 2664 	1818 	1820
f 3793 	3912 	3913
f 1278 	1614 	1272
f 1238 	1107 	1228
f 1398 	3877 	3897
f 3901 	3357 	3910
f 2665 	2664 	1820
f 2665 	1820 	1822
f 3897 	3891 	1398
f 814 	3907 	3899
f 1283 	1609 	1278
f 2665 	1822 	1823
f 819 	818 	3900
f 1285 	1606 	1283
f 1272 	1079 	1270
f 1823 	1825 	2667
f 1288 	1606 	1285
f 1401 	3891 	3894
f 1292 	1601 	1288
f 2665 	1823 	2667
f 3939 	3910 	3915
f 3900 	821 	819
f 1779 	2633 	2667
f 3882 	3929 	3890
f 3899 	3917 	3900
f 2231 	2279 	1593
f 1299 	1595 	1292
f 1779 	2667 	1825
f 3889 	3670 	672
f 1303 	1595 	1299
f 3899 	3873 	3917
f 2670 	2669 	1828
f 3877 	1398 	1395
f 2670 	1828 	1831
f 1593 	1591 	2231
f 3891 	1399 	1398
f 3900 	3917 	821
f 2672 	2670 	1832
f 821 	3917 	2840
f 2670 	1831 	1832
f 3918 	3333 	3919
f 678 	821 	2840
f 1920 	1916 	1322
f 1591 	1587 	2289
f 2672 	1832 	1834
f 2674 	2672 	1834
f 1324 	1920 	1322
f 2296 	2289 	1587
f 3670 	622 	672
f 1587 	1582 	2296
f 3402 	3964 	3919
f 1834 	399 	54
f 3919 	3333 	3402
f 827 	794 	3769
f 1834 	2675 	2674
f 2294 	2296 	1582
f 827 	3769 	828
f 1582 	4332 	2294
f 3895 	3936 	3927
f 3883 	829 	828
f 2675 	1834 	54
f 2313 	4355 	2322
f 2677 	2676 	1838
f 2039 	2038 	840
f 2039 	840 	838
f 2037 	2036 	837
f 2037 	837 	836
f 2677 	1838 	1837
f 842 	841 	2041
f 842 	2041 	2040
f 2681 	2677 	1837
f 2041 	841 	837
f 2041 	837 	2036
f 2681 	1837 	1840
f 3889 	3862 	3863
f 3936 	3924 	3922
f 4894 	2039 	838
f 2683 	2681 	1840
f 842 	2040 	2037
f 842 	2037 	836
f 3097 	2915 	2898
f 1840 	1842 	2684
f 1589 	1892 	1584
f 3863 	3670 	3889
f 2683 	1840 	2684
f 3922 	3097 	2898
f 2686 	2684 	1842
f 2346 	2344 	4363
f 2343 	2338 	4346
f 2898 	3412 	3896
f 2686 	1842 	1845
f 2687 	2686 	1845
f 3959 	849 	845
f 3799 	3916 	3926
f 3922 	3924 	3100
f 2637 	1780 	1847
f 982 	850 	3978
f 3889 	3890 	3862
f 1619 	1071 	1614
f 2691 	2637 	1847
f 2692 	1847 	1855
f 1627 	3730 	1619
f 1304 	1925 	1303
f 1313 	1315 	1916
f 1315 	1322 	1916
f 1916 	1925 	1313
f 2692 	2691 	1847
f 1633 	3727 	1627
f 1855 	1838 	2676
f 2521 	2516 	2552
f 2692 	1855 	2676
f 2484 	2552 	2516
f 1637 	3745 	1633
f 2898 	3896 	3927
f 3925 	1414 	3923
f 2898 	3927 	3922
f 2511 	2508 	2486
f 3882 	3921 	3929
f 3730 	1627 	3727
f 1079 	1614 	1071
f 1084 	1270 	1079
f 4436 	3743 	1637
f 3922 	3927 	3936
f 3896 	3886 	3927
f 919 	917 	3928
f 2498 	2496 	1857
f 2496 	2493 	1857
f 1870 	1872 	2477
f 2508 	2479 	1857
f 2473 	1864 	2479
f 2477 	1872 	2473
f 3097 	3922 	3100
f 3100 	3924 	3101
f 1660 	1664 	1646
f 592 	1646 	1664
f 919 	3938 	925
f 3104 	3101 	3934
f 1666 	592 	1664
f 1857 	2493 	2508
f 1667 	588 	1666
f 1414 	3925 	1417
f 2493 	2491 	2508
f 2491 	2486 	2508
f 3928 	4607 	3935
f 1669 	584 	1667
f 1660 	1646 	1655
f 2486 	2484 	2511
f 2516 	2511 	2484
f 1420 	1417 	3925
f 3101 	3924 	3936
f 3925 	3920 	1420
f 919 	3928 	3935
f 1688 	1646 	1684
f 1649 	1684 	1646
f 1200 	614 	1669
f 3895 	3934 	3936
f 3101 	3936 	3934
f 555 	1828 	2669
f 555 	559 	1828
f 3934 	3108 	3104
f 3935 	3938 	919
f 4363 	2505 	2346
f 3937 	644 	3933
f 1681 	1848 	1675
f 3923 	251 	250
f 931 	925 	3930
f 2531 	2528 	2543
f 2543 	2537 	2531
f 2687 	1845 	2717
f 3951 	251 	3923
f 3923 	3894 	3951
f 3923 	1411 	3894
f 3939 	3940 	3944
f 2552 	2548 	2521
f 2523 	2521 	2548
f 2548 	2545 	2523
f 2528 	2523 	2545
f 2545 	2543 	2528
f 2505 	2531 	2537
f 250 	253 	3923
f 3812 	3941 	3804
f 1709 	1646 	1694
f 1693 	1707 	1694
f 3935 	4035 	3938
f 3111 	3108 	3940
f 3802 	3926 	3942
f 925 	3938 	3930
f 3934 	3884 	3908
f 1704 	1693 	1700
f 3108 	3934 	3908
f 931 	3930 	3931
f 1907 	2727 	2724
f 3108 	3943 	3944
f 1707 	1693 	1704
f 1709 	1694 	1707
f 3812 	3948 	3945
f 2727 	1907 	1908
f 939 	931 	3931
f 2777 	2560 	2790
f 1413 	1411 	3923
f 3941 	3812 	3945
f 3908 	3910 	3943
f 939 	3931 	3946
f 1414 	1413 	3923
f 3908 	3943 	3108
f 1688 	1694 	1646
f 1655 	1646 	1709
f 3944 	3943 	3939
f 3812 	3821 	3948
f 1848 	1681 	1851
f 3910 	3939 	3943
f 3946 	934 	943
f 1871 	1867 	2797
f 1684 	1851 	1681
f 3947 	3948 	3821
f 3108 	3944 	3940
f 1649 	1851 	1684
f 2806 	2797 	1867
f 3815 	3947 	3821
f 1856 	1900 	1853
f 1853 	1675 	1848
f 1867 	1923 	2806
f 939 	3946 	943
f 3118 	3111 	3940
f 1917 	1913 	2815
f 2815 	2812 	1917
f 3122 	3118 	3939
f 955 	936 	3953
f 1868 	3960 	1865
f 2819 	1911 	537
f 537 	534 	2819
f 1908 	537 	1911
f 3939 	3915 	3918
f 3113 	3230 	3952
f 936 	4085 	4096
f 3918 	3964 	3939
f 3960 	2366 	1862
f 1865 	3960 	1862
f 3918 	3919 	3964
f 3956 	260 	3951
f 3940 	3939 	3118
f 1879 	3957 	1878
f 534 	531 	2819
f 3120 	3964 	3858
f 3121 	3120 	3858
f 3956 	3951 	3894
f 2826 	2819 	531
f 783 	3954 	1879
f 1874 	3949 	1868
f 3965 	3966 	3960
f 3121 	3858 	3861
f 2772 	2826 	529
f 531 	529 	2826
f 260 	3956 	264
f 3124 	3122 	3939
f 529 	520 	2772
f 520 	515 	2832
f 3956 	3894 	3891
f 959 	3953 	3955
f 264 	3956 	267
f 3939 	3964 	3124
f 959 	955 	3953
f 1675 	1853 	1900
f 2855 	940 	2853
f 3955 	963 	959
f 3124 	3964 	3120
f 1910 	1700 	1693
f 3897 	3967 	3956
f 3076 	3121 	3861
f 1304 	1313 	1925
f 2801 	3565 	3267
f 3130 	3129 	3992
f 1925 	1595 	1303
f 1324 	1700 	1912
f 1910 	1912 	1700
f 3967 	3877 	242
f 1609 	1283 	1606
f 2873 	2867 	3384
f 1892 	1589 	1893
f 1893 	1595 	1925
f 1614 	1278 	1609
f 1324 	1912 	1920
f 3031 	3027 	3035
f 3961 	3959 	845
f 3972 	3920 	291
f 973 	963 	3961
f 845 	973 	3961
f 1930 	1584 	1892
f 1898 	2719 	1896
f 2717 	1896 	2719
f 2721 	2719 	1898
f 1986 	4457 	1937
f 291 	3920 	3971
f 1898 	1901 	2721
f 3009 	3005 	2573
f 2576 	2573 	3005
f 1937 	4458 	1930
f 1901 	2724 	2721
f 3971 	3920 	3925
f 3567 	3352 	2807
f 2000 	4479 	1997
f 1993 	4457 	1986
f 3971 	3925 	3923
f 1606 	1288 	1601
f 1601 	1292 	1595
f 3009 	2573 	3000
f 3013 	3009 	3000
f 3003 	3015 	2996
f 3015 	3013 	2996
f 3000 	2996 	3013
f 2571 	2570 	3000
f 3923 	253 	3971
f 2081 	4476 	2000
f 3949 	3950 	4009
f 3949 	4009 	4010
f 3384 	3382 	2873
f 4479 	4454 	1997
f 3949 	4010 	4011
f 2724 	1904 	1907
f 4011 	3958 	3949
f 1595 	1893 	1589
f 1997 	4456 	1993
f 4477 	4464 	2091
f 2086 	4473 	2081
f 2730 	2727 	1908
f 3971 	253 	255
f 2865 	3386 	2867
f 2102 	4477 	2096
f 2730 	1908 	1911
f 3022 	2873 	3382
f 260 	251 	3951
f 2106 	4477 	2102
f 3980 	3130 	3992
f 2096 	4477 	2091
f 1911 	2734 	2730
f 2392 	2372 	2109
f 2109 	4486 	2106
f 2996 	3031 	3003
f 3957 	4009 	3950
f 850 	849 	3977
f 3977 	3978 	850
f 3956 	262 	267
f 2354 	3960 	2351
f 262 	3956 	3967
f 3035 	3003 	3031
f 2356 	2365 	3960
f 3967 	242 	262
f 3962 	3958 	4016
f 2376 	2365 	2356
f 3040 	3035 	3027
f 2742 	2737 	1919
f 3983 	3985 	3135
f 849 	3959 	3984
f 3027 	3020 	3040
f 3044 	3040 	3020
f 3048 	3044 	3020
f 3378 	3377 	3048
f 3977 	849 	3984
f 2737 	1917 	1919
f 3965 	3963 	4019
f 2366 	3960 	2365
f 3984 	3979 	3977
f 2743 	2742 	1919
f 2859 	2853 	938
f 2370 	1862 	2366
f 3965 	4020 	3966
f 4048 	3983 	3135
f 938 	2853 	940
f 1923 	2744 	2743
f 1862 	2370 	1856
f 1900 	1856 	2370
f 2354 	2356 	3960
f 938 	1052 	2859
f 2744 	1923 	2699
f 3137 	3135 	3985
f 3177 	2859 	1052
f 3139 	3137 	3985
f 1046 	3219 	3177
f 3978 	984 	982
f 649 	3937 	3989
f 2699 	1923 	1867
f 1867 	1871 	2699
f 989 	984 	3991
f 2379 	2365 	2376
f 3985 	3129 	3139
f 2381 	2362 	2379
f 3217 	3177 	3219
f 3187 	3186 	3207
f 3184 	3181 	3211
f 3210 	3211 	3181
f 3217 	3210 	3177
f 3181 	3177 	3210
f 2383 	2399 	2381
f 1871 	1875 	2705
f 2703 	2699 	1871
f 2385 	2398 	2383
f 3937 	649 	644
f 2705 	2703 	1871
f 2365 	2379 	2362
f 3985 	3992 	3129
f 1875 	1880 	2706
f 2388 	2395 	2385
f 2705 	1875 	2706
f 2372 	2392 	2388
f 2706 	1880 	1882
f 3141 	3130 	3980
f 1882 	1886 	2648
f 2709 	2706 	1882
f 2395 	2388 	2392
f 2398 	2399 	2383
f 1439 	1438 	3988
f 2711 	2709 	1882
f 3988 	3987 	1439
f 2648 	2711 	1882
f 3980 	2793 	2792
f 649 	3989 	651
f 1886 	1798 	2650
f 989 	3991 	991
f 2648 	1886 	2650
f 2362 	2381 	2399
f 2395 	2398 	2385
f 3197 	2865 	3200
f 2865 	3187 	3200
f 3980 	5274 	2793
f 2717 	1845 	1896
f 3197 	3404 	2865
f 3207 	3200 	3187
f 3995 	3999 	3980
f 3980 	2792 	3141
f 2563 	3149 	2558
f 3211 	3207 	3186
f 3186 	3184 	3211
f 3990 	3988 	1438
f 2568 	3148 	2563
f 3127 	3146 	2568
f 1904 	2724 	1901
f 3219 	1043 	3224
f 1022 	4012 	1033
f 3992 	3985 	3994
f 3114 	3136 	3112
f 3989 	3878 	651
f 3995 	3980 	3992
f 3994 	3995 	3992
f 4056 	4096 	4085
f 3694 	3624 	3747
f 2593 	532 	2586
f 3112 	3138 	3110
f 2596 	535 	2593
f 2555 	526 	2596
f 3374 	3370 	3986
f 3490 	3480 	3994
f 1911 	1913 	2734
f 3047 	3048 	3986
f 3377 	3374 	3986
f 3987 	1442 	1439
f 3986 	3048 	3377
f 548 	2727 	542
f 1913 	1917 	2737
f 3878 	3989 	3996
f 3378 	3048 	3020
f 3380 	3378 	3020
f 2737 	2734 	1913
f 2610 	523 	2555
f 3020 	3022 	3380
f 2607 	516 	2610
f 3382 	3380 	3022
f 3993 	3920 	3972
f 2615 	512 	2607
f 3391 	3404 	3193
f 526 	2555 	523
f 3996 	3989 	4000
f 2743 	1919 	1923
f 532 	2593 	535
f 4000 	3989 	4052
f 2621 	715 	2615
f 1429 	1420 	3920
f 3989 	3937 	4052
f 3392 	3394 	3191
f 2631 	705 	2625
f 1429 	3920 	3993
f 1432 	1429 	3993
f 3384 	2867 	3386
f 3403 	3386 	2865
f 3478 	3477 	3995
f 2625 	708 	2621
f 1435 	1432 	3993
f 3478 	3995 	3994
f 1928 	2749 	1926
f 1435 	3993 	3990
f 3994 	3480 	3478
f 2750 	2749 	1928
f 2635 	815 	2631
f 3990 	1438 	1435
f 2059 	2057 	3998
f 2753 	2750 	1928
f 4002 	3998 	2057
f 2753 	1928 	1931
f 2059 	3998 	2061
f 3394 	3391 	3193
f 3197 	3193 	3404
f 3403 	2865 	3404
f 3193 	3191 	3394
f 3191 	4071 	3392
f 2754 	2753 	1931
f 2647 	3282 	2644
f 3282 	3276 	2644
f 3999 	476 	53
f 1931 	1934 	2756
f 3968 	3966 	4020
f 3999 	3485 	476
f 2754 	1931 	2756
f 3486 	3485 	3999
f 2758 	2756 	1934
f 2901 	3269 	2647
f 4020 	4021 	3968
f 2758 	1934 	1941
f 3652 	3650 	3663
f 3486 	3999 	3995
f 3477 	3486 	3995
f 2897 	2888 	2877
f 2061 	3998 	3997
f 2897 	2881 	2895
f 2764 	2758 	1941
f 3154 	3156 	2895
f 3955 	3953 	3997
f 2762 	2763 	3600
f 2765 	2762 	3597
f 3601 	2763 	3604
f 2760 	2761 	1944
f 2892 	3158 	2890
f 2895 	2881 	3154
f 2760 	1944 	1939
f 3159 	3428 	3158
f 3997 	4001 	2065
f 3607 	3604 	2708
f 3607 	2708 	2720
f 2766 	2764 	1951
f 1951 	2764 	1941
f 2888 	2917 	2912
f 3615 	3613 	2581
f 3970 	4024 	3973
f 1944 	2761 	1949
f 2768 	1949 	2761
f 1958 	2766 	1951
f 3615 	2581 	3005
f 2576 	3005 	2581
f 3613 	2731 	2712
f 2713 	2712 	2731
f 2712 	2581 	3613
f 2917 	2920 	2912
f 2883 	3152 	2881
f 2881 	2897 	2877
f 2558 	3151 	2883
f 3152 	2883 	3151
f 2066 	4001 	4056
f 2773 	2766 	1958
f 3622 	3047 	3986
f 3260 	3264 	2904
f 1953 	2768 	2771
f 4002 	4121 	3979
f 2908 	2919 	2904
f 3975 	3974 	4027
f 4026 	4027 	3974
f 2768 	1953 	1949
f 1449 	1442 	4008
f 1958 	2348 	2773
f 2879 	2877 	2888
f 4028 	3976 	4027
f 3975 	4027 	3976
f 3624 	3622 	3986
f 1451 	1449 	4008
f 2775 	2778 	1959
f 2908 	2912 	2920
f 3986 	3371 	3624
f 4007 	1451 	4008
f 1959 	1953 	2771
f 1959 	2771 	2775
f 2920 	2919 	2908
f 2778 	2829 	1962
f 2919 	2927 	2904
f 2778 	1962 	1959
f 3629 	3735 	3893
f 281 	276 	4007
f 3952 	3230 	4012
f 4006 	3983 	4041
f 3633 	3635 	3893
f 3635 	3629 	3893
f 2130 	2791 	2788
f 4012 	4013 	3952
f 3633 	3893 	3640
f 4002 	3959 	4092
f 2130 	1969 	2791
f 3952 	4013 	3954
f 3954 	4013 	4014
f 3954 	4014 	3957
f 3892 	3909 	3639
f 3640 	3893 	3639
f 1971 	2791 	1969
f 4004 	1426 	1459
f 3957 	4014 	4009
f 3648 	3643 	3672
f 1971 	2796 	2791
f 3958 	4011 	4016
f 2796 	1971 	1972
f 2912 	2879 	2888
f 2927 	2933 	3258
f 2927 	3258 	3260
f 3260 	2904 	2927
f 2641 	2644 	3276
f 3985 	3983 	4015
f 3650 	3648 	3667
f 3667 	3663 	3650
f 2799 	1972 	1975
f 3997 	2065 	2061
f 3962 	4016 	4018
f 3094 	3098 	3058
f 4015 	3983 	4006
f 3963 	3962 	4018
f 2799 	2796 	1972
f 3052 	3102 	2635
f 2799 	1975 	1979
f 4019 	3963 	4018
f 3058 	3060 	3094
f 2802 	2799 	1979
f 4020 	3965 	4019
f 1979 	2804 	2802
f 3092 	3094 	3060
f 705 	2631 	815
f 3493 	4015 	4006
f 1979 	1990 	2804
f 3497 	3493 	4006
f 3063 	3089 	3060
f 2805 	2804 	1992
f 3499 	3497 	4006
f 3668 	3677 	3656
f 1992 	2804 	1990
f 4006 	4005 	3501
f 3499 	4006 	3501
f 3092 	3060 	3089
f 3309 	3313 	2641
f 2805 	1992 	1995
f 4002 	3984 	3959
f 1426 	4004 	3982
f 2811 	2805 	1995
f 3659 	3656 	3677
f 4022 	3968 	4021
f 2811 	1995 	1996
f 4022 	3969 	3968
f 2818 	2811 	1996
f 3684 	3593 	3688
f 3688 	3593 	3659
f 3677 	3688 	3659
f 2818 	1996 	2001
f 3969 	4022 	3970
f 2822 	2818 	2001
f 2822 	2001 	2004
f 4022 	4023 	3970
f 4015 	3994 	3985
f 2827 	2822 	2004
f 2827 	2004 	2006
f 4024 	3970 	4023
f 2829 	2827 	2006
f 2829 	2006 	2009
f 1442 	3987 	4008
f 3054 	3058 	3098
f 3663 	3659 	3593
f 2829 	2009 	1962
f 4025 	3973 	4024
f 3052 	3054 	3098
f 3595 	3593 	3681
f 2765 	3595 	3681
f 4007 	1453 	1451
f 2057 	2053 	4002
f 3973 	4025 	3974
f 3974 	4025 	4026
f 3597 	3595 	2765
f 3590 	3652 	3663
f 3672 	3667 	3648
f 3593 	3590 	3663
f 3684 	3681 	3593
f 3600 	3597 	2762
f 3994 	4015 	3490
f 1453 	4007 	4017
f 3098 	3102 	3052
f 3492 	3490 	4015
f 4017 	1459 	1453
f 3493 	3492 	4015
f 4017 	4004 	1459
f 3370 	3371 	3986
f 815 	2635 	3106
f 4083 	3976 	4028
f 3371 	3747 	3624
f 4029 	3296 	3395
f 3113 	801 	3109
f 3102 	3106 	2635
f 809 	3109 	801
f 3502 	3501 	4005
f 2066 	2065 	4001
f 4005 	3506 	3502
f 3109 	809 	3106
f 801 	3113 	793
f 2033 	2845 	2843
f 4140 	4139 	4136
f 3715 	3713 	4166
f 2749 	2845 	1926
f 3252 	3258 	2933
f 3696 	3700 	3748
f 3665 	4082 	4062
f 3145 	3144 	4043
f 4166 	4165 	3715
f 4163 	4162 	3725
f 2933 	3434 	3252
f 4082 	3665 	4037
f 3269 	2901 	3265
f 3243 	3252 	3434
f 3282 	2647 	3269
f 3733 	3893 	3735
f 3938 	4035 	4045
f 4033 	3144 	3147
f 3265 	2904 	3264
f 3150 	3145 	4041
f 3276 	3309 	2641
f 2052 	2854 	2851
f 4074 	4037 	4039
f 3063 	2641 	3083
f 2904 	3265 	2901
f 4043 	4006 	4041
f 3629 	3705 	3735
f 3705 	3702 	3735
f 3739 	3735 	3702
f 3702 	3699 	3739
f 3742 	3739 	3699
f 3747 	3744 	3694
f 3699 	3694 	3744
f 3744 	3742 	3699
f 3665 	1473 	4037
f 4043 	4041 	3145
f 3892 	3639 	3893
f 3733 	3902 	3893
f 3930 	4044 	3931
f 4107 	4043 	3144
f 3296 	4042 	3302
f 1473 	1471 	4037
f 4041 	4048 	3132
f 3903 	3733 	3904
f 4045 	3930 	3938
f 2861 	2444 	2068
f 3313 	3289 	3077
f 3643 	3639 	3909
f 3672 	3643 	3909
f 3983 	4048 	4041
f 4041 	3132 	3150
f 4048 	3135 	3134
f 134 	3941 	4160
f 3083 	2641 	3313
f 3089 	3063 	3083
f 3077 	3083 	3313
f 3073 	3077 	3289
f 3073 	3289 	3288
f 3300 	3321 	3288
f 3302 	4038 	3300
f 4048 	3134 	3132
f 4160 	4159 	134
f 138 	134 	4159
f 3941 	3945 	3911
f 3911 	4160 	3941
f 138 	308 	140
f 1471 	1467 	4039
f 4039 	4037 	1471
f 3912 	3911 	3945
f 4045 	4044 	3930
f 3421 	3323 	3418
f 3996 	4000 	4314
f 3414 	3679 	3411
f 2836 	2834 	2025
f 3945 	3948 	3912
f 3418 	3324 	3416
f 3948 	3947 	3913
f 2842 	2836 	2025
f 3416 	3324 	3414
f 3421 	3424 	3298
f 3266 	3298 	3424
f 3913 	3912 	3948
f 3947 	3906 	3914
f 3914 	3913 	3947
f 2025 	2028 	2842
f 4052 	3937 	3933
f 3926 	3904 	3733
f 2890 	3158 	3428
f 3428 	3159 	3279
f 4052 	4792 	4790
f 3434 	3437 	3243
f 3926 	3916 	3904
f 4044 	3946 	3931
f 4792 	4052 	3933
f 3237 	3243 	3437
f 3916 	3914 	3906
f 3906 	3904 	3916
f 3942 	3926 	3733
f 3903 	3902 	3733
f 3733 	3731 	3942
f 3440 	3237 	3437
f 4098 	4051 	4055
f 2077 	4045 	4035
f 4039 	1426 	3982
f 3542 	3519 	4051
f 4010 	1870 	4011
f 3230 	1033 	4012
f 4003 	3890 	3929
f 4013 	4012 	1022
f 4003 	3929 	3921
f 1022 	1885 	4013
f 1885 	1877 	4013
f 4097 	4004 	4017
f 4055 	4051 	3519
f 2850 	2047 	2851
f 3475 	3675 	3472
f 4009 	4014 	1877
f 4014 	4013 	1877
f 3519 	3516 	4055
f 2047 	2050 	2851
f 1870 	2477 	4011
f 4016 	4011 	2477
f 2851 	2050 	2052
f 4044 	4045 	2075
f 4018 	4016 	2477
f 4039 	1467 	1426
f 3482 	3675 	3475
f 3483 	3674 	3482
f 3472 	3784 	3466
f 2477 	4102 	4019
f 4019 	4018 	2477
f 4102 	4100 	4020
f 4020 	4019 	4102
f 4100 	4099 	4021
f 4021 	4020 	4100
f 2858 	2058 	2860
f 4026 	4025 	4063
f 4027 	4026 	4063
f 3660 	3676 	3655
f 4063 	4205 	4027
f 4085 	4044 	4056
f 4055 	3514 	4053
f 1036 	3653 	3669
f 3655 	3669 	3653
f 4062 	4201 	3819
f 4030 	4065 	4047
f 3669 	3655 	3676
f 3662 	3483 	3660
f 3674 	3483 	3662
f 3676 	3660 	3687
f 2831 	2862 	2014
f 3675 	3482 	3674
f 4004 	274 	4068
f 4067 	4066 	4072
f 2831 	2014 	2018
f 4068 	3982 	4004
f 4032 	4031 	4066
f 2834 	2831 	2018
f 3683 	3411 	3679
f 4069 	4067 	4072
f 4072 	4065 	4069
f 2834 	2018 	2023
f 3506 	4005 	4060
f 3679 	3414 	3324
f 4107 	4005 	4006
f 2025 	2834 	2023
f 4065 	4064 	4069
f 3395 	4070 	4064
f 4069 	4064 	4070
f 4071 	4070 	3395
f 3395 	3392 	4071
f 4072 	4073 	4065
f 2066 	4056 	2069
f 3687 	3660 	3483
f 3411 	3683 	3483
f 3689 	3687 	3483
f 3689 	3483 	3683
f 2843 	2842 	2030
f 335 	4201 	4075
f 3696 	3748 	3440
f 2030 	2842 	2028
f 4040 	4036 	4070
f 4054 	3508 	4060
f 2074 	2069 	4056
f 4073 	4072 	4076
f 2030 	2033 	2843
f 4077 	4076 	4072
f 2074 	4056 	4044
f 4054 	4053 	3508
f 4072 	4084 	4077
f 2034 	2845 	2033
f 4062 	4075 	4201
f 2075 	2074 	4044
f 3440 	3748 	3237
f 4077 	4084 	4078
f 4045 	2077 	2075
f 2034 	1926 	2845
f 4078 	4084 	4203
f 4042 	4040 	4070
f 4053 	3228 	3234
f 4080 	4079 	4200
f 2760 	2044 	2849
f 2083 	2077 	4035
f 4074 	336 	4075
f 2760 	1939 	2044
f 4200 	4151 	4080
f 3723 	4278 	3717
f 3321 	4071 	3191
f 2850 	2849 	2044
f 4062 	4082 	4075
f 3726 	4274 	3723
f 2850 	2044 	2047
f 4079 	4078 	4203
f 4075 	4082 	4074
f 4278 	4280 	3717
f 4060 	3507 	3506
f 4066 	4084 	4072
f 4083 	4205 	4084
f 4027 	4205 	4028
f 4123 	4122 	4063
f 4028 	4205 	4083
f 4037 	4074 	4082
f 3508 	3507 	4060
f 3729 	4274 	3726
f 4044 	4085 	3946
f 3512 	3508 	4053
f 2055 	2854 	2052
f 3514 	3512 	4053
f 4074 	4068 	336
f 2857 	2854 	2055
f 2055 	2058 	2857
f 4074 	4039 	4068
f 3997 	3998 	963
f 2858 	2857 	2058
f 3732 	4272 	3729
f 4068 	4039 	3982
f 3514 	4055 	3516
f 2860 	2058 	2063
f 3748 	3700 	3741
f 4050 	4049 	4078
f 2870 	2860 	2063
f 3741 	3700 	3738
f 934 	3946 	4085
f 4087 	4086 	4094
f 4095 	4094 	4086
f 4068 	348 	345
f 4088 	4087 	4094
f 2070 	2862 	2861
f 4092 	963 	3998
f 2861 	2068 	2070
f 3953 	936 	4096
f 3736 	3447 	3752
f 3706 	3738 	3700
f 3447 	3736 	3706
f 3455 	3752 	3447
f 3753 	3752 	3455
f 3753 	3455 	3466
f 2862 	2070 	2014
f 4085 	936 	934
f 4094 	4101 	4088
f 4055 	4053 	4098
f 274 	4004 	4097
f 2063 	2079 	2870
f 3782 	3732 	3781
f 4089 	4088 	4101
f 4059 	4058 	4080
f 4007 	276 	4097
f 2872 	2870 	2079
f 4101 	4103 	4089
f 4097 	4017 	4007
f 2872 	2079 	2084
f 3997 	3953 	4096
f 4103 	4063 	4089
f 4093 	4051 	3223
f 3815 	3799 	3782
f 3781 	3732 	3755
f 2875 	2872 	2084
f 3784 	3472 	3675
f 3228 	4053 	4054
f 4096 	4001 	3997
f 2880 	2875 	2095
f 4063 	4024 	4091
f 3755 	3732 	3752
f 3753 	3466 	3784
f 4091 	4089 	4063
f 2084 	2092 	2875
f 4096 	4056 	4001
f 2875 	2092 	2095
f 4083 	4061 	3976
f 4024 	4023 	4091
f 2880 	2095 	2099
f 4092 	3998 	4002
f 3793 	3812 	3790
f 4128 	4104 	294
f 2882 	2880 	2099
f 3955 	3997 	963
f 4128 	3988 	4104
f 2882 	2099 	2104
f 3795 	3821 	3793
f 4064 	4029 	3395
f 2104 	2107 	2885
f 4029 	4064 	4030
f 4105 	4063 	4103
f 4023 	4022 	4091
f 4022 	4021 	4091
f 4025 	4024 	4063
f 4099 	4091 	4021
f 963 	4092 	3961
f 2882 	2104 	2885
f 4030 	4064 	4065
f 2112 	2887 	2885
f 2112 	2885 	2107
f 3799 	3815 	3797
f 4006 	4043 	4107
f 3961 	4092 	3959
f 2887 	2112 	2116
f 156 	4266 	160
f 4002 	3979 	3984
f 2889 	2887 	2116
f 4106 	4511 	4222
f 4031 	4084 	4066
f 2891 	2889 	2120
f 4066 	4067 	4034
f 2120 	2889 	2116
f 3802 	3732 	3782
f 160 	4268 	3804
f 3790 	3804 	4268
f 4032 	4066 	4034
f 2891 	2120 	2122
f 4053 	3234 	4098
f 4067 	4036 	4034
f 2893 	2891 	2122
f 3797 	3815 	3795
f 2122 	2894 	2893
f 4107 	4033 	4060
f 4222 	4219 	4106
f 2122 	2125 	2894
f 4069 	4036 	4067
f 3804 	3790 	3812
f 4008 	4115 	279
f 4107 	4060 	4005
f 2894 	2125 	2128
f 4070 	4036 	4069
f 3821 	3795 	3815
f 3799 	3802 	3782
f 4108 	4106 	4219
f 3231 	4054 	4060
f 3979 	4113 	3977
f 4070 	4071 	4038
f 2128 	2130 	2896
f 2894 	2128 	2896
f 3812 	3793 	3821
f 4283 	4232 	4282
f 3736 	3752 	3732
f 3738 	3706 	3736
f 4008 	3987 	4115
f 4033 	4107 	3144
f 4038 	4042 	4070
f 2130 	2788 	2896
f 4113 	3978 	3977
f 4109 	4110 	286
f 4038 	4071 	3321
f 4104 	3972 	298
f 2062 	1264 	2899
f 2899 	1264 	2136
f 4073 	4076 	4046
f 3952 	787 	3113
f 2900 	2899 	2136
f 2900 	2136 	2137
f 4047 	4065 	4073
f 3954 	783 	3952
f 2903 	2900 	2137
f 4046 	4047 	4073
f 3957 	1879 	3954
f 2903 	2137 	2140
f 3993 	3972 	4104
f 4077 	4049 	4046
f 2905 	2903 	2140
f 3950 	3949 	1874
f 3958 	1868 	3949
f 1874 	1878 	3950
f 3950 	1878 	3957
f 4121 	4113 	3979
f 4077 	4046 	4076
f 2907 	2905 	2140
f 2907 	2140 	2142
f 4122 	4120 	4063
f 2909 	2907 	2142
f 4119 	3531 	3521
f 4078 	4049 	4077
f 2909 	2147 	2913
f 2142 	2146 	2909
f 4104 	3988 	3990
f 2909 	2146 	2147
f 4078 	4057 	4050
f 2914 	2913 	2147
f 4002 	2114 	4121
f 4123 	4063 	4124
f 4125 	4124 	4063
f 4078 	4079 	4057
f 3963 	3960 	3962
f 2914 	2147 	2149
f 4129 	4125 	4063
f 4129 	4063 	4105
f 2151 	2914 	2149
f 3987 	3988 	4128
f 4081 	4080 	4151
f 3962 	3960 	3958
f 3965 	3960 	3963
f 2151 	2916 	2914
f 4058 	4057 	4079
f 2151 	2067 	2916
f 294 	4110 	4128
f 4080 	4058 	4079
f 4131 	4081 	4151
f 1271 	2067 	2151
f 4059 	4080 	4081
f 3960 	1868 	3958
f 2161 	2923 	2922
f 4151 	4148 	4131
f 3970 	3973 	4169
f 2161 	2922 	2162
f 4115 	4128 	4109
f 4132 	4131 	4148
f 4220 	4059 	4081
f 4158 	4141 	3968
f 2923 	2161 	2163
f 4110 	4109 	4128
f 3973 	3974 	4218
f 2926 	2923 	2163
f 2100 	2098 	4130
f 4115 	3987 	4128
f 2928 	2926 	2163
f 2928 	2163 	2164
f 4130 	2098 	4154
f 4061 	4083 	4084
f 3975 	4213 	3974
f 4177 	4174 	4137
f 4061 	4084 	4031
f 3528 	3527 	4135
f 3976 	4211 	3975
f 4218 	4169 	3973
f 4214 	4218 	3974
f 1331 	1353 	4135
f 5052 	2168 	2932
f 294 	4104 	299
f 2934 	2932 	2168
f 2934 	2168 	2170
f 984 	3978 	4113
f 2170 	2936 	2934
f 4030 	4036 	4029
f 4104 	3990 	3993
f 2170 	2173 	2936
f 2936 	2173 	2175
f 2937 	2936 	2175
f 2937 	2175 	2178
f 4138 	4172 	4139
f 4149 	4136 	4139
f 4149 	4153 	4136
f 4153 	4170 	4136
f 299 	4104 	303
f 2922 	2178 	2162
f 4032 	4333 	4031
f 2938 	2937 	2178
f 2922 	2938 	2178
f 278 	4007 	4008
f 4126 	3526 	4127
f 4097 	276 	274
f 4170 	4168 	4136
f 4040 	4029 	4036
f 4134 	4133 	4140
f 3527 	4142 	4146
f 3296 	4029 	4040
f 4042 	3296 	4040
f 278 	4008 	279
f 4038 	3302 	4042
f 4034 	4047 	4032
f 2943 	2942 	2214
f 3073 	3288 	3321
f 3321 	3300 	4038
f 4068 	274 	348
f 3713 	4136 	4168
f 4165 	4163 	3720
f 4168 	4166 	3713
f 4144 	4140 	4133
f 4136 	4134 	4140
f 4148 	4144 	4132
f 4133 	4132 	4144
f 4203 	4084 	4205
f 4200 	4079 	4203
f 3523 	4127 	3526
f 3526 	4126 	4142
f 4047 	4034 	4030
f 3527 	3526 	4142
f 4007 	278 	281
f 3527 	4146 	4135
f 4046 	4032 	4047
f 4109 	286 	279
f 2221 	2948 	2947
f 3528 	4135 	1353
f 4159 	4157 	138
f 4036 	4030 	4034
f 279 	4115 	4109
f 2949 	2948 	2226
f 4050 	4333 	4049
f 4057 	4333 	4050
f 4049 	4032 	4046
f 4058 	4333 	4057
f 4333 	4032 	4049
f 4059 	4331 	4058
f 3972 	291 	289
f 4162 	3942 	3731
f 4221 	4164 	4167
f 3731 	3725 	4162
f 4110 	294 	293
f 3725 	3720 	4163
f 4110 	293 	286
f 4031 	4333 	4061
f 4061 	4209 	3976
f 4214 	3974 	4213
f 4334 	4061 	4333
f 4213 	3975 	4211
f 3720 	3715 	4165
f 3972 	289 	298
f 4143 	3960 	4141
f 2957 	2956 	2191
f 4149 	4139 	4172
f 3966 	3968 	4141
f 3960 	3966 	4141
f 4143 	2351 	3960
f 4221 	4167 	4171
f 303 	4104 	298
f 4174 	4172 	4138
f 255 	291 	3971
f 311 	956 	1489
f 4138 	4137 	4174
f 1489 	1269 	311
f 67 	311 	1269
f 2961 	2959 	2199
f 4608 	4593 	4606
f 4100 	4143 	4141
f 3816 	3819 	340
f 4155 	3969 	4152
f 4177 	4137 	4178
f 4178 	4197 	4179
f 340 	3819 	4201
f 4150 	4161 	4147
f 2967 	2966 	2243
f 3859 	321 	319
f 4180 	4179 	4194
f 4194 	4263 	4180
f 4181 	4180 	4263
f 3525 	323 	318
f 4152 	4176 	4150
f 2967 	2243 	2246
f 3525 	3833 	323
f 4156 	4147 	4161
f 4155 	4158 	3969
f 2969 	2967 	2246
f 323 	3833 	319
f 4263 	4261 	4181
f 4147 	4087 	4150
f 3969 	3970 	4173
f 319 	3833 	3856
f 4173 	4175 	3969
f 319 	3856 	3859
f 4175 	4152 	3969
f 4184 	4183 	4264
f 2105 	2100 	4130
f 4176 	4152 	4175
f 3968 	3969 	4158
f 4152 	4088 	4155
f 3535 	4167 	4164
f 4184 	4264 	4185
f 4130 	4113 	2105
f 4161 	4150 	4176
f 2108 	4113 	4121
f 2108 	2105 	4113
f 4187 	3860 	3816
f 2269 	2976 	2975
f 4188 	4186 	426
f 332 	328 	4187
f 4121 	2114 	2110
f 427 	426 	4186
f 4190 	372 	285
f 4187 	314 	332
f 4002 	2053 	2114
f 4196 	340 	314
f 4095 	4090 	4156
f 4119 	4654 	4171
f 3533 	3531 	4171
f 3535 	3533 	4171
f 3535 	4171 	4167
f 4192 	4352 	4191
f 3816 	4196 	4187
f 4158 	4091 	4099
f 4194 	4179 	4197
f 4197 	4178 	4137
f 4187 	4196 	314
f 3523 	4164 	4127
f 2283 	2984 	2983
f 4204 	4338 	4202
f 4717 	4641 	4358
f 4156 	4161 	4095
f 340 	4201 	341
f 4205 	4063 	4206
f 2239 	2966 	2952
f 2093 	2089 	4154
f 4119 	4171 	3531
f 4154 	2098 	2093
f 4120 	4118 	4206
f 4063 	4120 	4206
f 4117 	4116 	4208
f 4206 	4118 	4208
f 4196 	3816 	340
f 4105 	4173 	4169
f 2942 	2941 	2211
f 4173 	4103 	4101
f 3538 	3535 	4164
f 4175 	4173 	4101
f 2214 	2942 	2211
f 4117 	4208 	4118
f 4211 	3976 	4209
f 336 	4068 	345
f 4176 	4175 	4101
f 4164 	3523 	3538
f 336 	335 	4075
f 4193 	4208 	4116
f 4216 	4126 	4127
f 4116 	4114 	4193
f 4201 	335 	341
f 4210 	4193 	4114
f 4121 	2110 	2108
f 4169 	4173 	3970
f 4127 	4249 	4216
f 4145 	4086 	4147
f 1379 	1498 	354
f 4220 	4256 	4059
f 357 	354 	1498
f 357 	1498 	1500
f 4147 	4086 	4087
f 4114 	4112 	4212
f 4212 	4210 	4114
f 4256 	4331 	4059
f 227 	357 	1500
f 227 	1500 	1380
f 4215 	4212 	4112
f 4217 	4215 	4111
f 4088 	4150 	4087
f 4226 	4250 	4224
f 4111 	4108 	4217
f 4150 	4088 	4152
f 4233 	4245 	4228
f 4112 	4111 	4215
f 2948 	2221 	2226
f 4465 	361 	359
f 4219 	4217 	4108
f 4224 	4252 	4220
f 4225 	4231 	4384
f 4155 	4088 	4089
f 4280 	4282 	3711
f 4234 	4221 	4171
f 361 	4519 	4481
f 4089 	4091 	4155
f 4236 	4232 	4283
f 2949 	2237 	2951
f 3280 	4229 	4221
f 4227 	4510 	4583
f 4233 	4228 	4236
f 4256 	4220 	4252
f 4226 	4228 	4250
f 4232 	4236 	4228
f 3711 	3717 	4280
f 4278 	3723 	4274
f 4155 	4091 	4158
f 4231 	2127 	4235
f 4230 	4227 	4583
f 2951 	2239 	2952
f 2129 	2127 	4231
f 4243 	4288 	4241
f 4231 	2131 	2129
f 4225 	2131 	4231
f 4161 	4176 	4094
f 371 	369 	4237
f 4094 	4095 	4161
f 4237 	375 	371
f 4245 	4286 	4243
f 4158 	4100 	4141
f 4249 	4221 	4229
f 4252 	4224 	4250
f 4246 	4244 	4609
f 4595 	4609 	4244
f 4250 	4228 	4247
f 4609 	4605 	4248
f 4249 	4164 	4221
f 4154 	2089 	4225
f 4158 	4099 	4100
f 4127 	4164 	4249
f 4257 	4259 	4258
f 4094 	4176 	4101
f 4335 	4235 	2123
f 378 	375 	4258
f 4333 	4058 	4331
f 2127 	2123 	4235
f 4183 	4182 	4264
f 5115 	4258 	375
f 433 	4185 	4264
f 4143 	4100 	4102
f 4266 	156 	4262
f 4269 	1457 	4135
f 4262 	483 	368
f 379 	378 	4258
f 4269 	1390 	1457
f 379 	4258 	4259
f 4255 	4254 	4264
f 2133 	2131 	4225
f 3862 	4003 	3867
f 4225 	2089 	2133
f 3862 	3890 	4003
f 1562 	1390 	4789
f 382 	379 	4259
f 4186 	4185 	427
f 433 	427 	4185
f 4261 	4260 	4181
f 4182 	4181 	4260
f 4260 	4264 	4182
f 4255 	4264 	4260
f 4605 	4267 	4251
f 4267 	4265 	4253
f 4254 	4253 	4265
f 4264 	4254 	4265
f 4259 	4257 	382
f 4130 	1003 	3991
f 4274 	3729 	4272
f 4272 	3732 	3802
f 4257 	384 	382
f 4130 	3991 	4113
f 4269 	4135 	4146
f 3981 	1003 	4130
f 4126 	4216 	4142
f 4257 	5119 	384
f 4232 	3711 	4282
f 4275 	4737 	4279
f 4281 	4279 	4737
f 4304 	3981 	4225
f 4285 	4341 	4277
f 3981 	4130 	4154
f 4341 	4289 	4277
f 4154 	4225 	3981
f 4277 	4289 	4276
f 4290 	4241 	4288
f 4288 	4243 	4286
f 4286 	4245 	4233
f 2975 	2972 	2257
f 4292 	4241 	4290
f 4281 	4737 	4284
f 4289 	3996 	4314
f 4146 	4142 	4269
f 4113 	3991 	984
f 4289 	3921 	3898
f 4247 	4228 	4245
f 4289 	3898 	3996
f 4277 	4276 	4297
f 4285 	4277 	4297
f 4294 	4328 	4292
f 999 	2135 	2148
f 999 	2148 	1064
f 4296 	4326 	4294
f 4298 	4737 	4300
f 4052 	4790 	4303
f 1641 	3442 	4305
f 4301 	4307 	4394
f 1509 	4302 	1511
f 3441 	3439 	4305
f 1003 	3981 	1010
f 4297 	4276 	4306
f 1511 	4302 	4310
f 3981 	1017 	1010
f 4737 	4291 	4287
f 4287 	4284 	4737
f 4275 	4273 	4737
f 4273 	4270 	4737
f 4271 	4737 	4270
f 4309 	3439 	4271
f 4308 	3439 	4309
f 3991 	1003 	991
f 4276 	4289 	4314
f 495 	866 	4318
f 3551 	3549 	4295
f 4300 	4389 	4315
f 488 	495 	4318
f 4225 	1005 	4304
f 4276 	4314 	4306
f 376 	488 	346
f 4304 	1005 	1017
f 4304 	1017 	3981
f 1511 	4310 	1513
f 4575 	4299 	4319
f 4314 	4000 	4306
f 1007 	4382 	1026
f 4000 	4052 	4324
f 4315 	4390 	4320
f 4320 	4410 	4322
f 4225 	4384 	1005
f 4303 	4324 	4052
f 4410 	4407 	4322
f 2954 	2335 	2185
f 4407 	4406 	4322
f 4328 	4294 	4326
f 4241 	4292 	4328
f 4323 	4322 	4406
f 2185 	2186 	2954
f 2956 	2954 	2186
f 4306 	4000 	4324
f 4306 	4324 	4303
f 4406 	4401 	4323
f 2191 	2956 	2186
f 4231 	4235 	4384
f 2313 	2311 	4329
f 2957 	2191 	2194
f 4330 	4329 	2311
f 2311 	2304 	4330
f 4207 	4061 	4336
f 2959 	2957 	2194
f 4321 	4199 	4338
f 2194 	2199 	2959
f 4418 	4417 	4737
f 4414 	4413 	4737
f 4300 	4737 	4389
f 4293 	4737 	4298
f 4410 	4320 	4390
f 4413 	4389 	4737
f 4291 	4737 	4293
f 4338 	4204 	4336
f 4336 	4061 	4334
f 4209 	4061 	4207
f 3921 	4289 	4003
f 2202 	2961 	2199
f 4340 	4198 	4321
f 2963 	2961 	2202
f 4337 	1517 	1513
f 4003 	4289 	4341
f 4207 	4336 	4204
f 2202 	2205 	2963
f 2963 	2205 	2941
f 4379 	4376 	4455
f 4319 	3542 	4051
f 4376 	4375 	4455
f 3544 	3542 	4319
f 4345 	4198 	4340
f 3545 	3544 	4319
f 4344 	1513 	4310
f 2205 	2211 	2941
f 4395 	4455 	4375
f 3545 	4319 	4299
f 2141 	2138 	4335
f 4347 	4195 	4345
f 3547 	3545 	4299
f 3868 	4341 	4285
f 4375 	4372 	4395
f 4295 	3549 	3547
f 2123 	2141 	4335
f 3867 	4350 	3868
f 3867 	4003 	4350
f 4415 	4310 	4302
f 4350 	4003 	4341
f 3547 	4299 	4295
f 4350 	4341 	3868
f 2217 	2943 	2214
f 4641 	4191 	4354
f 4348 	2338 	4349
f 2338 	2333 	4349
f 2943 	2217 	2945
f 4351 	2322 	4353
f 4202 	4338 	4199
f 4354 	4358 	4641
f 2221 	2945 	2217
f 2313 	4329 	4355
f 4353 	2322 	4355
f 4357 	3559 	4359
f 2947 	2945 	2221
f 4360 	4717 	4358
f 4199 	4321 	4198
f 615 	3332 	4387
f 4352 	4192 	4347
f 4399 	4356 	4327
f 4329 	4327 	4356
f 4356 	4355 	4329
f 4369 	4366 	4343
f 4348 	4346 	2338
f 4351 	4349 	2333
f 2333 	2322 	4351
f 1513 	4344 	4337
f 615 	4387 	677
f 4362 	4712 	4361
f 677 	4387 	4392
f 4198 	4345 	4195
f 2537 	2346 	2505
f 4365 	4711 	4362
f 4367 	4708 	4365
f 4346 	4343 	2343
f 3560 	3559 	4357
f 2949 	2226 	2233
f 4357 	4119 	3562
f 3560 	4357 	3562
f 2949 	2233 	2237
f 4398 	4703 	4373
f 4368 	4705 	4367
f 2344 	2343 	4343
f 4363 	2344 	4366
f 4366 	2344 	4343
f 4469 	690 	688
f 2951 	2237 	2239
f 4343 	4342 	4369
f 4378 	4398 	4377
f 4370 	4369 	4342
f 4364 	4374 	4433
f 2966 	2244 	2243
f 4380 	4398 	4378
f 4372 	4370 	4339
f 640 	699 	3932
f 4235 	4402 	4384
f 4402 	4405 	4384
f 2252 	2969 	2246
f 4342 	4339 	4370
f 4339 	4395 	4372
f 2254 	2972 	2969
f 1005 	4384 	1007
f 4143 	4102 	2351
f 4386 	4398 	4381
f 2252 	2254 	2969
f 4173 	4105 	4103
f 4393 	4296 	4391
f 2972 	2254 	2257
f 2477 	2351 	4102
f 4386 	4388 	4394
f 4390 	4315 	4389
f 4384 	4405 	1007
f 4105 	4169 	4129
f 4396 	4386 	4394
f 2264 	2975 	2257
f 677 	4392 	4397
f 677 	4397 	682
f 2269 	2975 	2264
f 4191 	4106 	4108
f 4736 	4398 	4396
f 4386 	4396 	4398
f 4391 	4301 	4388
f 4326 	4296 	4393
f 4301 	4391 	4296
f 4307 	4311 	4394
f 880 	4394 	4311
f 4312 	880 	4311
f 4317 	4318 	871
f 4313 	876 	4312
f 2978 	2976 	2269
f 2978 	2269 	2274
f 4108 	4192 	4191
f 4408 	3463 	4404
f 4327 	4325 	4399
f 4401 	4399 	4325
f 4411 	3463 	4408
f 4192 	4108 	4111
f 2980 	3173 	2281
f 2983 	2980 	2281
f 4325 	4323 	4401
f 4198 	4195 	4114
f 3721 	3722 	3463
f 2281 	2283 	2983
f 4195 	4192 	4112
f 685 	682 	4409
f 4412 	4416 	3459
f 4402 	4335 	1041
f 4192 	4111 	4112
f 4335 	4402 	4235
f 2984 	2283 	2284
f 4195 	4112 	4114
f 682 	4397 	4409
f 4364 	1041 	4335
f 4114 	4116 	4199
f 4198 	4114 	4199
f 2991 	2984 	2284
f 4199 	4116 	4117
f 4405 	4382 	1007
f 4414 	4737 	4417
f 2305 	2991 	2284
f 4202 	4199 	4117
f 4382 	1032 	1026
f 4118 	4202 	4117
f 3459 	3460 	4412
f 4415 	4302 	4422
f 4204 	4202 	4118
f 2244 	2966 	2239
f 1040 	4402 	1041
f 4204 	4118 	4207
f 4424 	4894 	4421
f 4420 	4418 	4737
f 4207 	4118 	4120
f 4209 	4207 	4120
f 685 	4409 	4427
f 1041 	4364 	4433
f 4209 	4120 	4122
f 4211 	4209 	4122
f 4427 	686 	685
f 2987 	2293 	2298
f 4382 	1040 	1032
f 4211 	4122 	4123
f 1040 	4405 	4402
f 2988 	2987 	2298
f 4382 	4405 	1040
f 4214 	4123 	4124
f 2301 	2988 	2298
f 4213 	4211 	4123
f 4214 	4213 	4123
f 4214 	4124 	4125
f 4481 	4435 	393
f 4404 	3463 	4403
f 1054 	1041 	4433
f 4218 	4214 	4125
f 1057 	1054 	4433
f 2990 	2988 	2301
f 4433 	1048 	1057
f 4129 	4169 	4125
f 3722 	3737 	3463
f 4416 	4419 	3459
f 4894 	3459 	4419
f 4419 	4421 	4894
f 4424 	4426 	4894
f 4739 	4439 	4438
f 4125 	4169 	4218
f 4374 	1048 	4433
f 4739 	4689 	4439
f 4481 	393 	389
f 4439 	4689 	4440
f 4435 	395 	394
f 4443 	4529 	4442
f 2148 	2303 	1064
f 4427 	688 	686
f 2992 	2991 	2305
f 4441 	4538 	4444
f 4449 	4524 	4445
f 2992 	2305 	2308
f 2992 	2308 	2312
f 393 	4435 	394
f 4450 	4522 	4449
f 2993 	2992 	2312
f 4532 	4431 	4513
f 400 	395 	4452
f 2993 	2312 	2314
f 4454 	4483 	4450
f 4445 	4528 	4443
f 2314 	2315 	2995
f 4453 	4451 	4535
f 2993 	2314 	2995
f 4451 	4448 	4541
f 2995 	2315 	2316
f 2997 	2995 	2316
f 4455 	4453 	4379
f 4541 	4535 	4451
f 4543 	4541 	4448
f 2997 	2316 	2332
f 2999 	2997 	2332
f 4457 	1993 	4456
f 2999 	2332 	2335
f 4134 	4232 	4228
f 4456 	1997 	4454
f 4458 	1937 	4457
f 1584 	1930 	4458
f 4707 	4706 	4739
f 4704 	4699 	4739
f 4689 	4739 	4694
f 4446 	4543 	4448
f 4444 	4545 	4446
f 4438 	4434 	4739
f 4432 	4430 	4739
f 4430 	4428 	4739
f 4428 	4425 	4739
f 4425 	4423 	4739
f 4737 	4739 	4423
f 4423 	4420 	4737
f 2999 	2335 	2954
f 1072 	3928 	917
f 4734 	4753 	4452
f 2404 	2928 	2164
f 4894 	4426 	4429
f 4429 	4431 	4894
f 4442 	4513 	4431
f 4532 	4537 	4431
f 4894 	4431 	4537
f 4894 	4537 	4539
f 4539 	4542 	4894
f 4544 	4894 	4542
f 4546 	4894 	4544
f 2404 	3001 	2928
f 4427 	4409 	4534
f 1077 	4447 	1070
f 4236 	4153 	4233
f 4533 	4531 	4385
f 1077 	4640 	4463
f 4459 	4385 	4531
f 4535 	4533 	4383
f 4531 	4530 	4459
f 1077 	4463 	4447
f 4472 	2086 	4467
f 688 	4427 	4469
f 4530 	4527 	4460
f 4467 	2091 	4464
f 4471 	4475 	4090
f 690 	4469 	4474
f 4247 	4245 	4140
f 4095 	4086 	4090
f 4722 	4702 	4469
f 4514 	4435 	4481
f 4469 	4728 	4722
f 4250 	4247 	4140
f 4471 	4470 	4475
f 4469 	4534 	4728
f 4471 	4090 	4086
f 4478 	4475 	4470
f 697 	690 	4474
f 4468 	4466 	4482
f 4482 	4480 	4468
f 4480 	4478 	4468
f 4470 	4468 	4478
f 4522 	4450 	4483
f 4525 	4445 	4524
f 4528 	4445 	4525
f 4479 	2000 	4476
f 2091 	4467 	2086
f 4488 	4477 	4486
f 4514 	4400 	4435
f 4485 	4523 	4491
f 4359 	4490 	4555
f 4518 	4516 	4495
f 4490 	4359 	3555
f 4477 	2106 	4486
f 4491 	4521 	4492
f 4555 	4490 	4295
f 4492 	4520 	4493
f 4494 	4477 	4488
f 4497 	4477 	4494
f 2372 	4486 	2109
f 4498 	4477 	4497
f 4435 	4344 	4310
f 4520 	4518 	4493
f 4435 	4310 	4415
f 4495 	4493 	4518
f 4503 	4477 	4498
f 4516 	4566 	4624
f 4504 	4664 	4503
f 4624 	4496 	4516
f 4506 	4664 	4504
f 4496 	4495 	4516
f 4476 	2081 	4473
f 395 	4435 	4415
f 395 	4415 	4452
f 3029 	3028 	2430
f 3030 	3029 	2430
f 3551 	4295 	4490
f 4509 	4662 	4506
f 4477 	4503 	4664
f 4461 	4477 	4517
f 4664 	4515 	4477
f 4461 	4464 	4477
f 4473 	2086 	4472
f 4481 	389 	361
f 3555 	3551 	4490
f 4359 	3558 	3555
f 4469 	4427 	4534
f 4511 	4510 	4223
f 4223 	4222 	4511
f 3559 	3558 	4359
f 361 	4465 	4514
f 4474 	3932 	699
f 4500 	4447 	4489
f 4514 	4519 	361
f 4487 	2154 	4489
f 4517 	4477 	4515
f 3562 	4119 	3521
f 4474 	699 	697
f 4519 	4514 	4481
f 4474 	4626 	3932
f 4524 	4449 	4522
f 4479 	4483 	4454
f 4520 	4492 	4521
f 4626 	4474 	4702
f 4484 	4526 	4485
f 4529 	4443 	4528
f 4299 	4575 	4601
f 4523 	4485 	4526
f 4521 	4491 	4523
f 4500 	4489 	2153
f 4474 	4469 	4702
f 4051 	4093 	4319
f 4500 	2153 	2152
f 4512 	4442 	4529
f 4513 	4442 	4512
f 4435 	4337 	4344
f 4484 	4482 	4527
f 4527 	4526 	4484
f 4489 	2154 	2153
f 4357 	4359 	4615
f 4452 	4415 	4422
f 4482 	4466 	4527
f 4383 	4379 	4535
f 4466 	4462 	4527
f 4385 	4383 	4533
f 4460 	4459 	4530
f 4462 	4460 	4527
f 4500 	2152 	4501
f 4299 	4536 	4295
f 4536 	4299 	4601
f 1533 	1529 	4559
f 4538 	4545 	4444
f 4093 	4575 	4319
f 4543 	4446 	4545
f 4379 	4453 	4535
f 4441 	4440 	4540
f 4567 	1539 	1538
f 4359 	3242 	4615
f 2152 	2158 	4501
f 4302 	1509 	1539
f 4847 	4894 	4844
f 3017 	3016 	2414
f 4557 	4561 	4894
f 4561 	4838 	4894
f 4556 	4557 	4894
f 4550 	4633 	4552
f 4552 	4633 	4558
f 4555 	4295 	4536
f 1536 	1533 	4559
f 1098 	4661 	4554
f 4844 	4894 	4838
f 4630 	4558 	4633
f 4564 	4833 	4561
f 4630 	4616 	4560
f 4563 	4560 	4618
f 4560 	4558 	4630
f 4559 	4567 	1536
f 4565 	4833 	4564
f 4645 	4739 	4647
f 4642 	4726 	4645
f 4624 	4623 	4499
f 4499 	4496 	4624
f 4566 	4563 	4624
f 4618 	4624 	4563
f 4616 	4618 	4560
f 4569 	4677 	4568
f 4575 	4093 	4547
f 4578 	4664 	4576
f 4567 	1538 	1536
f 1100 	4554 	4573
f 4664 	4578 	4515
f 4709 	4573 	4554
f 4244 	4242 	4577
f 2428 	3028 	3025
f 4579 	4577 	4242
f 3028 	2428 	2430
f 4081 	4131 	4220
f 4551 	4553 	4894
f 4546 	4548 	4894
f 4568 	4668 	4565
f 4576 	4664 	4571
f 4553 	4556 	4894
f 4548 	4551 	4894
f 4849 	4894 	4847
f 4852 	4894 	4849
f 4131 	4132 	4224
f 4242 	4240 	4579
f 3246 	4724 	4536
f 2430 	2432 	3030
f 4220 	4131 	4224
f 4586 	4660 	4584
f 4580 	4579 	4240
f 4133 	4224 	4132
f 4590 	4657 	4586
f 3030 	2432 	3032
f 4240 	4239 	4580
f 4581 	4580 	4239
f 4224 	4133 	4226
f 4584 	4662 	4509
f 4134 	4228 	4226
f 4587 	4536 	4724
f 4134 	4226 	4133
f 4723 	4587 	4724
f 4562 	4573 	4589
f 4239 	4238 	4581
f 4582 	4581 	4238
f 4238 	4230 	4582
f 4583 	4582 	4230
f 4619 	4588 	4507
f 4588 	4585 	4508
f 4585 	4583 	4510
f 4223 	4510 	4227
f 4555 	4536 	4587
f 4136 	4232 	4134
f 4723 	4555 	4587
f 3253 	4746 	4547
f 4596 	4606 	4593
f 4593 	4611 	4592
f 4463 	4562 	4589
f 4536 	3249 	3248
f 4601 	3249 	4536
f 4589 	4487 	4489
f 4597 	4594 	4572
f 4599 	4604 	4596
f 4156 	4604 	4599
f 4599 	4145 	4156
f 4600 	4598 	4682
f 4682 	4681 	4600
f 3246 	4536 	3248
f 4606 	4596 	4604
f 4785 	3935 	4607
f 4147 	4156 	4145
f 4253 	4251 	4267
f 4409 	4397 	4603
f 4612 	4650 	4611
f 4603 	4387 	4610
f 4611 	4593 	4608
f 4603 	4397 	4392
f 1539 	4567 	4613
f 4574 	4572 	4594
f 4248 	4246 	4609
f 4251 	4248 	4605
f 4594 	4595 	4574
f 4244 	4577 	4595
f 4684 	4682 	4598
f 4574 	4595 	4577
f 4572 	4684 	4597
f 4602 	4600 	4681
f 4614 	4650 	4612
f 4603 	4392 	4387
f 4357 	3215 	4617
f 4592 	4611 	4650
f 4387 	3332 	4610
f 2448 	3046 	3045
f 1070 	4607 	1072
f 4625 	4648 	4620
f 4767 	4692 	4629
f 4591 	4592 	4650
f 4652 	4655 	4591
f 4660 	4586 	4657
f 3046 	2448 	3037
f 4607 	4500 	4501
f 4229 	3280 	3283
f 4501 	4785 	4607
f 4510 	4508 	4585
f 4567 	4559 	4643
f 3010 	2407 	2409
f 1070 	4447 	4500
f 3933 	3932 	4792
f 4508 	4507 	4588
f 3011 	3010 	2409
f 4607 	1070 	4500
f 4627 	4646 	4625
f 4620 	4650 	4614
f 4507 	4505 	4619
f 1072 	4607 	3928
f 2409 	2413 	3011
f 3713 	3711 	4136
f 3016 	3014 	2414
f 4589 	4447 	4463
f 4505 	4502 	4621
f 4621 	4619 	4505
f 4589 	4489 	4447
f 2413 	3014 	3011
f 4232 	4136 	3711
f 4628 	4644 	4627
f 4613 	4302 	1539
f 4622 	4617 	3155
f 2413 	2414 	3014
f 4631 	4760 	4629
f 4241 	4138 	4243
f 4613 	4422 	4302
f 4171 	4654 	4234
f 4632 	4758 	4631
f 4623 	4621 	4502
f 4241 	4137 	4138
f 3019 	3017 	2418
f 4139 	4243 	4138
f 4243 	4139 	4245
f 2414 	2417 	3017
f 4613 	4635 	4422
f 4245 	4139 	4140
f 4641 	4717 	4639
f 3017 	2417 	2418
f 4502 	4499 	4623
f 4635 	4613 	4567
f 2422 	3021 	2418
f 4352 	4354 	4191
f 4195 	4347 	4192
f 4140 	4144 	4250
f 4567 	4643 	4635
f 1100 	4573 	4562
f 4250 	4144 	4252
f 3019 	2418 	3021
f 4622 	4636 	4617
f 4633 	4550 	4638
f 4252 	4144 	4148
f 2423 	3021 	2422
f 4638 	4550 	4642
f 4252 	4151 	4256
f 4234 	4654 	4636
f 3021 	2423 	3024
f 4151 	4252 	4148
f 2426 	3024 	2423
f 4649 	4647 	4739
f 4640 	4562 	4463
f 4149 	4233 	4153
f 3024 	2426 	3025
f 4648 	4625 	4646
f 2426 	2428 	3025
f 4657 	4590 	4655
f 1076 	4640 	1077
f 4151 	4200 	4256
f 4739 	838 	4651
f 4680 	4554 	4661
f 4662 	4584 	4660
f 4658 	4656 	838
f 4653 	4651 	838
f 308 	4262 	368
f 2435 	3032 	2432
f 4663 	4659 	838
f 2435 	3034 	3032
f 4664 	4506 	4662
f 4591 	4655 	4590
f 4673 	4571 	4664
f 4675 	4570 	4673
f 4668 	4568 	4677
f 1085 	1083 	4661
f 1524 	4665 	1525
f 4666 	4663 	838
f 3034 	2435 	3045
f 3157 	3155 	4617
f 3037 	2437 	3038
f 2438 	3038 	2437
f 4119 	4679 	4654
f 3038 	2439 	3041
f 4665 	4671 	1525
f 4833 	4565 	4669
f 4665 	4718 	4714
f 4665 	4714 	4671
f 2438 	2439 	3038
f 838 	533 	4667
f 2441 	3043 	2439
f 4617 	3215 	3157
f 4677 	4569 	4675
f 4670 	4667 	533
f 4671 	1529 	1525
f 4679 	4119 	4357
f 3042 	3041 	2439
f 4670 	533 	4672
f 4636 	4679 	4617
f 3043 	3042 	2439
f 4272 	3802 	3942
f 4679 	4636 	4654
f 3099 	3043 	2441
f 4669 	4565 	4668
f 4274 	4272 	3942
f 4357 	4617 	4679
f 4678 	4676 	524
f 4676 	4674 	528
f 4685 	4777 	4683
f 1083 	4680 	4661
f 2435 	2447 	3045
f 1085 	4661 	1098
f 4598 	4597 	4684
f 4681 	4678 	4602
f 524 	4602 	4678
f 4674 	4672 	528
f 3045 	2447 	2448
f 1100 	1098 	4554
f 2448 	2437 	3037
f 1076 	1100 	4640
f 4686 	4776 	4685
f 3215 	4357 	4615
f 1100 	4562 	4640
f 4692 	4768 	4691
f 4540 	4440 	4688
f 4687 	4772 	4686
f 4671 	4559 	1529
f 4628 	4629 	4692
f 4538 	4441 	4540
f 4691 	4752 	4690
f 4688 	4440 	4689
f 4554 	4693 	4695
f 4644 	4628 	4692
f 4646 	4627 	4644
f 4652 	4591 	4650
f 4650 	4620 	4648
f 4634 	4757 	4632
f 4779 	4784 	4875
f 4777 	4685 	4776
f 4791 	2039 	4786
f 3221 	3253 	4547
f 4554 	4680 	4693
f 3221 	4547 	4093
f 3221 	4093 	3223
f 4694 	4739 	4696
f 4798 	4626 	4800
f 4699 	4696 	4739
f 3229 	3228 	4054
f 4671 	4701 	4697
f 4626 	4702 	4800
f 3223 	4051 	4098
f 4671 	4697 	4559
f 4098 	3232 	3223
f 4701 	4671 	4714
f 4704 	4739 	4706
f 4098 	3234 	3232
f 4715 	4361 	4712
f 4717 	4360 	4715
f 4710 	4739 	4713
f 4720 	4637 	4717
f 3147 	3231 	4033
f 4709 	4554 	4695
f 4054 	3231 	3229
f 4060 	4033 	3231
f 4361 	4715 	4360
f 4368 	4371 	4703
f 4371 	4373 	4703
f 4373 	4377 	4398
f 4716 	4739 	4719
f 3241 	3215 	4615
f 4739 	4645 	4719
f 3241 	4615 	3242
f 4359 	4723 	3244
f 4730 	4830 	4729
f 4775 	4731 	4603
f 4721 	4719 	4645
f 4721 	4645 	4726
f 4549 	4642 	4550
f 4726 	4642 	4549
f 4555 	4723 	4359
f 4732 	4722 	4728
f 4716 	4713 	4739
f 4707 	4739 	4710
f 4589 	4573 	4733
f 4359 	3244 	3242
f 4723 	4724 	3244
f 528 	4672 	533
f 4667 	4666 	838
f 4656 	4653 	838
f 4659 	4658 	838
f 4651 	4649 	4739
f 4573 	4709 	4733
f 1118 	4829 	4730
f 570 	566 	838
f 4434 	4432 	4739
f 43 	840 	4735
f 4737 	4738 	4735
f 4737 	4735 	4739
f 3244 	4724 	3246
f 4738 	31 	4735
f 43 	4735 	31
f 4534 	4409 	4810
f 4635 	4734 	4452
f 4741 	4398 	4740
f 4728 	4534 	4810
f 4698 	4700 	4725
f 4736 	4740 	4398
f 3095 	3093 	2494
f 4452 	4422 	4635
f 4745 	1249 	4743
f 4742 	1249 	4745
f 656 	4743 	72
f 3249 	4746 	3255
f 3249 	4601 	4746
f 4601 	4575 	4746
f 4810 	4409 	4603
f 3096 	3095 	2494
f 4751 	4759 	4868
f 4750 	4751 	4868
f 4452 	413 	400
f 4725 	4727 	4698
f 4831 	4698 	4727
f 4729 	4831 	4727
f 4744 	4725 	4700
f 4741 	4744 	4703
f 4700 	4703 	4744
f 4398 	4741 	4703
f 4705 	4368 	4703
f 4708 	4367 	4705
f 4711 	4365 	4708
f 4712 	4362 	4711
f 4380 	4381 	4398
f 2494 	3059 	3096
f 4749 	4755 	4750
f 4751 	4750 	4755
f 4452 	4753 	413
f 4746 	3253 	3263
f 4756 	3586 	4821
f 413 	4753 	4734
f 4834 	4755 	4748
f 4748 	4755 	4749
f 4755 	4836 	4837
f 4837 	4840 	4755
f 4854 	4855 	4755
f 4841 	4842 	4755
f 4575 	4547 	4746
f 4761 	4759 	4743
f 4755 	4743 	4759
f 4755 	4745 	4743
f 4778 	3586 	4756
f 4733 	4487 	4589
f 4758 	4632 	4757
f 3255 	4746 	3263
f 4757 	4634 	4720
f 4762 	4868 	4761
f 4759 	4761 	4868
f 4763 	4868 	4769
f 4764 	4868 	4763
f 4765 	4868 	4764
f 4760 	4631 	4758
f 2154 	4487 	4733
f 3270 	3267 	3565
f 3270 	3565 	3567
f 4734 	4635 	417
f 4768 	4692 	4767
f 2807 	3270 	3567
f 3061 	3059 	2460
f 3273 	3272 	4216
f 4767 	4629 	4760
f 4761 	4743 	4762
f 4734 	417 	413
f 3278 	3273 	4770
f 4762 	4769 	4868
f 4769 	4743 	4763
f 4754 	4690 	4752
f 4752 	4691 	4768
f 4637 	4720 	4634
f 4639 	4717 	4637
f 4762 	4743 	4769
f 4771 	4773 	4774
f 4778 	4610 	3586
f 4216 	4770 	3273
f 4635 	4643 	417
f 3283 	3278 	4770
f 4772 	4687 	4754
f 4743 	4747 	4763
f 4764 	4763 	4747
f 4229 	3283 	4770
f 4751 	4755 	4759
f 4778 	4775 	4603
f 4216 	4249 	4770
f 4770 	4249 	4229
f 3071 	3068 	2469
f 4776 	4686 	4772
f 4756 	4775 	4778
f 3281 	4622 	3290
f 4873 	4875 	4784
f 4221 	4234 	3281
f 3074 	3072 	2471
f 424 	422 	4771
f 4778 	4603 	4610
f 3281 	3280 	4221
f 4787 	4910 	4781
f 4780 	4788 	4910
f 3071 	2469 	3072
f 4636 	3281 	4234
f 4636 	4622 	3281
f 4643 	4559 	4771
f 2470 	2471 	3072
f 4782 	4910 	4787
f 4786 	2039 	4784
f 3155 	3290 	4622
f 4788 	4781 	4910
f 4775 	4756 	4826
f 3297 	1562 	4789
f 3075 	3074 	2471
f 422 	4643 	4771
f 417 	4643 	422
f 2039 	4873 	4784
f 3299 	3297 	4789
f 4782 	4747 	4783
f 4789 	3272 	3299
f 4787 	4747 	4782
f 4142 	4216 	3272
f 4792 	3932 	4626
f 4765 	4764 	4747
f 4766 	4765 	4747
f 1390 	4269 	4789
f 4771 	4774 	431
f 4789 	4269 	3272
f 4626 	4796 	4792
f 4797 	2039 	4795
f 4788 	4780 	4747
f 4781 	4788 	4747
f 4780 	4766 	4747
f 4626 	4798 	4796
f 4771 	4559 	4697
f 4142 	3272 	4269
f 3318 	32 	31
f 4787 	4781 	4747
f 3318 	3574 	32
f 4695 	2174 	2171
f 4697 	4701 	4773
f 3318 	3317 	3574
f 4794 	4795 	2039
f 2174 	4695 	4693
f 3317 	3316 	3575
f 3317 	3575 	3574
f 4790 	4792 	4796
f 3315 	3576 	3316
f 3576 	3575 	3316
f 3315 	3577 	3576
f 3315 	3314 	3578
f 3315 	3578 	3577
f 4722 	4800 	4702
f 3314 	3312 	3579
f 3314 	3579 	3578
f 4501 	2158 	4785
f 3312 	2787 	3579
f 4818 	4819 	4997
f 4817 	4818 	4997
f 4803 	4817 	4997
f 4807 	4997 	4806
f 4808 	4997 	4807
f 4812 	4997 	4811
f 4809 	4997 	4808
f 424 	4771 	431
f 4810 	4603 	4731
f 3308 	4738 	3571
f 4728 	4810 	4732
f 3311 	3308 	3571
f 3311 	3571 	3580
f 4814 	2040 	4813
f 4771 	4697 	4815
f 3582 	3328 	3327
f 4785 	4035 	3935
f 3090 	3088 	2483
f 4697 	4773 	4815
f 4804 	4805 	4997
f 4806 	4997 	4805
f 4804 	4997 	4819
f 3583 	3582 	3327
f 2165 	2154 	4733
f 4771 	4815 	4773
f 3583 	3327 	3331
f 4733 	4709 	2165
f 3585 	3583 	3331
f 4813 	2040 	4802
f 4806 	4805 	5037
f 5039 	5038 	4747
f 3585 	3331 	3588
f 4823 	4810 	4731
f 4695 	2171 	2167
f 4824 	1132 	4822
f 4816 	2040 	4814
f 5038 	5037 	4805
f 4805 	4804 	5038
f 3331 	3335 	3588
f 2167 	2165 	4709
f 3588 	3335 	3337
f 4823 	4731 	4826
f 2167 	4709 	4695
f 4822 	2040 	4820
f 4731 	4775 	4826
f 3592 	3588 	3337
f 4817 	4803 	4747
f 4747 	4803 	4783
f 3093 	3090 	2490
f 4804 	4819 	5038
f 4821 	4827 	4756
f 3592 	3337 	3340
f 4773 	4701 	4714
f 2177 	2174 	4693
f 2494 	3093 	2490
f 4756 	4827 	4826
f 4819 	4818 	5038
f 4830 	4730 	4829
f 4747 	5038 	4818
f 5037 	5036 	4806
f 4693 	2179 	2177
f 3594 	3592 	3340
f 4832 	4821 	3587
f 4773 	4714 	4718
f 1201 	4747 	1202
f 4817 	4747 	4818
f 661 	1211 	4747
f 4831 	4729 	4830
f 4828 	1118 	4825
f 4821 	3609 	3587
f 3010 	3049 	2451
f 4773 	4718 	4860
f 4749 	4750 	4868
f 4748 	4749 	4868
f 2083 	4785 	2181
f 2451 	2407 	3010
f 439 	438 	4839
f 3059 	2494 	2459
f 3596 	3349 	3351
f 440 	439 	4839
f 3059 	2459 	2460
f 3599 	3596 	3351
f 445 	440 	4843
f 3599 	3351 	3353
f 4785 	2083 	4035
f 4838 	4561 	4833
f 4843 	549 	445
f 2464 	3061 	2460
f 3602 	3599 	3353
f 4846 	4755 	4845
f 3602 	3353 	3354
f 4570 	4675 	4569
f 4785 	2158 	2181
f 3064 	3061 	2464
f 4836 	4755 	4846
f 2464 	2587 	3064
f 4834 	4845 	4755
f 4571 	4673 	4570
f 3605 	3602 	3354
f 3068 	3067 	2465
f 3068 	2465 	2467
f 3605 	3354 	3355
f 2469 	3068 	2467
f 3328 	3582 	3356
f 4774 	4773 	453
f 4301 	4296 	4181
f 3608 	3355 	3356
f 4774 	453 	431
f 3608 	3605 	3355
f 4301 	4181 	4182
f 4856 	4894 	4853
f 3582 	3608 	3356
f 2470 	3072 	2469
f 2039 	4894 	4857
f 440 	4839 	583
f 4854 	4755 	4840
f 4858 	2039 	4857
f 4927 	4755 	4842
f 4859 	2039 	4858
f 4850 	4927 	4842
f 3075 	2471 	2474
f 4860 	4839 	438
f 4861 	2039 	4859
f 4853 	4894 	4852
f 4718 	272 	4839
f 2476 	3075 	2474
f 2187 	2184 	4848
f 3080 	3075 	2476
f 3611 	4835 	4832
f 4856 	4857 	4894
f 460 	453 	4860
f 4855 	4841 	4755
f 4927 	4850 	4851
f 4927 	4851 	4871
f 4871 	4872 	4927
f 4835 	3611 	3401
f 3080 	2476 	3049
f 2190 	2189 	4848
f 4866 	4835 	3401
f 2476 	2451 	3049
f 4868 	4766 	4867
f 4865 	4867 	4766
f 4834 	4748 	4868
f 4864 	4865 	4766
f 4864 	4766 	4896
f 453 	4773 	4860
f 2187 	4848 	2189
f 4862 	2039 	4861
f 3396 	4866 	3388
f 3086 	2636 	2481
f 4860 	438 	460
f 3086 	2481 	3088
f 4866 	3401 	3388
f 1249 	4874 	712
f 3088 	2481 	2483
f 4860 	4718 	4839
f 4870 	4927 	4872
f 4874 	717 	712
f 4868 	4927 	4870
f 4867 	4927 	4868
f 4865 	4927 	4867
f 440 	583 	4843
f 4874 	718 	717
f 4864 	4927 	4865
f 718 	4876 	720
f 1552 	1551 	5099
f 4874 	4876 	718
f 4766 	4868 	4765
f 4869 	4873 	2039
f 4875 	4683 	4779
f 4777 	4779 	4683
f 4690 	4754 	4687
f 721 	720 	4878
f 4876 	4878 	720
f 4910 	4911 	4780
f 3090 	2483 	2488
f 4878 	4879 	723
f 4878 	723 	721
f 4879 	4880 	723
f 4783 	4909 	4782
f 4863 	2039 	4862
f 4880 	724 	723
f 1552 	5101 	1555
f 724 	4881 	725
f 3594 	3340 	3626
f 4880 	4881 	724
f 4313 	4312 	4186
f 726 	725 	4883
f 4881 	4883 	725
f 4793 	2039 	4791
f 4794 	2039 	4793
f 4863 	4869 	2039
f 4801 	2040 	4799
f 4802 	2040 	4801
f 4797 	4799 	2039
f 4820 	2040 	4816
f 2039 	4799 	2040
f 1556 	1555 	5101
f 726 	4886 	727
f 4883 	4886 	726
f 40 	4891 	2038
f 4887 	4888 	4780
f 4766 	4780 	4888
f 4889 	4766 	4888
f 4890 	4766 	4889
f 4896 	4766 	4890
f 4885 	4887 	4780
f 4891 	4892 	4893
f 4891 	4893 	4894
f 4886 	4895 	727
f 32 	3571 	4892
f 40 	32 	4891
f 4892 	4891 	32
f 4895 	4897 	728
f 4895 	728 	727
f 3284 	4894 	4893
f 4897 	4899 	729
f 4897 	729 	728
f 4923 	1569 	1517
f 2488 	2490 	3090
f 4877 	4882 	5069
f 4898 	4901 	712
f 4901 	4900 	712
f 1248 	712 	4900
f 945 	1248 	4900
f 4899 	4903 	729
f 4888 	4927 	4889
f 4902 	4900 	4901
f 4890 	4927 	4896
f 4889 	4927 	4890
f 4896 	4927 	4864
f 4901 	4905 	4902
f 4904 	733 	4903
f 4887 	4927 	4888
f 4906 	734 	4904
f 1569 	4935 	1573
f 4927 	4887 	4885
f 4884 	4927 	4885
f 733 	729 	4903
f 285 	346 	4318
f 734 	733 	4904
f 4952 	1575 	4935
f 4906 	735 	734
f 4963 	4964 	4783
f 4906 	4907 	736
f 4906 	736 	735
f 4908 	737 	4907
f 4905 	4958 	4902
f 5043 	71 	5044
f 5042 	5048 	71
f 5043 	5042 	71
f 737 	736 	4907
f 4908 	738 	737
f 4908 	2 	1
f 4908 	1 	738
f 4912 	4913 	4780
f 4911 	4912 	4780
f 4913 	4884 	4780
f 4884 	4885 	4780
f 4917 	4918 	4953
f 4922 	4917 	4953
f 4920 	4953 	4919
f 4916 	4922 	4953
f 4918 	4905 	4919
f 4917 	4905 	4918
f 4912 	5027 	4913
f 4927 	4884 	4913
f 4919 	4953 	4918
f 4159 	4268 	4266
f 4911 	5022 	4912
f 4922 	4905 	4917
f 4928 	4920 	4905
f 4905 	4922 	4916
f 4905 	4916 	4915
f 4956 	4902 	4957
f 3790 	4160 	3911
f 4910 	5022 	4911
f 4909 	5022 	4910
f 3942 	4162 	4274
f 4923 	1517 	4337
f 4930 	4953 	4929
f 4928 	4929 	4953
f 4931 	4953 	4930
f 4932 	4953 	4931
f 4933 	4953 	4932
f 4163 	4274 	4162
f 4932 	4905 	4933
f 4938 	4924 	4939
f 1569 	4923 	4935
f 4809 	4811 	4997
f 4274 	4163 	4278
f 4930 	4905 	4931
f 4934 	4933 	5018
f 4165 	4278 	4163
f 4783 	4803 	4997
f 4337 	4435 	4923
f 4400 	4935 	4923
f 4165 	4166 	4280
f 4940 	4997 	4812
f 4435 	4400 	4923
f 4929 	4905 	4930
f 4278 	4165 	4280
f 4919 	4905 	4920
f 4928 	4905 	4929
f 4166 	4282 	4280
f 4811 	4809 	5026
f 3119 	3115 	2526
f 4948 	5029 	4947
f 4947 	5030 	4946
f 4170 	4283 	4282
f 4951 	4938 	4939
f 5028 	5026 	4809
f 5036 	5028 	4807
f 4939 	4937 	4951
f 4947 	5018 	4948
f 4948 	5018 	4949
f 4283 	4170 	4236
f 3126 	3123 	2529
f 4809 	4808 	5028
f 4882 	4693 	4680
f 4934 	5018 	4945
f 4149 	4172 	4286
f 4286 	4233 	4149
f 4931 	4905 	4932
f 5018 	4933 	4905
f 4946 	4945 	5018
f 1573 	4935 	1575
f 4936 	4937 	5207
f 4961 	4783 	4960
f 4997 	4998 	4783
f 4956 	4957 	4955
f 4957 	4958 	4955
f 4966 	4959 	4955
f 4959 	4915 	4955
f 4970 	4955 	4915
f 4915 	4916 	4953
f 4953 	4954 	4915
f 4920 	4928 	4953
f 4961 	4962 	4783
f 4962 	4963 	4783
f 4910 	4782 	4909
f 4964 	4965 	4783
f 4909 	4783 	4965
f 4954 	4970 	4915
f 3127 	2568 	2790
f 4959 	4905 	4915
f 3128 	3127 	2539
f 4957 	4902 	4958
f 4966 	4905 	4959
f 2539 	3127 	2790
f 2179 	4693 	4882
f 4958 	4905 	4966
f 4968 	4967 	4969
f 5012 	5022 	4963
f 4965 	5022 	4909
f 2196 	2179 	4882
f 4882 	4877 	2198
f 4958 	4966 	4955
f 2196 	4882 	2198
f 4953 	4902 	4954
f 4877 	2200 	2198
f 4955 	4902 	4956
f 4970 	4902 	4955
f 4954 	4902 	4970
f 4968 	4969 	4971
f 4952 	4973 	1575
f 4978 	4934 	4977
f 4979 	4934 	4978
f 4980 	4934 	4979
f 4981 	4934 	4980
f 4953 	4934 	4981
f 4976 	4977 	4934
f 4945 	5030 	4934
f 4981 	4902 	4953
f 4974 	4985 	5056
f 4980 	4902 	4981
f 2509 	3107 	3105
f 4979 	4902 	4980
f 4978 	4902 	4979
f 4976 	1805 	4977
f 4977 	4902 	4978
f 4185 	4311 	4184
f 4988 	4984 	4986
f 4946 	5030 	4945
f 12 	13 	4989
f 4986 	4987 	4988
f 2512 	2517 	3112
f 4934 	4953 	4933
f 4995 	11 	4994
f 4996 	11 	4995
f 1575 	4973 	1576
f 4990 	4989 	5018
f 4949 	5018 	4950
f 4946 	5018 	4947
f 4961 	5012 	4962
f 4963 	4962 	5012
f 4963 	5022 	4964
f 4964 	5022 	4965
f 3110 	2512 	3112
f 4993 	11 	4992
f 4991 	4992 	11
f 4990 	4991 	11
f 4994 	11 	4993
f 4989 	4990 	11
f 4994 	5018 	4995
f 4996 	4995 	5018
f 5000 	4783 	4999
f 5001 	4783 	5000
f 4998 	4999 	4783
f 5002 	4783 	5001
f 4960 	4783 	5002
f 4993 	5018 	4994
f 4992 	5018 	4993
f 3114 	2520 	2522
f 4991 	5018 	4992
f 5001 	5012 	5002
f 5002 	5012 	4960
f 2213 	4974 	4972
f 3112 	2520 	3114
f 4961 	4960 	5012
f 4990 	5018 	4991
f 4950 	5018 	4989
f 3114 	2524 	3115
f 3114 	2522 	2524
f 5000 	5113 	5001
f 11 	12 	4989
f 5005 	11 	4996
f 5006 	11 	5005
f 5006 	5007 	11
f 5008 	11 	5007
f 5009 	11 	5008
f 5010 	11 	5009
f 4999 	5113 	5000
f 5009 	883 	5010
f 3618 	3616 	3362
f 4998 	5113 	4999
f 4997 	5113 	4998
f 5013 	5113 	5004
f 5008 	883 	5009
f 7 	5010 	883
f 5004 	5113 	4997
f 5011 	4975 	4987
f 4262 	308 	4157
f 4266 	4262 	4157
f 4996 	5018 	5005
f 5018 	883 	5006
f 5008 	5007 	883
f 5006 	5005 	5018
f 3362 	3619 	3618
f 5007 	5006 	883
f 5016 	5113 	5015
f 1 	790 	4898
f 4159 	4266 	4157
f 5017 	5113 	5014
f 4898 	770 	5018
f 5015 	5113 	5017
f 4268 	4159 	4160
f 5020 	5113 	5016
f 3790 	4268 	4160
f 1397 	3620 	800
f 3126 	2532 	2534
f 1406 	816 	3364
f 5026 	5025 	4811
f 5021 	1150 	5020
f 2206 	2200 	4877
f 5014 	5113 	5013
f 5012 	5001 	5113
f 5003 	1577 	1576
f 2206 	4877 	4985
f 2209 	2206 	4985
f 1576 	4973 	5003
f 4941 	275 	5021
f 4808 	4807 	5028
f 4807 	4806 	5036
f 4985 	4974 	2209
f 2212 	2209 	4974
f 13 	5072 	4989
f 5068 	5063 	4950
f 4974 	2213 	2212
f 4942 	4944 	5067
f 2216 	2213 	4972
f 5064 	5065 	4950
f 5030 	5031 	4934
f 5031 	5032 	4934
f 5032 	5033 	4934
f 5033 	5034 	4934
f 5034 	5035 	4934
f 4976 	4934 	5035
f 4972 	2223 	2216
f 5119 	5098 	4973
f 5033 	71 	5034
f 5032 	71 	5033
f 5122 	5119 	4973
f 5031 	71 	5032
f 5035 	1805 	4976
f 5030 	71 	5031
f 3138 	3136 	2546
f 4944 	4940 	5025
f 5034 	71 	5035
f 4974 	5053 	4972
f 2546 	2549 	3138
f 4166 	4168 	4282
f 4940 	4812 	5025
f 4282 	4168 	4170
f 5029 	71 	5030
f 4153 	4236 	4170
f 4812 	4811 	5025
f 2797 	2577 	3140
f 5039 	4747 	5040
f 5046 	5047 	4950
f 5044 	5046 	4950
f 5047 	5029 	4950
f 4949 	4950 	5029
f 5043 	5044 	4950
f 5041 	5040 	4747
f 3099 	2441 	2500
f 5046 	71 	5047
f 3099 	2500 	3103
f 5044 	71 	5046
f 1577 	5003 	5049
f 5045 	5041 	4747
f 4747 	1300 	5045
f 2500 	2506 	3103
f 4172 	4174 	4286
f 4288 	4286 	4174
f 3103 	2506 	3105
f 1300 	1296 	5045
f 1296 	1293 	5045
f 5065 	71 	5048
f 5047 	71 	5029
f 545 	550 	5075
f 4177 	4290 	4174
f 4288 	4174 	4290
f 3105 	2506 	2509
f 4177 	4292 	4290
f 4950 	4989 	5060
f 5010 	7 	11
f 4949 	5029 	4948
f 2509 	2512 	3107
f 5056 	4985 	5121
f 4177 	4178 	4292
f 3364 	3596 	1406
f 5062 	4950 	5061
f 5061 	4950 	5060
f 5068 	4950 	5062
f 5063 	5064 	4950
f 5065 	5048 	4950
f 5048 	5042 	4950
f 5042 	5043 	4950
f 4292 	4178 	4179
f 3110 	3107 	2512
f 5059 	5058 	4941
f 5062 	5061 	554
f 5066 	5059 	4941
f 5030 	4947 	5029
f 4974 	5056 	5053
f 4294 	4292 	4179
f 550 	554 	5061
f 3112 	2517 	2520
f 4941 	4942 	5066
f 5067 	5066 	4942
f 5061 	5060 	550
f 4296 	4294 	4179
f 5060 	5075 	550
f 554 	567 	5062
f 3626 	3365 	3385
f 4985 	5069 	5121
f 4179 	4180 	4296
f 5025 	5067 	4944
f 4985 	4877 	5069
f 2332 	2316 	2404
f 4181 	4296 	4180
f 2652 	5071 	5070
f 5074 	5075 	4989
f 5072 	5073 	4989
f 5075 	5060 	4989
f 1140 	5121 	5069
f 2524 	2526 	3115
f 5072 	13 	538
f 4301 	4182 	4183
f 631 	538 	12
f 5071 	2652 	5076
f 4183 	4307 	4301
f 3123 	3119 	2526
f 4184 	4307 	4183
f 538 	541 	5072
f 3123 	2526 	2529
f 3628 	3368 	3631
f 2652 	2649 	5076
f 629 	631 	11
f 13 	12 	538
f 12 	11 	631
f 5077 	5076 	2649
f 4307 	4184 	4311
f 3126 	2529 	2532
f 3632 	3631 	3369
f 4185 	4186 	4312
f 2649 	2646 	5077
f 1138 	1136 	5053
f 4311 	4185 	4312
f 5078 	5077 	2646
f 3632 	3369 	3634
f 692 	680 	5079
f 4188 	4313 	4186
f 4882 	1140 	5069
f 4188 	4189 	4313
f 3372 	3636 	3634
f 4313 	4189 	4316
f 5050 	5054 	747
f 3128 	2539 	2541
f 4189 	4190 	4317
f 3128 	2541 	3133
f 4316 	4189 	4317
f 4882 	1083 	1088
f 3133 	2541 	3136
f 4680 	1083 	4882
f 3136 	2541 	2546
f 4190 	285 	4318
f 4317 	4190 	4318
f 3140 	3138 	2549
f 3140 	2549 	2797
f 3143 	3142 	2556
f 5088 	4941 	36
f 5086 	4941 	5088
f 3143 	2556 	2554
f 3146 	3143 	2554
f 3146 	2554 	2557
f 3376 	3358 	3610
f 76 	69 	5055
f 3148 	3146 	2557
f 3148 	2557 	2560
f 3612 	3610 	3358
f 80 	76 	5085
f 5055 	5085 	76
f 3149 	3148 	2560
f 3149 	2560 	2564
f 3358 	3359 	3612
f 683 	90 	5082
f 5083 	5082 	90
f 90 	80 	5083
f 5085 	5083 	80
f 3151 	3149 	2564
f 4241 	4197 	4137
f 3614 	3612 	3359
f 3151 	2564 	2566
f 5057 	36 	5058
f 5057 	5055 	69
f 69 	36 	5057
f 3152 	3151 	2566
f 3152 	2566 	2570
f 2570 	2571 	3154
f 3614 	3359 	3360
f 3152 	2570 	3154
f 4256 	4200 	4331
f 2693 	1038 	105
f 2573 	3156 	3154
f 3360 	3361 	3614
f 1029 	1019 	854
f 2573 	3154 	2571
f 3616 	3614 	3361
f 3156 	2573 	2576
f 854 	154 	1029
f 3362 	3616 	3361
f 105 	1027 	154
f 3158 	3156 	2576
f 3620 	3619 	3362
f 3363 	3620 	3362
f 2184 	5087 	4848
f 2581 	3159 	3158
f 3620 	3363 	800
f 2576 	2581 	3158
f 147 	175 	125
f 154 	150 	110
f 695 	692 	131
f 680 	683 	5080
f 3364 	3349 	3596
f 5089 	2249 	2245
f 2587 	2589 	3160
f 3340 	3365 	3626
f 5089 	2251 	2249
f 3064 	2587 	3160
f 2591 	3161 	3160
f 110 	105 	154
f 124 	125 	175
f 175 	171 	124
f 171 	695 	131
f 131 	124 	171
f 5079 	5078 	692
f 2591 	3160 	2589
f 3161 	2591 	2556
f 748 	747 	5054
f 3367 	3627 	3366
f 3161 	2556 	3142
f 3627 	3367 	3628
f 3126 	2534 	3163
f 5084 	754 	753
f 3628 	3367 	3368
f 5058 	36 	4941
f 2534 	3067 	3163
f 659 	4941 	654
f 2534 	2465 	3067
f 3369 	3631 	3368
f 754 	5084 	5050
f 654 	4941 	670
f 670 	4941 	5086
f 754 	5050 	747
f 5112 	5090 	5091
f 2242 	5091 	5090
f 3165 	2978 	2274
f 2245 	2242 	5090
f 4400 	4514 	4935
f 3634 	3369 	3372
f 5089 	2245 	5090
f 5082 	5081 	683
f 3372 	3373 	3636
f 5080 	5079 	680
f 5081 	5080 	683
f 3636 	3373 	3637
f 3637 	3373 	3638
f 2251 	5089 	5087
f 125 	114 	147
f 3373 	3375 	3638
f 3376 	3638 	3375
f 4362 	4361 	4230
f 5092 	5294 	5054
f 5091 	5094 	5117
f 5092 	5054 	5050
f 5049 	1581 	1577
f 3376 	3610 	3638
f 150 	147 	114
f 5003 	5098 	5049
f 5096 	5094 	2229
f 5003 	4973 	5098
f 114 	110 	150
f 3641 	3381 	3383
f 3642 	3641 	3383
f 2616 	2281 	3173
f 3680 	3642 	3383
f 4514 	5122 	4952
f 4972 	5114 	5110
f 1027 	1029 	154
f 5122 	4973 	4952
f 4952 	4935 	4514
f 879 	861 	1013
f 3645 	3626 	3385
f 5110 	5096 	4972
f 3647 	3645 	3385
f 3647 	3385 	3387
f 3647 	3387 	3389
f 1013 	1009 	879
f 3649 	3647 	3389
f 5097 	5095 	4986
f 3649 	3389 	3366
f 887 	91 	904
f 3366 	3627 	3649
f 3654 	1183 	1188
f 2632 	3182 	3179
f 5093 	5103 	5104
f 4321 	4193 	4340
f 5084 	5097 	5093
f 2634 	2636 	3183
f 5084 	5240 	5097
f 2634 	3183 	3182
f 3086 	3183 	2636
f 1067 	1059 	907
f 922 	912 	1058
f 1059 	1058 	912
f 270 	275 	933
f 944 	933 	275
f 4194 	4328 	4326
f 4986 	5095 	4987
f 960 	102 	966
f 4241 	4328 	4197
f 5095 	5011 	4987
f 2223 	4972 	5096
f 2227 	2223 	5096
f 966 	102 	976
f 5099 	5101 	1552
f 2229 	2227 	5096
f 5022 	5084 	5093
f 5100 	5092 	5050
f 3169 	2603 	2609
f 2234 	2229 	5094
f 2234 	5094 	5091
f 985 	976 	97
f 5022 	5023 	5050
f 4205 	4334 	4333
f 5050 	5084 	5022
f 97 	91 	985
f 2241 	2234 	5091
f 988 	985 	91
f 2242 	2241 	5091
f 2609 	3170 	3169
f 5101 	5102 	1556
f 4334 	4205 	4336
f 5100 	5023 	5024
f 988 	887 	992
f 1000 	992 	893
f 5100 	5050 	5023
f 2616 	3173 	2613
f 3172 	2613 	3173
f 4983 	5027 	5103
f 5087 	2184 	2251
f 5093 	5097 	5103
f 1009 	1000 	877
f 5027 	5022 	5104
f 877 	879 	1009
f 1019 	1013 	861
f 5022 	5093 	5104
f 861 	854 	1019
f 5090 	5112 	5089
f 5027 	5104 	5103
f 3417 	3420 	3707
f 5225 	5106 	5214
f 4984 	4983 	5103
f 1027 	105 	1038
f 1044 	1038 	2693
f 2693 	2690 	1044
f 1049 	1044 	2690
f 2690 	2689 	2733
f 5103 	4986 	4984
f 4352 	4347 	4217
f 5103 	5097 	4986
f 923 	922 	1092
f 1581 	5099 	1551
f 4217 	4219 	4352
f 1058 	1092 	922
f 5108 	5102 	5101
f 4352 	4219 	4354
f 5106 	5225 	5087
f 5106 	5087 	5089
f 5099 	5111 	5101
f 5106 	5112 	5105
f 912 	907 	1059
f 1073 	1067 	907
f 907 	904 	1073
f 91 	1073 	904
f 893 	992 	887
f 887 	988 	91
f 893 	877 	1000
f 97 	976 	99
f 5106 	5089 	5112
f 270 	933 	271
f 5049 	5099 	1581
f 928 	271 	933
f 4361 	4360 	4230
f 1091 	271 	928
f 1092 	1091 	923
f 928 	923 	1091
f 3174 	2601 	3185
f 5111 	5108 	5101
f 1111 	1109 	275
f 5110 	1123 	5094
f 1117 	1111 	275
f 5111 	4237 	5108
f 2602 	3165 	2274
f 648 	1121 	4941
f 4941 	659 	648
f 1121 	1117 	4941
f 275 	4941 	1117
f 2971 	2970 	275
f 3165 	2602 	3166
f 2602 	2603 	3166
f 1961 	5012 	1946
f 1068 	3730 	1062
f 3166 	2603 	3167
f 3167 	2603 	3169
f 3709 	3707 	3420
f 1153 	5113 	1143
f 2611 	3170 	2609
f 5105 	5112 	1196
f 5113 	5020 	1143
f 1143 	5020 	1150
f 1153 	1929 	5113
f 2613 	3172 	2611
f 5110 	5094 	5096
f 3170 	2611 	3172
f 1936 	5113 	1929
f 5091 	5117 	1110
f 3657 	3399 	3661
f 1110 	5112 	5091
f 2622 	3240 	2704
f 2622 	3175 	3240
f 3176 	2622 	2628
f 1942 	5012 	1961
f 5113 	1936 	1946
f 3820 	5012 	1942
f 3175 	2622 	3176
f 3176 	2630 	3178
f 3406 	3690 	3682
f 2630 	3176 	2628
f 5021 	275 	2156
f 1123 	5110 	1130
f 3178 	2630 	3179
f 369 	5108 	4237
f 3179 	2630 	2632
f 2632 	2634 	3182
f 1112 	1110 	5117
f 375 	4237 	5115
f 5021 	2156 	2345
f 2345 	1150 	5021
f 5132 	5109 	5116
f 4328 	4194 	4197
f 5112 	1110 	1196
f 4237 	5111 	5118
f 2968 	275 	3569
f 2601 	2639 	3185
f 2971 	275 	2973
f 759 	5116 	5109
f 4203 	4333 	4331
f 5117 	1123 	1122
f 5118 	5111 	5115
f 2160 	2156 	275
f 2157 	275 	2981
f 2962 	275 	2968
f 4203 	4331 	4200
f 4237 	5118 	5115
f 3415 	3701 	3695
f 5094 	1123 	5117
f 5119 	4257 	5098
f 2970 	2981 	275
f 1112 	5117 	1122
f 4333 	4203 	4205
f 1128 	5053 	5056
f 4205 	4206 	4336
f 5120 	5111 	5099
f 1129 	1128 	5056
f 5115 	5111 	5120
f 4336 	4206 	4208
f 4338 	4336 	4208
f 5099 	5049 	5120
f 5110 	1131 	1130
f 4338 	4208 	4321
f 1131 	5110 	5114
f 5171 	5161 	3841
f 5113 	1946 	5012
f 5115 	5120 	4258
f 4321 	4208 	4193
f 4340 	4193 	4210
f 5053 	1136 	1131
f 4210 	4212 	4340
f 4345 	4340 	4212
f 1131 	5114 	4972
f 4212 	4215 	4347
f 4258 	5120 	4257
f 1131 	4972 	5053
f 4347 	4345 	4212
f 3837 	3835 	5169
f 5053 	1128 	1138
f 4347 	4215 	4217
f 3825 	5012 	3820
f 1142 	1140 	4882
f 5167 	5169 	3869
f 5120 	5098 	4257
f 1144 	1129 	5121
f 3710 	3423 	3712
f 3423 	3714 	3712
f 4354 	4219 	4222
f 5120 	5049 	5098
f 757 	5116 	759
f 5122 	4514 	4465
f 1129 	5056 	5121
f 5109 	760 	759
f 1147 	1144 	5121
f 4222 	4223 	4354
f 5121 	1140 	1147
f 760 	5109 	5107
f 4358 	4354 	4223
f 3716 	3714 	3425
f 760 	5107 	764
f 4223 	4227 	4358
f 5185 	5172 	4285
f 5172 	5168 	3868
f 4360 	4358 	4227
f 384 	5119 	5122
f 1088 	1142 	4882
f 3868 	4285 	5172
f 4230 	4360 	4227
f 3835 	3869 	5169
f 5184 	5185 	4285
f 5165 	5166 	3865
f 5122 	4465 	359
f 4238 	4362 	4230
f 4365 	4362 	4239
f 5122 	359 	384
f 4790 	5206 	4303
f 4238 	4239 	4362
f 3431 	3730 	3727
f 4239 	4240 	4367
f 4365 	4239 	4367
f 5127 	1588 	1663
f 4306 	5206 	4297
f 4242 	4368 	4367
f 4242 	4367 	4240
f 5127 	317 	1592
f 4306 	4303 	5206
f 4371 	4368 	4242
f 4244 	4371 	4242
f 1588 	5127 	1592
f 3654 	1188 	3397
f 4373 	4371 	4244
f 4285 	4297 	5206
f 5206 	5184 	4285
f 3657 	3654 	3397
f 4246 	4373 	4244
f 5257 	746 	5127
f 4373 	4246 	4377
f 239 	1592 	317
f 3657 	3397 	3399
f 4248 	4378 	4246
f 4377 	4246 	4378
f 4914 	5247 	5128
f 317 	5127 	746
f 3399 	3400 	3661
f 5128 	4921 	4914
f 252 	248 	5129
f 4248 	4251 	4378
f 4380 	4378 	4251
f 3381 	3661 	3400
f 2673 	3213 	3212
f 4381 	4380 	4253
f 4848 	5146 	5125
f 248 	360 	5129
f 4253 	4380 	4251
f 3661 	3381 	3641
f 4381 	4253 	4254
f 4386 	4381 	4254
f 1596 	252 	5129
f 3405 	3680 	3383
f 4386 	4254 	4255
f 4388 	4386 	4255
f 3680 	3405 	3682
f 1596 	5129 	5131
f 4388 	4255 	4260
f 4722 	999 	4800
f 4796 	5206 	4790
f 3406 	3682 	3405
f 4388 	4260 	4261
f 4393 	4261 	4263
f 5130 	4921 	5128
f 4391 	4388 	4261
f 4393 	4391 	4261
f 4798 	5206 	4796
f 2266 	5125 	5124
f 1600 	1596 	5131
f 3693 	3409 	3410
f 4194 	4326 	4393
f 4810 	959 	4732
f 3690 	3406 	3409
f 5130 	5126 	4921
f 4194 	4393 	4263
f 3692 	3690 	3409
f 448 	572 	5129
f 4823 	710 	4810
f 3692 	3409 	3693
f 4394 	880 	4264
f 4826 	709 	4823
f 849 	4722 	845
f 880 	433 	4264
f 3693 	3410 	3695
f 4732 	963 	4722
f 4394 	4264 	4265
f 5225 	4848 	5087
f 4396 	4394 	4265
f 290 	5131 	5129
f 3413 	3695 	3410
f 4827 	707 	4826
f 4396 	4265 	4267
f 5125 	2190 	4848
f 5131 	5133 	1603
f 2190 	5125 	2262
f 587 	589 	4835
f 5132 	4939 	4924
f 1600 	5131 	1603
f 4835 	4866 	587
f 4404 	4403 	4271
f 3695 	3413 	3415
f 4866 	3396 	623
f 4404 	4271 	4270
f 4821 	707 	4827
f 3701 	3415 	3704
f 4335 	5134 	4364
f 4408 	4404 	4270
f 5132 	4937 	4939
f 3415 	3417 	3704
f 4832 	4835 	589
f 275 	623 	3396
f 3569 	275 	3396
f 275 	2962 	2973
f 2157 	2160 	275
f 4408 	4270 	4273
f 3704 	3417 	3707
f 4411 	4408 	4273
f 72 	4743 	1249
f 3188 	130 	131
f 4411 	4273 	4275
f 4279 	4412 	4411
f 3709 	3420 	3419
f 131 	2645 	3188
f 5133 	1604 	1603
f 4279 	4411 	4275
f 4895 	5143 	4897
f 4886 	5143 	4895
f 4883 	5143 	4886
f 4881 	5143 	4883
f 4880 	5143 	4881
f 4879 	5143 	4880
f 4878 	5143 	4879
f 4876 	5143 	4878
f 4874 	5143 	4876
f 3710 	3709 	3419
f 4412 	4279 	4281
f 3710 	3419 	3423
f 2288 	2285 	5134
f 5126 	4925 	4926
f 4416 	4412 	4281
f 4904 	4903 	5143
f 4906 	4904 	5143
f 1249 	5143 	4874
f 4903 	4899 	5143
f 4899 	4897 	5143
f 4907 	4906 	5143
f 4908 	4907 	5143
f 2138 	2288 	5134
f 5126 	5130 	5136
f 4416 	4281 	4284
f 5134 	4335 	2138
f 5130 	5107 	5136
f 4921 	4742 	4914
f 4419 	4416 	4284
f 3192 	3189 	2649
f 3714 	3423 	3425
f 4419 	4284 	4287
f 5136 	5107 	5109
f 5170 	5135 	5123
f 3716 	3425 	3426
f 2649 	3189 	2646
f 5132 	4924 	5136
f 4424 	4287 	4291
f 5133 	4665 	1604
f 4924 	4742 	4925
f 4421 	4419 	4287
f 5109 	5132 	5136
f 3721 	3716 	3426
f 4926 	4742 	4921
f 4925 	4742 	4926
f 4424 	4421 	4287
f 4936 	1249 	4937
f 5126 	5136 	4925
f 3722 	3426 	3429
f 4291 	4293 	4426
f 5136 	4924 	4925
f 4913 	4983 	4927
f 4424 	4291 	4426
f 3722 	3721 	3426
f 4921 	5126 	4926
f 5123 	5124 	5179
f 4429 	4426 	4293
f 4943 	1249 	4936
f 3722 	3429 	3436
f 4429 	4293 	4298
f 4938 	4742 	4924
f 4951 	4742 	4938
f 4937 	1249 	4951
f 4429 	4298 	4431
f 5123 	5179 	5170
f 4298 	4300 	4431
f 3730 	3431 	3432
f 2654 	2657 	3196
f 4967 	1249 	4943
f 1524 	1604 	4665
f 4968 	1249 	4967
f 5133 	4718 	4665
f 3730 	3432 	1062
f 2654 	3196 	3195
f 2280 	2273 	5123
f 4971 	1249 	4968
f 4742 	4951 	1249
f 1637 	4305 	4436
f 5137 	5228 	5219
f 4982 	4927 	4975
f 1641 	4305 	1637
f 3196 	2657 	2658
f 5123 	5135 	2280
f 3436 	3737 	3722
f 5133 	272 	4718
f 4437 	4436 	4305
f 4437 	4305 	4308
f 3737 	3436 	3438
f 272 	5131 	283
f 5134 	2285 	5135
f 3740 	3737 	3438
f 4437 	4308 	4309
f 4437 	4309 	4403
f 3740 	3438 	3439
f 272 	5133 	5131
f 5228 	5137 	5138
f 3439 	3743 	3740
f 4271 	4403 	4309
f 4984 	4927 	4983
f 3439 	3441 	3743
f 790 	788 	5137
f 4431 	4300 	4315
f 5131 	290 	283
f 4975 	4927 	4987
f 4988 	4927 	4984
f 5137 	788 	5138
f 3745 	3743 	3444
f 3201 	2658 	3203
f 4315 	4442 	4431
f 5124 	5153 	5179
f 3441 	3442 	3743
f 5019 	4927 	4982
f 4443 	4315 	4320
f 3743 	3442 	3444
f 4742 	4927 	5019
f 4742 	5019 	4914
f 3727 	3745 	3444
f 4443 	4442 	4315
f 4987 	4927 	4988
f 2266 	2262 	5125
f 4320 	4445 	4443
f 3431 	3727 	3444
f 4320 	4322 	4445
f 3749 	1715 	3451
f 4323 	4445 	4322
f 5124 	2273 	2272
f 3452 	3751 	3749
f 4449 	4445 	4323
f 2272 	2266 	5124
f 3452 	3749 	3451
f 4449 	4323 	4325
f 3208 	3206 	2666
f 5027 	4912 	5022
f 3751 	3452 	3456
f 4450 	4449 	4325
f 2273 	5124 	5123
f 3751 	3456 	3458
f 4450 	4325 	4327
f 3754 	3751 	3458
f 4454 	4450 	4327
f 3754 	3458 	3462
f 4983 	4913 	5027
f 5022 	5012 	5023
f 3760 	3462 	3468
f 2282 	2280 	5135
f 4456 	4454 	4330
f 4971 	5140 	1249
f 3758 	3754 	3462
f 4454 	4327 	4329
f 5135 	2285 	2282
f 3760 	3758 	3462
f 4454 	4329 	4330
f 4457 	4456 	4330
f 5138 	5139 	5232
f 1634 	1630 	5215
f 4457 	4330 	4332
f 5140 	5141 	1249
f 5141 	5142 	1249
f 4458 	4457 	4332
f 3209 	3185 	2671
f 4332 	1582 	4458
f 5102 	1611 	1556
f 1584 	4458 	1582
f 3763 	3761 	3470
f 3763 	3470 	3474
f 3764 	3763 	3474
f 3764 	3474 	3476
f 3213 	2673 	2678
f 5143 	1249 	5142
f 3766 	3764 	3476
f 3766 	3476 	3479
f 4461 	4342 	4343
f 3767 	3766 	3479
f 4464 	4461 	4343
f 3767 	3479 	3481
f 4464 	4343 	4346
f 3770 	3767 	3481
f 4467 	4464 	4346
f 5150 	5151 	2
f 3771 	3770 	3481
f 4472 	4467 	4349
f 3771 	3481 	3484
f 2680 	3214 	3213
f 4467 	4346 	4348
f 4467 	4348 	4349
f 5156 	5157 	2
f 5147 	5156 	2
f 4473 	4472 	4349
f 5145 	5179 	5153
f 5151 	5148 	2
f 5148 	5147 	2
f 4473 	4349 	4351
f 2685 	3218 	3214
f 3487 	3774 	3773
f 4476 	4473 	4351
f 5124 	5125 	5153
f 4476 	4351 	4353
f 4355 	4476 	4353
f 5237 	5152 	5108
f 5204 	2 	5157
f 4479 	4476 	4355
f 5153 	5125 	5146
f 4483 	4479 	4356
f 5158 	5204 	5157
f 5145 	5153 	5198
f 5102 	5108 	5152
f 5154 	5204 	5159
f 5190 	5187 	5189
f 4479 	4355 	4356
f 1184 	1180 	5146
f 5237 	5108 	369
f 4483 	4356 	4399
f 1616 	1611 	5173
f 5162 	5012 	5161
f 3776 	3498 	3777
f 4483 	4399 	4522
f 5164 	5012 	5163
f 5153 	5146 	5160
f 1618 	1616 	5173
f 2505 	4363 	2372
f 5153 	5160 	5198
f 5162 	5163 	5012
f 5024 	5012 	5164
f 5023 	5012 	5024
f 1180 	5160 	5146
f 4486 	4363 	4366
f 3227 	105 	101
f 4488 	4486 	4366
f 4488 	4366 	4369
f 5193 	1628 	1623
f 3227 	2693 	105
f 4370 	4488 	4369
f 4498 	4372 	4375
f 782 	5139 	5138
f 4494 	4488 	4370
f 4494 	4370 	4372
f 5138 	786 	782
f 3189 	2645 	2646
f 3869 	3865 	5167
f 4364 	5134 	5170
f 4497 	4494 	4372
f 3188 	2645 	3189
f 4498 	4497 	4372
f 3825 	3841 	5161
f 5012 	3825 	5161
f 4498 	4375 	4376
f 5170 	4374 	4364
f 5170 	5134 	5135
f 4504 	4376 	4379
f 5137 	796 	790
f 4503 	4498 	4376
f 3788 	3787 	3515
f 4504 	4503 	4376
f 2649 	2652 	2986
f 3865 	3872 	5165
f 4506 	4504 	4379
f 5102 	5173 	1611
f 4506 	4379 	4383
f 2986 	3192 	2649
f 5102 	5152 	5173
f 4506 	4383 	4385
f 2987 	2652 	2293
f 4509 	4506 	4385
f 1618 	5173 	5182
f 2987 	2986 	2652
f 5170 	5179 	5175
f 4390 	4389 	4513
f 2654 	3195 	2990
f 2990 	2301 	2654
f 5180 	5206 	5183
f 5181 	5206 	5180
f 5176 	5183 	5206
f 5174 	5176 	5206
f 5139 	778 	5155
f 3794 	3522 	3796
f 5177 	5206 	5181
f 5184 	5206 	5178
f 1618 	5182 	5193
f 3872 	3868 	5168
f 5166 	5167 	3865
f 5169 	5171 	3837
f 3841 	3837 	5171
f 4517 	4342 	4461
f 3487 	3773 	3760
f 3203 	2658 	2662
f 5189 	5187 	5188
f 5188 	5204 	5154
f 3201 	3196 	2658
f 4517 	4339 	4342
f 2663 	3205 	3203
f 5152 	5149 	5173
f 2299 	2135 	1203
f 5186 	5197 	5187
f 5190 	5191 	5187
f 5204 	5188 	5187
f 3488 	3775 	3774
f 2663 	3203 	2662
f 5175 	1157 	1156
f 3205 	2663 	3206
f 5175 	5179 	1157
f 5193 	1623 	1618
f 4406 	4525 	4524
f 777 	835 	5155
f 2663 	2666 	3206
f 5179 	5145 	1157
f 5192 	5206 	5195
f 5195 	5206 	5197
f 5206 	5187 	5197
f 2666 	2668 	3208
f 5194 	5206 	5192
f 5200 	5206 	5194
f 1628 	5193 	5199
f 5198 	1162 	1159
f 5155 	778 	777
f 3208 	2668 	3174
f 781 	778 	5139
f 5196 	5206 	5202
f 5202 	5206 	5201
f 782 	781 	5139
f 2668 	2601 	3174
f 5201 	5206 	5200
f 5191 	5186 	5187
f 3778 	3777 	3500
f 5145 	5198 	1159
f 3185 	2639 	2671
f 3503 	3778 	3500
f 5138 	788 	786
f 5174 	5206 	5196
f 1159 	1157 	5145
f 5158 	5159 	5204
f 3209 	2671 	2673
f 3503 	3779 	3778
f 1628 	5199 	1630
f 1168 	1162 	5198
f 3212 	3209 	2673
f 5198 	1180 	1168
f 5203 	1630 	5199
f 2 	4908 	5143
f 5144 	5150 	2
f 5143 	5144 	2
f 5205 	6 	5204
f 2 	5204 	6
f 5205 	5206 	6
f 796 	5137 	5116
f 4374 	1172 	1048
f 757 	796 	5116
f 4374 	5170 	1172
f 5177 	5178 	5206
f 5168 	5165 	3872
f 4800 	999 	4798
f 5206 	4798 	999
f 955 	4810 	936
f 1172 	5170 	5175
f 3213 	2678 	2680
f 1172 	5175 	1156
f 3656 	3658 	3668
f 999 	1203 	2135
f 2685 	3214 	2680
f 4937 	5132 	5207
f 2685 	2688 	3218
f 3785 	3513 	3787
f 5208 	3668 	14
f 5209 	5208 	5
f 3787 	3513 	3515
f 4544 	4542 	4420
f 5132 	5116 	5221
f 4423 	4546 	4544
f 14 	5 	5208
f 14 	3668 	3658
f 1191 	5210 	5214
f 2689 	2690 	3226
f 5203 	5215 	1630
f 5 	3 	5212
f 5212 	5209 	5
f 5221 	5116 	5137
f 3222 	2689 	3226
f 5213 	5212 	3
f 3518 	3792 	3791
f 2690 	2693 	3227
f 5216 	5213 	4
f 3226 	2690 	3227
f 5226 	115 	5217
f 5225 	5214 	5210
f 5207 	5219 	4936
f 5207 	5132 	5221
f 5219 	5207 	5221
f 4 	5227 	5216
f 5220 	108 	960
f 200 	26 	5222
f 5137 	5219 	5221
f 39 	5224 	25
f 5198 	5160 	1180
f 5223 	4943 	4936
f 5146 	1187 	1185
f 2701 	2702 	3238
f 1187 	5146 	4848
f 4936 	5219 	5223
f 5225 	5210 	1187
f 39 	115 	5226
f 5225 	1187 	4848
f 3760 	3468 	3487
f 5222 	25 	5224
f 3487 	3488 	3774
f 5224 	39 	5226
f 5217 	5216 	5226
f 3775 	3488 	3491
f 5223 	5232 	4967
f 5228 	5223 	5219
f 3494 	3775 	3491
f 3494 	3776 	3775
f 5149 	5231 	5173
f 5146 	1185 	1184
f 1191 	5214 	1195
f 3498 	3776 	3494
f 3256 	3254 	2715
f 3777 	3498 	3500
f 4943 	5223 	4967
f 1195 	5105 	5230
f 3259 	3256 	2715
f 1195 	5214 	5106
f 4390 	4513 	4512
f 5106 	5105 	1195
f 3233 	3259 	2697
f 5223 	5228 	5232
f 1187 	5210 	1191
f 5233 	5234 	5215
f 5232 	5228 	5138
f 3503 	3504 	3779
f 5215 	5203 	5233
f 3779 	3504 	3505
f 3266 	3424 	3607
f 5229 	5203 	5199
f 2590 	3779 	3505
f 1197 	1195 	5230
f 5211 	5139 	5140
f 3510 	3785 	3509
f 3783 	3509 	3785
f 5230 	1196 	1199
f 2720 	3268 	3266
f 5193 	5229 	5199
f 3785 	3510 	3513
f 5105 	1196 	5230
f 3271 	3268 	2726
f 5236 	5231 	5149
f 1197 	5230 	1199
f 3788 	3515 	3518
f 1203 	1206 	2299
f 5231 	5229 	5193
f 5231 	5193 	5182
f 3788 	3518 	3791
f 2303 	1206 	1064
f 5231 	5182 	5173
f 1206 	2303 	2299
f 18 	17 	2318
f 5139 	5211 	5232
f 3518 	3520 	3792
f 17 	1210 	2318
f 1210 	1209 	2318
f 3792 	3520 	3794
f 2318 	1209 	2319
f 1209 	1239 	2320
f 1209 	2320 	2319
f 3794 	3520 	3522
f 1239 	1237 	2320
f 1237 	2321 	2320
f 4525 	4407 	4528
f 1237 	1236 	2321
f 3798 	3796 	3524
f 5203 	5229 	5233
f 1236 	2323 	2321
f 2323 	1235 	2306
f 3524 	3796 	3522
f 1236 	1235 	2323
f 5139 	5155 	5267
f 3524 	3470 	3761
f 2307 	2306 	1235
f 5231 	5245 	5246
f 3798 	3524 	3761
f 2701 	3238 	3236
f 1213 	2307 	1235
f 2307 	1213 	1212
f 3239 	3238 	2702
f 3529 	3801 	3800
f 2307 	1212 	2324
f 3805 	3801 	3532
f 3240 	3239 	2702
f 1212 	2325 	2324
f 4532 	4513 	4389
f 1212 	2326 	2325
f 3529 	3530 	3801
f 3240 	2702 	2704
f 5231 	486 	5245
f 3801 	3530 	3532
f 1212 	1217 	2326
f 3534 	3805 	3532
f 2326 	1217 	1216
f 4389 	4413 	4532
f 3534 	3807 	3805
f 486 	5231 	5236
f 2326 	1216 	2327
f 4532 	4414 	4537
f 2327 	1216 	1219
f 3807 	3534 	3808
f 2327 	1219 	2329
f 3536 	3809 	3808
f 1233 	2330 	1219
f 3808 	3534 	3536
f 2330 	2329 	1219
f 5236 	369 	366
f 5267 	5155 	5235
f 3809 	3536 	3537
f 1233 	2331 	2330
f 5140 	5139 	5267
f 3247 	2713 	3251
f 3811 	3809 	3537
f 2331 	1232 	2309
f 3811 	3537 	3539
f 1233 	1232 	2331
f 369 	5236 	5152
f 5152 	5236 	5149
f 3813 	3811 	3539
f 2310 	2309 	1232
f 3813 	3539 	3541
f 1231 	2310 	1232
f 5152 	5237 	369
f 3254 	3251 	2714
f 2713 	2714 	3251
f 3814 	3813 	3541
f 40 	2310 	1231
f 2715 	3254 	2714
f 4542 	4539 	4418
f 1230 	40 	1231
f 5211 	4967 	5232
f 1230 	43 	40
f 4418 	4420 	4542
f 5239 	646 	5243
f 5211 	4969 	4967
f 3546 	3818 	3484
f 3771 	3484 	3818
f 643 	66 	5238
f 5211 	5140 	4969
f 3800 	3818 	3546
f 3259 	2718 	2697
f 3529 	3800 	3546
f 5095 	5097 	5241
f 4428 	4548 	4546
f 5238 	5233 	5243
f 5241 	5097 	5240
f 4548 	4428 	4430
f 4548 	4430 	4551
f 5234 	5233 	5238
f 5233 	5239 	5243
f 5011 	5095 	5244
f 4432 	4553 	4551
f 3275 	3271 	2728
f 5095 	5241 	5244
f 3277 	3275 	2728
f 3509 	3783 	3832
f 5229 	5246 	5233
f 646 	5239 	472
f 472 	5239 	5242
f 5233 	5246 	5239
f 820 	817 	5241
f 477 	472 	5242
f 3836 	3834 	3566
f 3836 	3566 	3568
f 3235 	3233 	2698
f 5231 	5246 	5229
f 485 	477 	5245
f 2698 	3233 	2697
f 5242 	5239 	5246
f 826 	820 	5241
f 2698 	2700 	3235
f 3236 	3235 	2700
f 2701 	3236 	2700
f 477 	5242 	5246
f 477 	5246 	5245
f 5245 	486 	485
f 491 	486 	5236
f 5011 	5244 	4975
f 2712 	3159 	2581
f 5236 	366 	491
f 3159 	2712 	3247
f 3247 	2712 	2713
f 1644 	1642 	5249
f 2715 	2718 	3259
f 4517 	4515 	4395
f 4395 	4339 	4517
f 2720 	3266 	3607
f 2720 	2725 	3268
f 5247 	4975 	5244
f 2726 	3268 	2725
f 3857 	3855 	38
f 4401 	4522 	4399
f 5248 	1634 	5215
f 3271 	2726 	2728
f 3855 	44 	38
f 4522 	4401 	4524
f 1634 	5248 	1642
f 3277 	2728 	2731
f 4524 	4401 	4406
f 3279 	3277 	2731
f 1642 	5248 	5249
f 4525 	4406 	4407
f 3613 	3279 	2731
f 4410 	4529 	4528
f 4407 	4410 	4528
f 3828 	3827 	3554
f 5215 	5234 	5248
f 4529 	4410 	4512
f 1644 	5249 	5250
f 3828 	3554 	3830
f 4390 	4512 	4410
f 3831 	3830 	3556
f 3832 	3831 	3563
f 1644 	5250 	5251
f 3295 	3292 	2741
f 4532 	4413 	4414
f 2741 	3330 	3295
f 4417 	4539 	4537
f 3509 	3832 	3563
f 4417 	4537 	4414
f 5247 	4982 	4975
f 4417 	4418 	4539
f 3303 	3298 	2747
f 817 	812 	5244
f 5251 	5252 	1647
f 5241 	817 	5244
f 5251 	1647 	1644
f 3838 	3836 	3568
f 3306 	3305 	2755
f 4423 	4544 	4420
f 5241 	5240 	824
f 4546 	4423 	4425
f 5250 	5249 	29
f 3568 	3840 	3838
f 824 	826 	5241
f 4428 	4546 	4425
f 5247 	5107 	5130
f 3324 	3323 	2762
f 4551 	4430 	4432
f 5019 	4982 	5247
f 5252 	1650 	1647
f 4432 	4434 	4556
f 4553 	4432 	4556
f 4556 	4434 	4557
f 4438 	4557 	4434
f 1652 	1650 	5252
f 4557 	4439 	4561
f 3855 	30 	44
f 4439 	4557 	4438
f 4440 	4561 	4439
f 4561 	4440 	4564
f 3286 	450 	1049
f 4564 	4440 	4565
f 5252 	5251 	5264
f 38 	1207 	3857
f 1049 	2733 	3286
f 5251 	5250 	42
f 4440 	4441 	4565
f 2733 	3291 	3286
f 5253 	1652 	5252
f 3291 	2735 	3292
f 4568 	4565 	4441
f 2735 	2739 	3292
f 4568 	4441 	4444
f 1654 	1652 	5253
f 4569 	4568 	4446
f 4568 	4444 	4446
f 4570 	4569 	4446
f 5254 	1654 	5253
f 4570 	4446 	4448
f 3584 	3850 	3849
f 4914 	5019 	5247
f 4571 	4570 	4448
f 4571 	4448 	4451
f 4576 	4571 	4453
f 5247 	5130 	5128
f 5254 	1658 	1654
f 4571 	4451 	4453
f 4578 	4576 	4453
f 4578 	4453 	4455
f 2746 	3298 	3218
f 4395 	4515 	4455
f 5254 	5255 	1658
f 4515 	4578 	4455
f 5247 	764 	5107
f 3854 	3852 	3591
f 4459 	4509 	4385
f 764 	5247 	767
f 4459 	4584 	4509
f 5247 	770 	767
f 4459 	4460 	4586
f 2747 	2751 	3304
f 30 	3855 	3854
f 5263 	5254 	5253
f 2747 	3304 	3303
f 4584 	4459 	4586
f 770 	5247 	771
f 4590 	4586 	4460
f 4591 	4460 	4462
f 805 	771 	5247
f 1661 	5255 	5256
f 3824 	3550 	3552
f 4591 	4590 	4460
f 5247 	810 	805
f 3827 	3824 	3552
f 4591 	4462 	4466
f 5244 	812 	810
f 3554 	3827 	3552
f 4592 	4591 	4466
f 4593 	4592 	4466
f 5244 	810 	5247
f 3554 	3556 	3830
f 5255 	1661 	1658
f 4596 	4593 	4468
f 5265 	5256 	5255
f 3310 	3306 	2757
f 4468 	4593 	4466
f 4599 	4596 	4470
f 3222 	3310 	2757
f 4470 	4596 	4468
f 4599 	4470 	4471
f 2757 	2689 	3222
f 3831 	3556 	3561
f 4145 	4599 	4471
f 3563 	3831 	3561
f 4471 	4086 	4145
f 1663 	5256 	5257
f 4604 	4156 	4090
f 3541 	3564 	3814
f 5084 	753 	825
f 3834 	3814 	3564
f 4604 	4090 	4475
f 825 	824 	5240
f 4606 	4604 	4478
f 3566 	3834 	3564
f 5240 	5084 	825
f 5256 	1663 	1661
f 4604 	4475 	4478
f 5235 	5155 	5258
f 4608 	4606 	4478
f 4608 	4478 	4480
f 4482 	4608 	4480
f 2745 	2770 	3330
f 5235 	5258 	5259
f 4482 	4611 	4608
f 762 	5256 	802
f 4612 	4611 	4482
f 5255 	5262 	5265
f 4612 	4482 	4484
f 5255 	5254 	5262
f 3840 	3568 	3570
f 4614 	4612 	4484
f 5155 	835 	5258
f 3840 	3570 	3843
f 4614 	4484 	4485
f 3572 	3844 	3843
f 4620 	4614 	4485
f 3572 	3843 	3570
f 2774 	3338 	3336
f 3572 	3845 	3844
f 2763 	3339 	3338
f 4485 	4491 	4620
f 1663 	5257 	5127
f 3339 	2763 	3323
f 3824 	3572 	3550
f 4625 	4620 	4492
f 3845 	3572 	3824
f 4620 	4491 	4492
f 3846 	1462 	3581
f 4492 	4627 	4625
f 2733 	2735 	3291
f 3846 	3581 	3849
f 4492 	4493 	4627
f 4627 	4493 	4495
f 3849 	3581 	3584
f 4628 	4627 	4495
f 823 	746 	5257
f 3589 	3852 	3584
f 3292 	2739 	2741
f 4496 	4628 	4495
f 762 	823 	5257
f 3850 	3584 	3852
f 4629 	4628 	4496
f 5257 	5256 	762
f 2741 	2745 	3330
f 4629 	4496 	4499
f 3591 	3852 	3589
f 5260 	5272 	5259
f 4631 	4629 	4499
f 833 	5261 	5260
f 4631 	4499 	4502
f 4632 	4631 	4502
f 3854 	3591 	30
f 5260 	5259 	833
f 5265 	802 	5256
f 4632 	4502 	4505
f 835 	833 	5259
f 4634 	4632 	4505
f 3218 	2688 	2746
f 5258 	835 	5259
f 4634 	4505 	4507
f 3298 	2746 	2747
f 4507 	4637 	4634
f 4507 	4508 	4637
f 5263 	5262 	5254
f 3304 	2751 	3305
f 3305 	2751 	2755
f 2757 	3306 	2755
f 4637 	4508 	4639
f 4641 	4639 	4511
f 5263 	5253 	192
f 3323 	2763 	2762
f 4639 	4508 	4510
f 4639 	4510 	4511
f 192 	5253 	5252
f 3324 	2762 	2765
f 3679 	3324 	2765
f 4106 	4641 	4511
f 3681 	3679 	2765
f 192 	5252 	5264
f 4106 	4191 	4641
f 832 	831 	5261
f 3334 	3330 	2770
f 5264 	153 	192
f 5261 	833 	832
f 3336 	2770 	2774
f 3336 	3334 	2770
f 5264 	5251 	42
f 2774 	2776 	3338
f 3338 	2776 	2763
f 42 	5250 	29
f 2787 	3342 	3579
f 3342 	2786 	3343
f 3342 	2787 	2786
f 2786 	2785 	3343
f 2785 	2784 	3344
f 2785 	3344 	3343
f 2784 	2783 	3345
f 2784 	3345 	3344
f 2783 	2782 	3346
f 2783 	3346 	3345
f 5249 	5248 	66
f 2781 	3347 	2782
f 3347 	3346 	2782
f 4969 	5140 	4971
f 2781 	3348 	3347
f 2781 	2780 	3348
f 2780 	1247 	1246
f 2780 	1246 	3348
f 3350 	3565 	2801
f 3350 	2801 	2800
f 5249 	66 	29
f 2795 	2793 	5273
f 844 	802 	5265
f 2798 	2795 	5273
f 5265 	100 	844
f 2807 	3352 	3350
f 2807 	3350 	2800
f 100 	5265 	5262
f 5262 	5263 	100
f 66 	5248 	5234
f 5143 	5142 	5266
f 2813 	2810 	590
f 5234 	5238 	66
f 5266 	5144 	5143
f 2810 	704 	590
f 598 	2813 	590
f 153 	5264 	42
f 5141 	5267 	5142
f 42 	22 	153
f 2821 	2820 	552
f 22 	29 	637
f 5266 	5142 	5235
f 500 	487 	2825
f 5267 	5235 	5142
f 2828 	2817 	5268
f 2828 	5268 	2824
f 5140 	5267 	5141
f 4669 	4668 	4538
f 5269 	2821 	552
f 5144 	5270 	5150
f 4538 	4540 	4669
f 704 	5269 	552
f 2833 	2825 	487
f 4664 	4541 	4673
f 2833 	487 	2835
f 5269 	704 	2810
f 2809 	2821 	5269
f 5151 	5270 	5148
f 5271 	2820 	2838
f 5235 	5272 	5266
f 5259 	5272 	5235
f 5272 	5287 	5270
f 5260 	5287 	5272
f 2835 	5271 	2838
f 2810 	2809 	5269
f 5266 	5272 	5144
f 5144 	5272 	5270
f 3999 	5279 	3980
f 3980 	5279 	5274
f 2793 	5274 	5273
f 5148 	5270 	5287
f 4520 	4648 	4646
f 5148 	5287 	5147
f 5150 	5270 	5151
f 4650 	4648 	4523
f 4523 	4526 	4650
f 5268 	522 	500
f 4652 	4650 	4526
f 5281 	2817 	2846
f 5273 	5276 	2798
f 4526 	4655 	4652
f 4530 	4531 	4660
f 4660 	4657 	4530
f 5268 	482 	522
f 4660 	4531 	4662
f 5276 	2847 	2798
f 2847 	5276 	2846
f 5279 	3999 	53
f 5279 	5276 	5273
f 5274 	5279 	5273
f 5279 	53 	56
f 5288 	5278 	5280
f 56 	5281 	5276
f 5279 	56 	5276
f 5276 	5281 	2846
f 5281 	482 	2817
f 2817 	482 	5268
f 5268 	500 	2824
f 4675 	4673 	4541
f 5275 	856 	852
f 522 	95 	295
f 4541 	4543 	4675
f 522 	295 	487
f 4543 	4677 	4675
f 859 	856 	5275
f 859 	5275 	862
f 862 	5275 	863
f 487 	5282 	5283
f 867 	5280 	5278
f 4644 	4692 	4518
f 487 	5283 	5271
f 870 	5280 	867
f 4692 	4516 	4518
f 5283 	5284 	5271
f 4646 	4644 	4518
f 4520 	4646 	4518
f 863 	5275 	5280
f 4648 	4520 	4521
f 4523 	4648 	4521
f 5284 	2820 	5271
f 295 	442 	28
f 295 	28 	5282
f 4526 	4527 	4655
f 4655 	4527 	4657
f 552 	2820 	5284
f 4657 	4527 	4530
f 28 	21 	5283
f 4533 	4662 	4531
f 4664 	4662 	4535
f 4535 	4662 	4533
f 5284 	16 	552
f 20 	15 	5284
f 15 	16 	5284
f 19 	20 	5284
f 5283 	21 	19
f 5283 	19 	5284
f 28 	5283 	5282
f 868 	867 	5278
f 4669 	4540 	4688
f 863 	5280 	870
f 5277 	868 	5278
f 873 	552 	16
f 4664 	4535 	4541
f 874 	868 	5277
f 5277 	831 	874
f 5261 	831 	5277
f 4543 	4545 	4677
f 4538 	4668 	4677
f 4538 	4677 	4545
f 873 	704 	552
f 4550 	4875 	4549
f 4683 	4875 	4550
f 4550 	4552 	4685
f 4683 	4550 	4685
f 16 	1242 	873
f 4686 	4685 	4552
f 4686 	4552 	4558
f 15 	1242 	16
f 4687 	4686 	4558
f 4687 	4558 	4560
f 4690 	4687 	4560
f 4690 	4560 	4563
f 4691 	4690 	4563
f 4691 	4563 	4566
f 4692 	4691 	4566
f 4692 	4566 	4516
f 5287 	5260 	5261
f 4700 	4698 	4572
f 4700 	4572 	4574
f 5287 	5261 	5277
f 4703 	4700 	4574
f 4703 	4574 	4577
f 4577 	4705 	4703
f 4577 	4579 	4705
f 4580 	4705 	4579
f 4708 	4705 	4580
f 4708 	4580 	4581
f 5278 	5288 	5156
f 4711 	4708 	4581
f 4711 	4581 	4582
f 4712 	4711 	4582
f 4715 	4712 	4582
f 5287 	5277 	5147
f 4715 	4582 	4583
f 4583 	4585 	4717
f 4715 	4583 	4717
f 5278 	5147 	5277
f 4720 	4717 	4585
f 4720 	4585 	4588
f 4588 	4757 	4720
f 4727 	4725 	4594
f 4727 	4594 	4597
f 4729 	4727 	4597
f 4729 	4597 	4598
f 4600 	4730 	4729
f 4600 	4729 	4598
f 5286 	5285 	5289
f 4730 	4600 	4602
f 1118 	4730 	4602
f 524 	1118 	4602
f 5275 	5289 	5290
f 4736 	4396 	4267
f 4736 	4267 	4605
f 4740 	4736 	4605
f 5290 	5289 	5285
f 4741 	4740 	4605
f 4741 	4605 	4609
f 4595 	4741 	4609
f 5290 	5288 	5280
f 4744 	4741 	4595
f 5290 	5280 	5275
f 4594 	4725 	4744
f 4594 	4744 	4595
f 5158 	5290 	5285
f 5285 	5154 	5159
f 5291 	5188 	5154
f 5285 	5291 	5154
f 4698 	4831 	4572
f 5286 	5189 	5291
f 5286 	5291 	5285
f 5278 	5156 	5147
f 5290 	5158 	5157
f 5157 	5156 	5288
f 5290 	5157 	5288
f 4768 	4767 	4624
f 5159 	5158 	5285
f 4776 	4772 	4633
f 5024 	5164 	5100
f 5054 	5294 	5301
f 886 	748 	5054
f 5301 	886 	5054
f 4799 	4797 	4659
f 4802 	4801 	4663
f 4621 	4758 	4757
f 4760 	4623 	4767
f 4767 	4623 	4624
f 5295 	5294 	5162
f 4630 	4772 	4754
f 5294 	5092 	5297
f 5296 	5171 	5169
f 4642 	4777 	4638
f 5296 	5292 	5293
f 5296 	5293 	5295
f 4784 	4779 	4645
f 4777 	4642 	4779
f 5169 	5292 	5296
f 5295 	5161 	5296
f 4645 	4786 	4784
f 5161 	5171 	5296
f 5161 	5295 	5162
f 5294 	5297 	5162
f 5297 	5164 	5163
f 5164 	5297 	5092
f 5092 	5100 	5164
f 5162 	5297 	5163
f 5341 	5166 	5165
f 4653 	4795 	4794
f 5396 	5165 	5168
f 4797 	4658 	4659
f 4801 	4799 	4659
f 4801 	4659 	4663
f 5293 	5292 	5299
f 4616 	4752 	4618
f 4754 	4752 	4616
f 5295 	5293 	5300
f 5299 	5300 	5293
f 4619 	4757 	4588
f 4757 	4619 	4621
f 897 	5299 	5298
f 4621 	4623 	4760
f 4758 	4621 	4760
f 888 	5301 	5302
f 4618 	4768 	4624
f 5300 	5294 	5295
f 4768 	4618 	4752
f 4616 	4630 	4754
f 5302 	5294 	5300
f 891 	5302 	5300
f 4633 	4772 	4630
f 4777 	4776 	4633
f 5302 	5301 	5294
f 4633 	4638 	4777
f 891 	5300 	5299
f 4645 	4779 	4642
f 4647 	4786 	4645
f 5301 	888 	886
f 4791 	4786 	4647
f 5302 	891 	888
f 895 	891 	5299
f 4791 	4647 	4649
f 5299 	897 	895
f 4791 	4649 	4651
f 4793 	4791 	4651
f 4651 	4794 	4793
f 4794 	4651 	4653
f 4656 	4795 	4653
f 4795 	4656 	4797
f 4656 	4658 	4797
f 4663 	4666 	4802
f 5303 	906 	5304
f 4813 	4802 	4666
f 4667 	4813 	4666
f 4814 	4813 	4667
f 4816 	4814 	4667
f 4816 	4667 	4670
f 4820 	4816 	4670
f 4672 	4820 	4670
f 4822 	4820 	4672
f 4824 	4822 	4672
f 4824 	4672 	4674
f 4825 	4824 	4676
f 4676 	4824 	4674
f 4825 	4676 	4678
f 4828 	4825 	4678
f 5305 	897 	5298
f 4829 	4678 	4681
f 4829 	4828 	4678
f 5305 	5304 	905
f 4681 	4682 	4830
f 4829 	4681 	4830
f 905 	903 	5305
f 4831 	4830 	4682
f 4831 	4682 	4684
f 905 	5304 	906
f 4572 	4831 	4684
f 4833 	4669 	4688
f 5299 	5292 	5298
f 4833 	4688 	4689
f 5305 	903 	897
f 4838 	4833 	4689
f 4838 	4689 	4694
f 4844 	4838 	4694
f 4847 	4844 	4696
f 4844 	4694 	4696
f 4849 	4847 	4696
f 4849 	4696 	4699
f 4852 	4849 	4699
f 4704 	4853 	4852
f 4704 	4852 	4699
f 4856 	4853 	4704
f 4856 	4704 	4706
f 4857 	4856 	4706
f 4857 	4706 	4707
f 915 	5307 	5306
f 921 	915 	5306
f 4858 	4857 	4707
f 4858 	4707 	4710
f 4859 	4858 	4710
f 4859 	4710 	4713
f 4861 	4859 	4713
f 5307 	5308 	5394
f 4861 	4713 	4716
f 4862 	4861 	4716
f 4862 	4716 	4719
f 4863 	4862 	4719
f 4863 	4719 	4721
f 4869 	4863 	4721
f 4873 	4869 	4721
f 4873 	4721 	4726
f 4875 	4873 	4726
f 4549 	4875 	4726
f 2038 	4891 	840
f 4735 	840 	4891
f 4739 	4735 	4891
f 4739 	4891 	4894
f 4893 	4892 	4738
f 4893 	4738 	4737
f 4738 	4892 	3571
f 4739 	4894 	838
f 5308 	5307 	911
f 3580 	4893 	4737
f 3580 	4737 	3311
f 945 	4900 	4743
f 945 	4743 	656
f 4745 	4901 	4898
f 4745 	4898 	4742
f 4900 	4902 	4747
f 4900 	4747 	4743
f 661 	4747 	4902
f 4905 	4901 	4755
f 4745 	4755 	4901
f 4905 	4755 	5018
f 4927 	5018 	4755
f 5310 	5311 	5326
f 5326 	5327 	5310
f 5310 	5312 	5313
f 5310 	5313 	5314
f 5314 	5318 	5310
f 5310 	5315 	5316
f 4834 	5310 	5317
f 5316 	5317 	5310
f 4836 	5318 	4837
f 4837 	5314 	5313
f 4840 	4837 	5313
f 4840 	5313 	5312
f 4842 	4841 	5328
f 4845 	4834 	5317
f 4846 	4845 	5317
f 4846 	5317 	5316
f 5316 	5315 	4836
f 5316 	4836 	4846
f 5319 	5321 	5310
f 5318 	5319 	5310
f 5315 	5310 	5320
f 4836 	5319 	5318
f 5314 	4837 	5318
f 5315 	5320 	4836
f 5320 	5310 	5321
f 5320 	5321 	4836
f 4836 	5321 	5319
f 5335 	5339 	4850
f 4854 	4840 	5322
f 5312 	5310 	5324
f 5323 	5324 	5310
f 5324 	5323 	4840
f 5312 	5324 	4840
f 5303 	5309 	906
f 910 	906 	5309
f 5325 	5322 	5326
f 4840 	5326 	5322
f 911 	910 	5309
f 5309 	5308 	911
f 5323 	5310 	5327
f 4840 	5323 	5327
f 913 	911 	5307
f 4840 	5327 	5326
f 4855 	4854 	5322
f 5322 	4841 	4855
f 5307 	915 	913
f 5330 	5326 	5329
f 5331 	5325 	5330
f 5325 	5326 	5330
f 5328 	5329 	5326
f 4841 	5329 	5328
f 5325 	5331 	5322
f 5322 	5331 	5330
f 5322 	5330 	4841
f 5332 	5330 	5329
f 5330 	5332 	4841
f 4841 	5332 	5329
f 5309 	5303 	5333
f 5311 	5310 	4842
f 4850 	4842 	5310
f 5326 	5311 	5328
f 5334 	5328 	5311
f 4842 	5328 	5334
f 4842 	5334 	5311
f 5333 	5397 	5309
f 5310 	4834 	5336
f 5333 	5337 	5396
f 5336 	5335 	4850
f 5335 	4834 	5339
f 5337 	5333 	5303
f 4851 	4850 	5339
f 5337 	5303 	5304
f 5339 	5338 	4851
f 5310 	5336 	4850
f 5337 	5340 	5341
f 5342 	5347 	4834
f 5346 	4834 	5345
f 5344 	5345 	4834
f 5343 	5344 	4834
f 5346 	5338 	4834
f 4868 	5342 	4834
f 5305 	5340 	5337
f 5342 	4868 	4870
f 5345 	4871 	5346
f 4851 	5346 	4871
f 5335 	5336 	4834
f 5338 	5339 	4834
f 4851 	5338 	5346
f 4870 	4872 	5343
f 5344 	5343 	4872
f 5343 	4834 	5347
f 5165 	5337 	5341
f 5343 	5347 	4870
f 4870 	5347 	5342
f 5337 	5304 	5305
f 4871 	5345 	5344
f 4871 	5344 	4872
f 4898 	5018 	4927
f 4898 	4927 	4742
f 5167 	5166 	5341
f 5341 	5340 	5167
f 5305 	5298 	5340
f 5360 	5361 	4997
f 5351 	5389 	5350
f 5352 	5389 	5351
f 5353 	5389 	5352
f 5354 	5385 	5353
f 5348 	5360 	4997
f 5356 	5370 	5354
f 4940 	5348 	4997
f 5340 	5292 	5169
f 5354 	5353 	5021
f 5340 	5298 	5292
f 5167 	5340 	5169
f 5357 	5370 	5356
f 5021 	5375 	5356
f 5356 	5354 	5021
f 4941 	5021 	5352
f 4941 	5352 	5351
f 5351 	5350 	4941
f 4942 	4941 	5350
f 5349 	4944 	4942
f 5349 	4942 	5350
f 5349 	5359 	4944
f 4944 	5348 	4940
f 5359 	4997 	5361
f 5349 	4997 	5359
f 5350 	5389 	5349
f 4944 	5359 	5361
f 935 	930 	5406
f 4944 	5361 	5360
f 4944 	5360 	5348
f 930 	5355 	5406
f 935 	5406 	995
f 5364 	5367 	5358
f 5365 	5367 	5364
f 5366 	5367 	5365
f 5357 	5358 	5367
f 5357 	5367 	5368
f 5368 	5379 	5357
f 5371 	5354 	5370
f 5372 	5354 	5371
f 5369 	5370 	5357
f 5383 	5354 	5372
f 5371 	5370 	5373
f 5369 	5373 	5370
f 5014 	5372 	5371
f 5014 	5371 	5373
f 5374 	5365 	5364
f 5362 	965 	964
f 5375 	5364 	5363
f 5374 	5364 	5376
f 5362 	5355 	930
f 926 	965 	5362
f 5375 	5376 	5364
f 5377 	5367 	5366
f 5367 	5377 	5015
f 5366 	5015 	5377
f 5369 	5357 	5380
f 5379 	5380 	5357
f 5378 	5379 	5368
f 5373 	5369 	5380
f 5373 	5380 	5379
f 5373 	5379 	5378
f 5363 	5364 	5358
f 5382 	5363 	5358
f 5357 	5375 	5358
f 5382 	5358 	5375
f 5363 	5382 	5375
f 5357 	5356 	5375
f 5389 	5353 	5385
f 5385 	5354 	5384
f 4997 	5349 	5387
f 5386 	5349 	5389
f 5383 	5384 	5354
f 5387 	5386 	5004
f 4997 	5387 	5004
f 5013 	5004 	5385
f 5013 	5385 	5384
f 5362 	964 	5388
f 5387 	5349 	5386
f 5386 	5389 	5004
f 5004 	5389 	5385
f 5384 	5014 	5013
f 5383 	5014 	5384
f 5383 	5372 	5014
f 5016 	5376 	5375
f 5015 	5365 	5016
f 5376 	5016 	5374
f 5374 	5016 	5365
f 5368 	5367 	5015
f 5368 	5015 	5017
f 5366 	5365 	5015
f 5373 	5017 	5014
f 5373 	5378 	5017
f 5017 	5378 	5368
f 5020 	5016 	5375
f 5392 	5388 	5381
f 5375 	5021 	5020
f 957 	5381 	5388
f 5353 	5352 	5021
f 969 	967 	5388
f 964 	969 	5388
f 129 	121 	5040
f 5381 	5404 	5398
f 137 	5045 	5051
f 139 	137 	5051
f 5052 	2932 	139
f 5362 	929 	926
f 158 	155 	5058
f 158 	5058 	163
f 950 	5390 	5381
f 953 	950 	5381
f 957 	953 	5381
f 89 	81 	5025
f 5388 	961 	957
f 5025 	5026 	89
f 5388 	967 	961
f 929 	5362 	930
f 5038 	5039 	121
f 5038 	121 	119
f 5040 	121 	5039
f 129 	5041 	133
f 5045 	137 	133
f 5051 	5052 	139
f 5059 	5066 	167
f 941 	921 	5306
f 5059 	167 	163
f 941 	5306 	5390
f 946 	941 	5390
f 950 	946 	5390
f 96 	89 	5028
f 5028 	89 	5026
f 96 	5028 	5036
f 96 	5036 	5037
f 106 	96 	5037
f 109 	106 	5037
f 5037 	5038 	109
f 119 	109 	5038
f 5362 	5388 	5391
f 5392 	5391 	5388
f 5041 	129 	5040
f 5381 	5398 	5392
f 5045 	133 	5041
f 5391 	5392 	5201
f 235 	5055 	152
f 152 	5055 	155
f 5055 	5057 	155
f 5058 	155 	5057
f 5059 	163 	5058
f 5307 	5184 	5393
f 5066 	5067 	167
f 167 	5067 	81
f 81 	5067 	5025
f 5393 	5403 	5306
f 197 	186 	5071
f 5307 	5393 	5306
f 186 	3001 	5070
f 3001 	2404 	5070
f 186 	5070 	5071
f 5397 	5394 	5308
f 203 	5071 	5076
f 203 	197 	5071
f 205 	203 	5076
f 205 	5076 	5077
f 210 	205 	5077
f 210 	5077 	5078
f 214 	210 	5078
f 214 	5078 	5079
f 214 	5079 	5080
f 224 	5080 	5081
f 221 	214 	5080
f 224 	221 	5080
f 224 	5081 	5082
f 230 	224 	5083
f 5172 	5395 	5396
f 224 	5082 	5083
f 5397 	5333 	5396
f 5308 	5309 	5397
f 230 	5083 	5085
f 5395 	5394 	5397
f 235 	230 	5085
f 5055 	235 	5085
f 5395 	5397 	5396
f 243 	202 	5086
f 5396 	5168 	5172
f 244 	243 	5088
f 5088 	243 	5086
f 70 	244 	5088
f 70 	5088 	36
f 5165 	5396 	5337
f 5381 	5402 	5404
f 5306 	5403 	5390
f 5401 	5196 	5392
f 5392 	5398 	5401
f 5398 	5176 	5400
f 5398 	5400 	5401
f 5174 	5400 	5176
f 5402 	5381 	5390
f 5402 	5390 	5403
f 5399 	5402 	5403
f 5393 	5399 	5403
f 5180 	5398 	5404
f 5183 	5176 	5398
f 5178 	5177 	5399
f 5404 	5181 	5180
f 5181 	5399 	5177
f 5404 	5402 	5181
f 5181 	5402 	5399
f 5398 	5180 	5183
f 5393 	5184 	5178
f 5393 	5178 	5399
f 5185 	5184 	5394
f 5184 	5307 	5394
f 5185 	5394 	5395
f 5172 	5185 	5395
f 5406 	5405 	998
f 998 	995 	5406
f 5355 	5409 	5407
f 5355 	5407 	5406
f 5355 	5411 	5409
f 5362 	5411 	5355
f 5410 	5362 	5391
f 1002 	998 	5405
f 1002 	5405 	5275
f 1002 	5275 	852
f 5289 	5408 	5286
f 5189 	5286 	5408
f 5412 	5406 	5407
f 5407 	5409 	5413
f 5411 	5362 	5410
f 5408 	5289 	5412
f 5289 	5275 	5412
f 5412 	5275 	5405
f 5412 	5405 	5406
f 5191 	5407 	5413
f 5200 	5391 	5201
f 5411 	5410 	5195
f 5191 	5413 	5186
f 5197 	5186 	5413
f 1023 	5204 	1015
f 5188 	5291 	5189
f 5189 	5408 	5190
f 5408 	5412 	5190
f 5407 	5190 	5412
f 5407 	5191 	5190
f 5410 	5391 	5194
f 5410 	5194 	5192
f 5413 	5195 	5197
f 5413 	5409 	5195
f 5409 	5411 	5195
f 5410 	5192 	5195
f 5200 	5194 	5391
f 5202 	5201 	5392
f 5196 	5400 	5174
f 5202 	5392 	5196
f 5196 	5401 	5400
f 5187 	1015 	5204
f 1015 	5187 	1028
f 5187 	5206 	1028
f 1023 	1025 	5204
f 1025 	5205 	5204
f 5206 	5205 	1025
f 5206 	1025 	1028
f 1060 	1056 	5217
f 5218 	5220 	1069
f 5220 	392 	1069
f 5208 	3669 	3668
f 3669 	5208 	1036
f 5208 	5209 	1036
f 1045 	1036 	5209
f 5209 	5212 	1045
f 1045 	5212 	5213
f 1051 	1045 	5213
f 1051 	5213 	5216
f 1056 	1051 	5216
f 5217 	1056 	5216
f 5217 	5218 	1060
f 1063 	1060 	5218
f 1063 	5218 	1069
f 392 	5220 	960
f 5222 	222 	200
f 1082 	5224 	1087
f 1082 	222 	5222
f 5224 	1082 	5222
f 1087 	5224 	1089
f 1089 	5224 	5226
f 1089 	5226 	1096
f 5226 	5227 	1096
f 1096 	5227 	1101
f 4 	1101 	5227
f 1101 	4 	1108
f 3 	1108 	4
f 5 	1108 	3
f 5 	1113 	1108
f 14 	1119 	5
f 1113 	5 	1119
f 14 	3658 	3653
f 3653 	1119 	14
f 24 	142 	39
f 24 	39 	25
# 11058 faces

 #end of obj_0

