# Object Export From Tinkercad Server 2015

mtllib obj.mtl

o obj_0
v 6.863 		-28.158 		4
v 6.863 		-28.158 		2.998
v 7.123 		-28.037 		2.998
v 7.123 		-28.037 		4
v 7.136 		-28.088 		4
v 7.402 		-28.341 		2.998
v 7.216 		-28.176 		4
v 7.142 		-28.1 		2.998
v 7.649 		-28.562 		4
v 6.913 		-28.282 		2.998
v 6.883 		-28.238 		2.998
v 5.848 		-28.135 		4
v 5.733 		-28.569 		0
v 5.996 		-26.95 		0
v 5.996 		-26.65 		4
v 5.97 		-27.397 		0
v 5.933 		-27.694 		4
v 5.881 		-27.989 		0
v 5.993 		-27.099 		4
v 8.0124 		-29.149 		3.736
v 8.008 		-29.1943 		3.4746
v 8.0124 		-29.1496 		3.072
v 8.008 		-29.1943 		3.072
v 8.005 		-29.225 		4
v 8.0633 		-29.0753 		3.2403
v 8.0175 		-29.137 		3.7319
v 8.018 		-29.1363 		3.072
v 8.014 		-29.145 		4
v 8.008 		-29.232 		4
v 8.177 		-28.951 		4
v 8.013 		-29.143 		4
v 8.1066 		-29.017 		3.072
v 8.0961 		-29.0312 		3.2695
v 8.12 		-28.999 		4
v 7.681 		-28.953 		4
v 8.008 		-29.16 		2.998
v 8.0123 		-29.1497 		2.998
v 8.008 		-29.1943 		2.998
v 8.005 		-29.225 		2.998
v 8.013 		-29.143 		2.998
v 8.018 		-29.1362 		2.998
v 8.027 		-29.115 		2.998
v 8.008 		-29.232 		2.998
v 8.1106 		-29.0117 		2.998
v 8.066 		-29.061 		2.998
v 8.113 		-29.009 		2.998
v 7.963 		-28.851 		2.998
v 8.12 		-28.999 		2.998
v 7.579 		-28.869 		2.998
v 8.045 		-30.7 		4
v 8.001 		-30.624 		2.998
v 7.999 		-30.547 		2.998
v 7.995 		-30.588 		4
v 8.025 		-30.67 		2.998
v 8.0139 		-30.6463 		3.2924
v 8.0104 		-30.6366 		2.998
v 8.0467 		-30.6989 		3.8027
v 8.0342 		-30.6813 		3.7534
v 8.0594 		-30.7082 		3.3461
v 8.007 		-30.64 		4
v 8.016 		-30.655 		4
v 8.0147 		-30.6515 		3.8949
v 8.0209 		-30.6619 		4
v 8.0159 		-30.6541 		4
v 8.005 		-30.543 		2.998
v 8.004 		-30.622 		2.998
v 8.005 		-30.543 		4
v 8.052 		-30.706 		4
v 7.999 		-30.547 		4
v 8.07 		-30.72 		3.2023
v 4.596 		-30.657 		0
v 4.957 		-30.18 		0
v 5.195 		-29.799 		4
v 4.87 		-30.301 		4
v 5.406 		-29.403 		4
v 5.269 		-29.67 		0
v 5.686 		-28.71 		4
v 5.467 		-29.267 		0
v 7.177 		-31.659 		2.998
v 7.286 		-31.536 		4
v 7.289 		-31.535 		2.998
v 7.208 		-31.616 		4
v 7.73 		-31.158 		2.998
v 8.13 		-30.797 		4
v 8.13 		-30.797 		2.998
v 8.124 		-30.78 		4
v 8.0851 		-30.7367 		2.998
v 8.124 		-30.78 		2.998
v 6.871 		-31.571 		2.998
v 6.952 		-31.455 		4
v 6.883 		-31.545 		4
v 6.959 		-31.448 		2.998
v 6.86 		-31.633 		4
v 6.86 		-31.633 		2.998
v 7.122 		-32.194 		2.998
v 7.114 		-31.909 		4
v 7.123 		-32.599 		4
v 7.123 		-31.817 		2.998
v 7.132 		-31.757 		4
v 4.497 		-30.769 		4
v 4.189 		-31.095 		0
v 1.042 		-32.709 		0
v 0.894 		-32.731 		4
v 1.48 		-32.613 		4
v 2.051 		-32.436 		4
v 1.625 		-32.576 		0
v 3.128 		-31.918 		4
v 3.622 		-31.581 		4
v 28.637 		-28.854 		2.998
v 28.392 		-28.926 		2.998
v 28.246 		-28.996 		2.998
v 28.111 		-29.083 		2.998
v 27.877 		-29.305 		2.998
v 27.688 		-29.588 		2.998
v 28.539 		-29.605 		2.998
v 27.988 		-29.186 		2.998
v 28.317 		-30.691 		4
v 28.309 		-30.597 		4
v 28.309 		-30.597 		2.998
v 28.332 		-29.975 		4
v 28.321 		-30.046 		2.998
v 28.321 		-30.046 		4
v 28.365 		-29.86 		2.998
v 28.395 		-29.782 		4
v 28.447 		-29.699 		2.998
v 27.598 		-29.798 		4
v 27.572 		-29.868 		2.998
v 27.534 		-30.011 		4
v 27.51 		-30.156 		2.998
v 27.504 		-30.229 		4
v 27.497 		-30.376 		2.998
v 27.496 		-30.45 		4
v 27.505 		-30.6 		2.998
v 28.498 		-31.071 		4
v 28.667 		-31.206 		4
v 28.431 		-30.983 		4
v 28.36 		-30.839 		4
v 27.77 		-31.361 		4
v 27.91 		-31.527 		4
v 28.082 		-31.674 		4
v 27.656 		-31.176 		2.998
v 28.667 		-31.206 		2.998
v 28.465 		-31.027 		2.998
v 28.379 		-30.888 		2.998
v 28.328 		-30.74 		2.998
v 27.77 		-31.361 		2.998
v 27.91 		-31.527 		2.998
v 28.144 		-31.72 		2.998
v 27.062 		-31.19 		2.998
v 27.062 		-31.19 		4
v 27.628 		-31.11 		4
v 27.555 		-30.901 		2.998
v 27.555 		-30.901 		4
v 27.062 		-31.88 		4
v 27.062 		-31.88 		2.998
v 28.428 		-31.871 		2.998
v 28.356 		-31.838 		4
v 28.574 		-31.923 		4
v 24.608 		-31.88 		4
v 24.608 		-31.88 		2.998
v 25.338 		-31.19 		2.998
v 25.338 		-31.19 		4
v 21.288 		-27.889 		4
v 20.541 		-27.889 		4
v 20.541 		-27.889 		2.998
v 21.288 		-27.889 		2.998
v 19.923 		-27.888 		2.998
v 19.923 		-28.573 		2.998
v 19.923 		-28.573 		4
v 19.923 		-27.888 		4
v 16.667 		-27.888 		4
v 16.667 		-27.888 		2.998
v 18.652 		-28.573 		2.998
v 18.652 		-28.573 		4
v 16.667 		-28.599 		4
v 17.919 		-28.599 		4
v 17.919 		-28.599 		2.998
v 16.667 		-28.599 		2.998
v 17.919 		-31.881 		4
v 17.919 		-31.881 		2.998
v 18.652 		-31.881 		2.998
v 18.652 		-31.881 		4
v 23.016 		-31.19 		4
v 23.016 		-31.19 		2.998
v 21.288 		-31.19 		2.998
v 21.288 		-31.19 		4
v 23.016 		-31.886 		4
v 23.016 		-31.886 		2.998
v 20.541 		-31.886 		2.998
v 20.541 		-31.886 		4
v 1.625 		-21.024 		0
v 2.192 		-21.215 		0
v 2.192 		-21.215 		4
v 1.625 		-21.024 		4
v 1.042 		-20.891 		0
v 1.042 		-20.891 		4
v 50.001 		-32.195 		4
v 0.448 		-20.817 		0
v 0.448 		-20.817 		4
v 49.951 		-32.549 		4
v 49.988 		-32.381 		4
v 49.254 		-32.139 		4
v 49.175 		-32.371 		4
v 5.467 		-24.333 		4
v 5.529 		-24.469 		0
v 5.269 		-23.93 		4
v 5.269 		-23.93 		0
v 49.266 		-31.786 		4
v 4.957 		-23.42 		0
v 4.957 		-23.42 		4
v 4.783 		-23.177 		0
v 4.596 		-22.943 		4
v 4.398 		-22.719 		4
v 4.08 		-22.403 		0
v 4.398 		-22.719 		0
v 49.271 		-32 		4
v 3.97 		-22.301 		4
v 3.622 		-22.019 		4
v 3.622 		-22.019 		0
v 3.255 		-21.76 		4
v 3.255 		-21.76 		0
v 2.737 		-21.461 		4
v 49.891 		-32.7 		4
v 2.737 		-21.461 		0
v 16.099 		-27.951 		4
v 16.099 		-27.951 		2.998
v 50.001 		-32.195 		2.998
v 13.545 		-27.887 		4
v 13.545 		-27.887 		2.998
v 12.794 		-27.887 		4
v 12.794 		-27.887 		2.998
v 49.266 		-31.786 		2.998
v 15.341 		-27.882 		4
v 49.174 		-31.83 		2.998
v 15.341 		-27.882 		2.998
v 16.055 		-27.886 		2.998
v 16.055 		-27.886 		4
v 8.774 		-27.345 		4
v 8.351 		-27.333 		4
v 49.268 		-32.031 		2.998
v 9.08 		-27.621 		4
v 8.905 		-27.463 		4
v 9.035 		-27.58 		4
v 9.382 		-27.93 		4
v 9.382 		-27.93 		2.998
v 9.502 		-28.016 		2.998
v 9.356 		-28.248 		2.998
v 49.224 		-32.263 		2.998
v 49.891 		-32.7 		2.998
v 49.951 		-32.549 		2.998
v 49.988 		-32.381 		2.998
v 3.255 		-31.84 		0
v 4.08 		-31.197 		4
v 3.741 		-31.491 		0
v 49.175 		-32.371 		2.998
v 2.602 		-32.204 		4
v 2.192 		-32.385 		0
v 2.737 		-32.139 		0
v 41.975 		-27.802 		2.998
v 41.975 		-28.461 		2.998
v 42.705 		-28.461 		2.998
v 42.705 		-27.802 		2.998
v 22.4 		-38.8 		4
v 42.705 		-28.461 		4
v 22.4 		-38.8 		0
v 42.705 		-27.802 		4
v 41.975 		-27.802 		4
v 22.4 		-42.8 		0
v 22.4 		-42.8 		4
v 41.975 		-28.461 		4
v 7.127 		-33.569 		2.998
v 7.357 		-33.356 		4
v 7.078 		-33.953 		2.998
v 7.127 		-33.569 		4
v 7.122 		-33.469 		2.998
v 7.122 		-33.469 		4
v 6.877 		-33.895 		2.998
v 6.865 		-33.848 		2.998
v 6.865 		-33.848 		4
v 6.887 		-33.913 		4
v 6.956 		-33.981 		2.998
v 6.956 		-33.981 		4
v 7.002 		-33.982 		4
v 7.007 		-33.982 		2.998
v 6.916 		-33.95 		2.998
v 7.078 		-33.953 		4
v 6.863 		-33.572 		2.998
v 0.448 		-32.783 		0
v 0.15 		-32.798 		4
v 7.2 		-38.8 		4
v 7.2 		-38.8 		0
v 7.2 		-42.8 		4
v 7.2 		-42.8 		0
v -19.169 		32.801 		0
v -19.232 		33.027 		4
v -19.241 		33.06 		0
v -19.355 		33.34 		0
v -19.34 		33.31 		4
v -19.516 		33.635 		4
v -19.692 		33.881 		0
v -19.69 		33.883 		4
v -19.496 		33.608 		0
v -19.868 		34.085 		4
v -20.04 		34.245 		0
v -20.065 		34.268 		4
v -20.28 		34.43 		0
v -20.28 		34.43 		4
v -21.134 		34.816 		4
v -21.331 		34.859 		4
v -21.331 		34.859 		0
v -21.598 		34.892 		4
v -21.665 		34.896 		0
v -21.867 		34.899 		4
v -22.069 		34.886 		0
v -22.069 		34.886 		4
v -22.335 		34.846 		4
v -22.335 		34.846 		0
v -24.313 		33.186 		0
v -24.202 		33.431 		0
v -24.202 		33.431 		4
v -24.313 		33.186 		4
v -24.431 		32.801 		4
v -24.398 		32.931 		0
v -22.848 		34.687 		0
v -22.596 		34.779 		0
v -22.596 		34.779 		4
v -22.848 		34.687 		4
v -23.091 		34.57 		0
v -23.091 		34.57 		4
v -23.32 		34.43 		0
v -23.32 		34.43 		4
v -23.535 		34.268 		0
v -23.535 		34.268 		4
v -23.732 		34.085 		0
v -23.732 		34.085 		4
v -23.91 		33.883 		0
v -23.91 		33.883 		4
v -24.067 		33.664 		0
v -24.067 		33.664 		4
v -20.509 		34.57 		0
v -20.509 		34.57 		4
v -20.752 		34.687 		0
v -20.783 		34.699 		4
v -21.004 		34.779 		0
v -20.393 		29.897 		0
v -20.393 		29.897 		4
v -20.17 		30.048 		0
v -20.17 		30.048 		4
v -19.964 		30.221 		0
v -19.964 		30.221 		4
v -19.776 		30.414 		0
v -19.776 		30.414 		4
v -19.608 		30.624 		0
v -19.608 		30.624 		4
v -19.462 		30.85 		0
v -19.462 		30.85 		4
v -19.34 		31.09 		0
v -19.34 		31.09 		4
v -19.241 		31.34 		0
v -19.241 		31.34 		4
v -19.183 		31.534 		0
v -19.122 		32.536 		0
v -19.103 		32.234 		0
v -19.102 		32.267 		4
v -19.128 		32.569 		4
v -19.142 		31.731 		4
v -19.128 		31.831 		0
v -19.108 		31.998 		4
v -24.38 		31.404 		4
v -24.273 		31.121 		4
v -24.288 		31.151 		0
v -24.388 		31.437 		0
v -24.138 		30.85 		4
v -24.104 		30.792 		0
v -24.458 		32.669 		0
v -24.492 		32.402 		0
v -24.498 		32.267 		4
v -24.492 		32.032 		0
v -24.492 		31.998 		4
v -24.451 		31.698 		4
v -24.458 		31.731 		0
v -23.93 		30.544 		0
v -23.91 		30.517 		4
v -23.732 		30.315 		0
v -23.732 		30.315 		4
v -23.428 		30.051 		4
v -23.43 		30.048 		0
v -22.848 		29.713 		0
v -23.12 		29.847 		0
v -22.848 		29.713 		4
v -23.091 		29.83 		4
v -22.596 		29.621 		4
v -22.563 		29.612 		0
v -22.235 		29.538 		4
v -22.269 		29.541 		0
v -21.968 		29.508 		0
v -21.935 		29.504 		4
v -21.733 		29.501 		4
v -21.665 		29.504 		0
v -21.069 		29.601 		4
v -21.266 		29.558 		0
v -21.265 		29.554 		4
v -20.877 		29.664 		4
v -20.94 		29.641 		0
v -20.629 		29.768 		0
v -20.629 		29.768 		4
v -30.877 		24.736 		0
v -30.752 		24.687 		4
v -31.102 		24.806 		4
v -31.069 		24.799 		0
v -31.365 		24.862 		0
v -31.398 		24.869 		4
v -31.665 		24.896 		0
v -31.699 		24.896 		4
v -31.867 		24.899 		0
v -32.335 		24.846 		0
v -32.002 		24.892 		4
v -32.202 		24.869 		4
v -32.466 		24.816 		4
v -32.723 		24.736 		0
v -32.723 		24.736 		4
v -30.629 		24.632 		0
v -29.142 		22.669 		0
v -29.149 		22.702 		4
v -29.183 		22.866 		0
v -29.34 		23.31 		0
v -29.355 		23.34 		4
v -29.241 		23.06 		4
v -29.481 		23.578 		0
v -29.496 		23.608 		4
v -29.608 		23.776 		4
v -29.915 		24.133 		0
v -29.964 		24.179 		4
v -29.712 		23.908 		0
v -30.144 		24.33 		0
v -30.17 		24.352 		4
v -30.393 		24.503 		0
v -30.422 		24.519 		4
v -29.69 		20.517 		0
v -29.69 		20.517 		4
v -29.533 		20.736 		0
v -29.533 		20.736 		4
v -29.398 		20.969 		0
v -29.398 		20.969 		4
v -29.287 		21.214 		0
v -29.287 		21.214 		4
v -29.108 		22.368 		0
v -29.102 		22.133 		4
v -29.108 		22.402 		4
v -29.202 		21.469 		0
v -29.202 		21.469 		4
v -29.142 		21.731 		0
v -29.108 		21.998 		0
v -29.142 		21.731 		4
v -32.723 		19.664 		0
v -32.723 		19.664 		4
v -32.466 		19.584 		0
v -32.466 		19.584 		4
v -32.202 		19.531 		0
v -32.202 		19.531 		4
v -31.935 		19.504 		0
v -31.935 		19.504 		4
v -31.531 		19.514 		0
v -31.531 		19.514 		4
v -31.265 		19.554 		0
v -31.265 		19.554 		4
v -31.004 		19.621 		0
v -31.004 		19.621 		4
v -30.752 		19.713 		0
v -30.752 		19.713 		4
v -30.509 		19.83 		0
v -30.509 		19.83 		4
v -30.28 		19.97 		0
v -30.28 		19.97 		4
v -30.065 		20.132 		0
v -30.065 		20.132 		4
v -29.868 		20.315 		0
v -29.868 		20.315 		4
v -7.6 		2.4 		4
v -7.6 		2.4 		0
v -22 		2.4 		0
v -22 		2.4 		4
v -47.8 		42.4 		0
v -48.094 		42.388 		0
v -47.8 		42.4 		4
v -48.387 		42.357 		4
v -48.484 		42.34 		0
v -48.772 		42.28 		4
v -48.867 		42.254 		0
v -49.148 		42.166 		0
v -49.331 		42.096 		4
v -49.686 		41.928 		0
v -49.598 		41.972 		4
v -49.856 		41.831 		0
v -49.939 		41.778 		4
v -50.338 		41.492 		0
v -50.26 		41.552 		4
v -50.628 		41.228 		0
v -50.764 		41.086 		4
v -51.013 		40.783 		0
v -50.952 		40.86 		4
v -51.178 		40.539 		4
v -51.328 		40.286 		0
v -51.328 		40.286 		4
v -51.496 		39.931 		4
v -51.531 		39.839 		0
v -51.597 		39.654 		4
v -51.628 		39.561 		0
v -51.757 		38.987 		0
v -51.757 		38.987 		4
v -51.8 		38.4 		0
v -51.8 		38.4 		4
v -32.971 		24.632 		4
v -32.971 		24.632 		0
v -34.313 		23.186 		4
v -34.398 		22.931 		4
v -34.398 		22.931 		0
v -34.313 		23.186 		0
v -34.458 		22.669 		4
v -34.458 		22.669 		0
v -33.207 		24.503 		4
v -33.207 		24.503 		0
v -33.43 		24.352 		4
v -33.43 		24.352 		0
v -33.636 		24.179 		4
v -33.636 		24.179 		0
v -33.91 		23.883 		4
v -33.91 		23.883 		0
v -34.067 		23.664 		4
v -34.067 		23.664 		0
v -34.202 		23.431 		4
v -34.202 		23.431 		0
v -34.065 		20.737 		0
v -34.26 		21.09 		0
v -34.26 		21.09 		4
v -34.067 		20.736 		4
v -34.492 		22.402 		0
v -34.492 		22.402 		4
v -34.498 		22.133 		0
v -34.498 		22.133 		4
v -34.472 		21.831 		4
v -34.478 		21.864 		0
v -34.431 		21.599 		0
v -34.417 		21.534 		4
v -34.359 		21.34 		0
v -34.359 		21.34 		4
v -33.824 		20.414 		4
v -33.824 		20.414 		0
v -33.636 		20.221 		4
v -33.636 		20.221 		0
v -33.43 		20.048 		0
v -33.43 		20.048 		4
v -33.207 		19.897 		0
v -33.207 		19.897 		4
v -32.971 		19.768 		0
v -32.971 		19.768 		4
v -37.2 		2.4 		4
v -37.2 		2.4 		0
v -7.6 		-2 		4
v -7.6 		-2 		0
v -22 		-2 		0
v -22 		-2 		4
v -5.529 		-24.469 		0
v -5.195 		-23.801 		4
v -5.406 		-24.197 		4
v -5.269 		-23.93 		0
v -5.529 		-24.469 		4
v -0.448 		-20.817 		4
v -0.15 		-20.802 		0
v -0.894 		-20.869 		4
v -0.448 		-20.817 		0
v -1.625 		-21.024 		0
v -1.48 		-20.987 		4
v -1.042 		-20.891 		0
v -2.737 		-21.461 		0
v -2.192 		-21.215 		0
v -2.602 		-21.396 		4
v -2.051 		-21.164 		4
v -3.255 		-21.76 		0
v -3.128 		-21.682 		4
v -3.741 		-22.109 		0
v -3.622 		-22.019 		4
v -3.97 		-22.301 		4
v -4.497 		-22.831 		4
v -4.08 		-22.403 		0
v -4.87 		-23.299 		4
v -4.596 		-22.943 		0
v -4.957 		-23.42 		0
v -5.814 		-28.281 		0
v -5.881 		-27.989 		0
v -5.814 		-28.281 		4
v -5.686 		-24.89 		4
v -5.848 		-25.465 		0
v -5.814 		-25.319 		4
v -5.733 		-25.031 		0
v -5.907 		-25.758 		4
v -5.993 		-26.501 		0
v -5.981 		-26.352 		4
v -5.933 		-25.906 		0
v -5.97 		-27.397 		4
v -5.996 		-26.95 		0
v -6 		-26.8 		4
v -5.97 		-27.397 		0
v -5.907 		-27.842 		4
v -2.737 		-32.139 		0
v -3.255 		-31.84 		0
v -2.869 		-32.068 		4
v -2.468 		-32.269 		4
v -2.468 		-32.269 		0
v -2.051 		-32.436 		4
v -1.911 		-32.488 		0
v -1.625 		-32.576 		0
v -1.625 		-32.576 		4
v -1.189 		-32.679 		4
v -1.042 		-32.709 		0
v -0.746 		-32.753 		0
v -0.746 		-32.753 		4
v -3.97 		-31.299 		0
v -3.97 		-31.299 		4
v -3.622 		-31.581 		4
v -3.502 		-31.672 		0
v -3.255 		-31.84 		4
v -5.638 		-28.852 		0
v -5.638 		-28.852 		4
v -5.467 		-29.267 		0
v -5.529 		-29.131 		4
v -5.338 		-29.536 		4
v -5.269 		-29.67 		0
v -5.12 		-29.929 		0
v -5.12 		-29.929 		4
v -4.87 		-30.301 		4
v -4.783 		-30.423 		0
v -4.596 		-30.657 		0
v -4.596 		-30.657 		4
v -4.294 		-30.988 		4
v -60 		-38.8 		0
v -60 		-38.8 		4
v -4.189 		-31.095 		0
v -60 		-24 		4
v -60 		-24 		0
v -60 		-16.6 		0
v -60 		-16.6 		4
v -60 		-1.8 		4
v -60 		-1.8 		0
v 36.8 		-42.8 		0
v 36.8 		-42.8 		4
v -0.299 		-32.791 		4
v -22.4 		-42.8 		0
v -22.4 		-42.8 		4
v -7.2 		-42.8 		4
v -7.2 		-42.8 		0
v -36.8 		-42.8 		4
v -36.8 		-42.8 		0
v 39.443 		-31.273 		4
v 50.892 		40.938 		0
v 51.069 		40.703 		0
v 49.51 		42.016 		0
v 39.719 		-31.3 		4
v 50.022 		41.726 		0
v 48.094 		42.388 		0
v 48.628 		42.31 		0
v 39.848 		-31.295 		4
v -0.15 		-32.798 		0
v 47.8 		42.4 		0
v -22.4 		-38.8 		0
v 48.961 		42.228 		0
v 50.486 		41.364 		0
v -7.2 		-38.8 		0
v 51.328 		40.286 		0
v 51.416 		40.11 		0
v 51.68 		39.372 		0
v 51.757 		38.987 		0
v 51.8 		38.4 		0
v 39.296 		-31.215 		4
v -56.2 		-31.4 		0
v -56.2 		-38.8 		0
v 39.197 		-31.137 		4
v -51.8 		-24 		0
v -51.8 		-31.4 		0
v -56.2 		-9.2 		0
v -56.2 		-16.6 		0
v -51.8 		-1.8 		0
v -51.8 		-9.2 		0
v -36.8 		-38.8 		0
v -37.2 		-2 		0
v 39.117 		-31.042 		4
v -51.8 		-38.8 		0
v 60 		-1.8 		0
v 60 		-1.8 		4
v 34.47 		22.602 		0
v 60 		-24 		0
v 60 		-24 		4
v 34.431 		22.801 		0
v 60 		-16.6 		4
v 60 		-16.6 		0
v 60 		-38.8 		4
v 60 		-38.8 		0
v 34.359 		23.06 		0
v 39.042 		-30.891 		4
v 47.8 		42.4 		4
v 34.26 		23.31 		0
v 34.138 		23.55 		0
v 16.384 		42.4 		4
v 0 		42.4 		0
v 33.992 		23.776 		0
v 33.824 		23.986 		0
v 33.43 		24.352 		0
v 33.089 		24.568 		0
v 51.126 		40.622 		4
v 51.328 		40.286 		4
v 39.197 		-31.137 		2.998
v 48.387 		42.357 		4
v 49.148 		42.166 		4
v 33.992 		20.624 		0
v 34.138 		20.85 		0
v 34.26 		21.09 		0
v 39.097 		-31.006 		2.998
v 34.359 		21.34 		0
v 51.8 		38.4 		4
v 51.757 		38.987 		4
v 51.68 		39.372 		4
v 51.531 		39.839 		4
v 34.498 		22.133 		0
v 34.492 		22.402 		0
v 50.764 		41.086 		4
v 50.486 		41.364 		4
v 50.022 		41.726 		4
v 49.686 		41.928 		4
v 39.01 		-30.788 		2.998
v 48.192 		42.381 		4
v 32.848 		24.687 		4
v 34.431 		21.599 		0
v 34.478 		21.864 		0
v 34.431 		22.801 		4
v 32.971 		19.768 		0
v 34.359 		23.06 		4
v 33.207 		19.897 		0
v 34.26 		23.31 		4
v 33.43 		20.048 		0
v 33.636 		20.221 		0
v 34.138 		23.55 		4
v 33.824 		20.414 		0
v 33.992 		23.776 		4
v 33.732 		24.085 		4
v 33.535 		24.268 		4
v 37.2 		2.4 		0
v 33.091 		24.57 		4
v 39.58 		-31.293 		2.998
v 39.443 		-31.273 		2.998
v 33.992 		20.624 		4
v 39.896 		-31.284 		2.998
v 34.138 		20.85 		4
v 34.26 		21.09 		4
v 34.359 		21.34 		4
v 39.719 		-31.3 		2.998
v 34.498 		22.267 		4
v 22.466 		34.816 		0
v 22.202 		34.869 		0
v 34.431 		21.599 		4
v 39.337 		-31.235 		2.998
v 21.733 		34.899 		0
v 34.481 		21.898 		4
v 21.464 		34.879 		0
v 14.9306 		-34.816 		4
v 14.911 		-34.762 		4
v 14.893 		-34.397 		4
v 32.971 		19.768 		4
v 14.9139 		-34.304 		4
v 33.207 		19.897 		4
v 24.313 		33.186 		0
v 33.43 		20.048 		4
v 14.899 		-34.579 		4
v 33.636 		20.221 		4
v 24.202 		33.431 		0
v 33.824 		20.414 		4
v 23.992 		33.776 		0
v 37.2 		2.4 		4
v 22.723 		34.736 		0
v 13.974 		-33.758 		4
v 13.878 		-33.6994 		4
v 21.135 		34.812 		0
v 13.528 		-33.614 		4
v 13.3959 		-33.6397 		4
v 13.312 		-33.6669 		4
v 20.629 		34.632 		0
v 22.335 		34.846 		4
v 13.807 		-33.656 		4
v 13.6906 		-33.6252 		4
v 22.069 		34.886 		4
v 23.824 		33.986 		0
v 21.8 		34.899 		4
v 23.636 		34.179 		0
v 13.429 		-33.629 		4
v 23.43 		34.352 		0
v 23.207 		34.503 		0
v 22.971 		34.632 		0
v 13.671 		-33.62 		4
v 19.398 		33.431 		0
v 19.287 		33.186 		0
v 19.202 		32.931 		0
v 20.393 		34.503 		0
v 20.065 		34.268 		0
v 19.868 		34.085 		0
v 13.293 		-33.673 		4
v 19.69 		33.883 		0
v 21.398 		34.869 		4
v 19.533 		33.664 		0
v 21.134 		34.816 		4
v 24.398 		32.931 		4
v 24.337 		33.123 		4
v 32.723 		24.736 		0
v 32.531 		24.799 		0
v 32.335 		24.846 		0
v 9.381 		-27.923 		2.998
v 24.138 		33.55 		4
v 9.381 		-27.923 		4
v 9.318 		-27.855 		4
v 31.8 		24.899 		0
v 23.992 		33.776 		4
v 31.531 		24.886 		0
v 31.265 		24.846 		0
v 22.723 		34.736 		4
v 20.877 		34.736 		4
v 31.004 		24.779 		0
v 30.752 		24.687 		0
v 20.629 		34.632 		4
v 24.138 		30.85 		0
v 23.824 		33.986 		4
v 24.26 		31.09 		0
v 23.636 		34.179 		4
v 23.43 		34.352 		4
v 23.207 		34.503 		4
v 22.971 		34.632 		4
v -22.4 		-38.8 		4
v -7.2 		-38.8 		4
v 40.355 		-31.881 		4
v 19.287 		33.186 		4
v 40.355 		-31.881 		2.998
v 19.398 		33.431 		4
v -56.2 		-38.8 		4
v 40.355 		-31.753 		2.998
v 19.202 		32.931 		4
v 40.355 		-31.753 		4
v -56.2 		-31.4 		4
v -51.8 		-31.4 		4
v -51.8 		-24 		4
v 20.393 		34.503 		4
v 40.118 		-31.855 		4
v 24.359 		31.34 		0
v 20.17 		34.352 		4
v 39.95 		-31.916 		2.998
v 39.95 		-31.916 		4
v 24.431 		31.599 		0
v 24.497 		32.234 		0
v 24.478 		32.536 		0
v 19.868 		34.085 		4
v 19.69 		33.883 		4
v 24.446 		32.735 		0
v 19.533 		33.664 		4
v -56.2 		-16.6 		4
v -56.2 		-9.2 		4
v -51.8 		-9.2 		4
v 39.745 		-31.961 		2.998
v 0 		32.768 		4
v -51.8 		-1.8 		4
v 39.43 		-31.977 		4
v 39.586 		-31.978 		2.998
v -51.8 		-38.8 		4
v 32.531 		24.799 		4
v 9.668 		-28.149 		4
v 39.745 		-31.961 		4
v 9.356 		-28.248 		4
v 32.235 		24.862 		4
v -37.2 		-2 		4
v 31.935 		24.896 		4
v -36.8 		-38.8 		4
v 24.478 		31.864 		0
v 9.583 		-28.078 		4
v 9.166 		-28.054 		4
v 31.331 		24.859 		4
v 20.629 		29.768 		0
v 39.127 		-31.919 		2.998
v 38.982 		-31.86 		2.998
v 38.982 		-31.86 		4
v 39.127 		-31.919 		4
v 21.069 		29.601 		0
v 39.277 		-31.958 		2.998
v 39.277 		-31.958 		4
v 31.037 		24.788 		4
v 8.808 		-28.367 		4
v 9.148 		-28.054 		4
v 30.752 		24.687 		4
v 28.672 		24.576 		4
v 21.464 		29.521 		0
v 24.138 		30.85 		4
v 24.26 		31.09 		4
v 21.935 		29.504 		0
v 24.359 		31.34 		4
v 38.272 		-31.059 		4
v 38.272 		-31.059 		2.998
v 38.22 		-30.875 		2.998
v 38.205 		-30.812 		4
v 24.472 		32.569 		4
v 24.498 		32.267 		4
v 22.202 		29.531 		0
v 38.349 		-31.229 		4
v 38.349 		-31.229 		2.998
v 22.466 		29.584 		0
v 16.099 		-31.881 		4
v 38.446 		-31.389 		4
v 38.523 		-31.489 		2.998
v 22.723 		29.664 		0
v 24.437 		31.633 		4
v 15.344 		-31.881 		4
v 22.971 		29.768 		0
v 38.523 		-31.489 		4
v 23.207 		29.897 		0
v 24.492 		31.998 		4
v 38.703 		-31.676 		4
v 38.703 		-31.676 		2.998
v 23.43 		30.048 		0
v 15.344 		-30.247 		4
v 23.636 		30.221 		0
v 23.824 		30.414 		0
v 23.992 		30.624 		0
v 13.545 		-29.522 		4
v 15.341 		-29.522 		4
v 12.958 		-33.667 		4
v 12.773 		-33.667 		4
v 13.548 		-31.881 		4
v 12.794 		-31.881 		4
v 19.172 		31.6 		0
v 19.263 		31.277 		0
v 19.398 		30.969 		0
v 13.548 		-30.247 		4
v 19.608 		30.624 		0
v 19.776 		30.414 		0
v 11.158 		-29.501 		4
v 19.964 		30.221 		0
v 38.841 		-31.779 		4
v 38.841 		-31.779 		2.998
v 14.2336 		-34.3911 		4
v 14.214 		-34.158 		4
v 14.173 		-34.032 		4
v 14.071 		-33.86 		4
v 20.17 		30.048 		0
v 13.999 		-34.374 		4
v 13.9999 		-34.816 		4
v 10.616 		-29.016 		4
v 20.393 		29.897 		0
v 41.019 		-27.887 		4
v 20.629 		29.768 		4
v 41.019 		-27.887 		2.998
v 21.298 		29.549 		4
v 21.004 		29.621 		4
v 19.122 		32.536 		0
v 11.497 		-29.834 		4
v 11.514 		-29.864 		4
v 19.102 		32.267 		0
v 11.429 		-29.765 		4
v 11.519 		-29.908 		4
v 21.665 		29.504 		4
v 49.113 		-28.928 		4
v 19.108 		31.998 		0
v 21.867 		29.501 		4
v 22.169 		29.528 		4
v 11.426 		-29.758 		4
v 48.966 		-28.865 		4
v 22.466 		29.584 		4
v 11.489 		-29.97 		4
v 22.723 		29.664 		4
v 30.509 		24.57 		0
v 22.971 		29.768 		4
v 30.28 		24.43 		0
v 30.065 		24.268 		0
v 23.207 		29.897 		4
v 29.868 		24.085 		0
v 23.43 		30.048 		4
v 11.044 		-29.756 		4
v 29.69 		23.883 		0
v 48.873 		-28.839 		4
v 37.54 		-31.902 		4
v 29.533 		23.664 		0
v 37.54 		-31.902 		2.998
v 48.684 		-28.812 		4
v 48.493 		-28.812 		4
v 29.398 		23.431 		0
v 23.636 		30.221 		4
v 48.3 		-28.834 		4
v 23.824 		30.414 		4
v 29.287 		23.186 		0
v 29.202 		22.931 		0
v 23.992 		30.624 		4
v 10.991 		-30.022 		4
v 10.94 		-30.027 		4
v 29.142 		22.669 		0
v 19.241 		31.34 		4
v 19.169 		31.599 		4
v 10.981 		-30.066 		4
v 10.995 		-30.03 		4
v 19.462 		30.85 		4
v 48.518 		-29.483 		4
v 48.647 		-29.471 		4
v 29.398 		20.969 		0
v 19.608 		30.624 		4
v 8.342 		-29.16 		4
v 29.533 		20.736 		0
v 48.402 		-29.514 		4
v 29.69 		20.517 		0
v 48.299 		-29.562 		4
v 49.002 		-29.546 		4
v 49.122 		-29.643 		4
v 35.912 		-28.873 		4
v 29.108 		22.402 		0
v 48.903 		-29.503 		4
v 36.076 		-28.826 		4
v 29.108 		22.032 		0
v 48.79 		-29.478 		4
v 36.579 		-28.821 		4
v 29.142 		21.731 		0
v 36.41 		-28.8 		4
v 29.212 		21.437 		0
v 48.21 		-29.628 		4
v 36.242 		-28.802 		4
v 29.312 		21.151 		0
v 8.917 		-29.777 		4
v 9.024 		-29.762 		4
v 8.985 		-29.76 		4
v 35.91 		-29.537 		4
v 8.875 		-29.798 		4
v 36.183 		-29.5 		4
v 36.319 		-29.523 		4
v 8.92 		-29.775 		4
v 29.868 		20.315 		0
v 36.044 		-29.505 		4
v 30.065 		20.132 		0
v 8.745 		-29.893 		4
v 8.746 		-29.893 		4
v 8.748 		-29.891 		4
v 30.28 		19.97 		0
v 8.749 		-29.891 		4
v 8.749 		-29.89 		4
v 30.509 		19.83 		0
v 30.752 		19.713 		0
v 36.519 		-29.614 		4
v 9.035 		-29.763 		4
v 31.004 		19.621 		0
v 31.265 		19.554 		0
v 36.448 		-29.572 		4
v 31.632 		19.508 		0
v 31.935 		19.504 		0
v 8.801 		-28.373 		2.998
v 35.912 		-28.873 		2.998
v 9.07 		-30.028 		4
v 8.991 		-30.056 		4
v 9.136 		-28.073 		2.998
v 36.076 		-28.826 		2.998
v 32.202 		19.531 		0
v 32.466 		19.584 		0
v 8.345 		-30.611 		4
v 32.723 		19.664 		0
v 19.776 		30.414 		4
v 19.964 		30.221 		4
v 10.426 		-30.936 		4
v 20.17 		30.048 		4
v 20.393 		29.897 		4
v 7.6 		2.4 		0
v 22 		2.4 		0
v 36.579 		-28.821 		2.998
v 51.8 		-1.8 		0
v 36.41 		-28.8 		2.998
v 56.2 		-9.2 		0
v 9.639 		-31.648 		4
v 51.8 		-9.2 		0
v 37.2 		-2 		0
v 19.128 		32.569 		4
v 19.102 		32.267 		4
v 51.8 		-24 		0
v 19.108 		31.998 		4
v 19.13 		31.798 		4
v 56.2 		-16.6 		0
v 9.294 		-31.488 		4
v 9.349 		-31.5 		4
v 9.412 		-31.483 		4
v 48.826 		-28.831 		2.998
v 48.541 		-28.814 		2.998
v 9.161 		-31.728 		4
v 30.28 		24.43 		4
v 49.077 		-28.91 		2.998
v 30.509 		24.57 		4
v 30.065 		24.268 		4
v 29.868 		24.085 		4
v 8.4 		-31.04 		4
v 29.69 		23.883 		4
v 9.101 		-31.671 		4
v 29.533 		23.664 		4
v 29.398 		23.431 		4
v 29.287 		23.186 		4
v 29.202 		22.931 		4
v 56.2 		-31.4 		0
v 29.142 		22.669 		4
v 9.392 		-31.844 		4
v 36.242 		-28.802 		2.998
v 48.647 		-29.471 		2.998
v 9.385 		-31.845 		4
v 29.398 		20.969 		4
v 29.287 		21.214 		4
v 9.241 		-31.77 		4
v 9.312 		-31.808 		4
v 29.533 		20.736 		4
v 29.69 		20.517 		4
v 8.459 		-32.7 		4
v 29.102 		22.267 		4
v 9.148 		-28.054 		2.998
v 36.549 		-29.64 		2.998
v 7.459 		-26.148 		4
v 7.24 		-25.948 		4
v 29.108 		21.998 		4
v 29.149 		21.698 		4
v 51.8 		-31.4 		0
v 7.064 		-25.815 		4
v 29.22 		21.404 		4
v 16.099 		-31.881 		2.998
v 36.448 		-29.572 		2.998
v 7 		-25.799 		4
v 15.344 		-31.881 		2.998
v 15.344 		-30.247 		2.998
v 15.341 		-29.522 		2.998
v 13.545 		-29.522 		2.998
v 6.921 		-25.824 		4
v 13.548 		-30.247 		2.998
v 29.868 		20.315 		4
v 6.864 		-25.941 		4
v 13.548 		-31.881 		2.998
v 12.794 		-31.881 		2.998
v 30.065 		20.132 		4
v 30.28 		19.97 		4
v 30.509 		19.83 		4
v 49.002 		-29.546 		2.998
v 30.752 		19.713 		4
v 49.122 		-29.643 		2.998
v 31.004 		19.621 		4
v 31.265 		19.554 		4
v 31.665 		19.504 		4
v 31.867 		19.501 		4
v 32.202 		19.531 		4
v 7.13 		-26.222 		4
v 7.121 		-26.255 		4
v 48.903 		-29.503 		2.998
v 5.97 		-26.203 		4
v 5.933 		-25.906 		4
v 5.881 		-25.611 		4
v 48.79 		-29.478 		2.998
v 32.466 		19.584 		4
v 5.774 		-25.175 		4
v 10.352 		-28.777 		2.998
v 32.723 		19.664 		4
v 5.638 		-24.748 		4
v 11.353 		-29.681 		2.998
v 35.91 		-29.537 		2.998
v 8.026 		-26.673 		4
v 6.913 		-28.282 		4
v 36.183 		-29.5 		2.998
v 36.319 		-29.523 		2.998
v 48.518 		-29.483 		2.998
v 36.044 		-29.505 		2.998
v 48.402 		-29.514 		2.998
v 48.299 		-29.562 		2.998
v 35.676 		-29.691 		2.998
v 35.785 		-29.599 		2.998
v 35.75 		-28.945 		2.998
v 35.396 		-29.197 		2.998
v 35.75 		-28.945 		4
v 35.396 		-29.197 		4
v 35.534 		-29.085 		4
v 35.487 		-29.123 		4
v 51.8 		-38.8 		0
v 56.2 		-38.8 		0
v 11.506 		-29.849 		2.998
v 11.519 		-29.908 		2.998
v 11.502 		-29.953 		2.998
v 11.429 		-29.765 		2.998
v 35.396 		-28.906 		2.998
v 35.396 		-28.906 		4
v 35.785 		-29.599 		4
v 35.676 		-29.691 		4
v 47.471 		-29.327 		2.998
v 47.27 		-29.682 		2.998
v 36.781 		-30.597 		4
v 36.778 		-30.476 		2.998
v 36.761 		-30.124 		4
v 36.8 		-38.8 		0
v 36.761 		-30.124 		2.998
v 47.994 		-28.917 		2.998
v 22 		-2 		0
v 7.6 		-2 		0
v 36.737 		-29.968 		2.998
v 36.716 		-29.893 		4
v 36.703 		-29.856 		2.998
v 11.426 		-29.758 		2.998
v 36.651 		-29.755 		2.998
v 36.671 		-29.787 		4
v 36.63 		-29.723 		4
v 35.485 		-30.596 		4
v 35.493 		-30.225 		2.998
v 35.531 		-29.971 		2.998
v 35.495 		-30.213 		4
v 35.531 		-29.971 		4
v 35.486 		-30.489 		2.998
v 47.994 		-28.917 		4
v 47.734 		-29.061 		4
v 47.797 		-29.022 		2.998
v 35.59 		-29.815 		2.998
v 47.568 		-29.211 		4
v 35.59 		-29.815 		4
v 47.62 		-29.156 		2.998
v 33.866 		-29.686 		2.998
v 33.866 		-29.686 		4
v 47.425 		-29.388 		4
v 47.344 		-29.525 		4
v 47.344 		-29.525 		2.998
v 34.734 		-28.906 		2.998
v 34.734 		-28.906 		4
v 47.27 		-29.682 		4
v 33.755 		-29.475 		2.998
v 33.617 		-29.292 		2.998
v 33.453 		-29.137 		2.998
v 33.268 		-29.011 		2.998
v 33.062 		-28.915 		2.998
v 32.84 		-28.849 		2.998
v 32.84 		-28.849 		4
v 33.453 		-29.137 		4
v 33.268 		-29.011 		4
v 47.193 		-29.922 		4
v 33.062 		-28.915 		4
v 33.755 		-29.475 		4
v 33.617 		-29.292 		4
v 47.148 		-30.167 		4
v 47.14 		-30.417 		4
v 47.16 		-30.67 		4
v 32.814 		-29.566 		4
v 47.939 		-30.579 		4
v 32.859 		-29.591 		2.998
v 32.983 		-29.677 		2.998
v 32.905 		-29.615 		4
v 13.978 		-34.247 		4
v 13.529 		-33.83 		4
v 13.5311 		-33.8304 		4
v 13.314 		-33.865 		4
v 13.387 		-33.845 		4
v 13.458 		-33.834 		4
v 33.999 		-30.222 		2.998
v 33.982 		-30.697 		2.998
v 34.007 		-30.317 		4
v 33.987 		-30.127 		4
v 33.953 		-29.956 		2.998
v 5.993 		-26.501 		0
v 27.068 		-33.04 		4
v 26.858 		-33.04 		4
v 33.953 		-29.956 		4
v 33.982 		-30.697 		4
v 5.933 		-25.906 		0
v 10.981 		-30.066 		2.998
v 5.848 		-25.465 		0
v 5.733 		-25.031 		0
v 26.1054 		-33.792 		4
v 26.095 		-33.779 		4
v 26.031 		-33.731 		4
v 25.861 		-33.654 		4
v 25.7044 		-33.6217 		4
v 25.376 		-33.642 		4
v 25.278 		-33.675 		4
v 25.181 		-33.719 		4
v 13.856 		-33.982 		4
v 33.016 		-29.714 		4
v 13.666 		-33.854 		4
v 13.795 		-33.926 		4
v 33.123 		-29.886 		2.998
v 33.123 		-29.886 		4
v 13.312 		-33.866 		4
v 33.214 		-30.287 		2.998
v 33.214 		-30.287 		4
v 33.218 		-30.469 		4
v 33.218 		-30.469 		2.998
v 33.175 		-30.041 		2.998
v 33.175 		-30.041 		4
v 47.93 		-30.269 		4
v 47.966 		-30.067 		4
v 33.2 		-30.649 		4
v 33.2 		-30.649 		2.998
v 47.924 		-30.423 		4
v 25.667 		-33.614 		4
v 25.57 		-33.611 		4
v 25.473 		-33.621 		4
v 48.067 		-29.806 		4
v 48.014 		-29.917 		4
v 35.485 		-31.88 		4
v 35.485 		-31.88 		2.998
v 36.783 		-31.902 		2.998
v 14.239 		-34.456 		4
v 26.142 		-34.391 		4
v 26.388 		-34.58 		4
v 26.342 		-34.243 		4
v 26.275 		-34.034 		4
v 26.2212 		-33.9372 		4
v 7.6 		2.4 		4
v 36.783 		-31.902 		4
v 10.995 		-30.03 		2.998
v 26.241 		-33.962 		4
v 11.044 		-29.756 		2.998
v 33.859 		-31.115 		2.998
v 10.991 		-30.022 		2.998
v 33.882 		-31.064 		4
v 33.935 		-30.908 		4
v 26.095 		-34.172 		4
v 10.94 		-30.027 		2.998
v 25.959 		-33.941 		4
v 26.003 		-33.991 		4
v 25.9059 		-33.9045 		4
v 33.688 		-31.403 		2.998
v 33.782 		-31.264 		4
v 33.688 		-31.403 		4
v 25.624 		-33.815 		4
v 25.746 		-33.831 		4
v 33.474 		-31.636 		4
v 25.847 		-33.864 		4
v 33.53 		-31.581 		2.998
v 25.6 		-33.817 		4
v 8.342 		-29.16 		2.998
v 32.788 		-31.228 		2.998
v 32.92 		-31.154 		2.998
v 32.877 		-31.182 		4
v 13.0115 		-33.8419 		4
v 12.958 		-33.874 		4
v 32.998 		-31.084 		2.998
v 32.998 		-31.084 		4
v 33.063 		-30.998 		4
v 12.9963 		-34.816 		4
v 13.008 		-34.275 		4
v 33.125 		-30.883 		2.998
v 33.17 		-30.767 		4
v 24.983 		-33.891 		4
v 13.0174 		-33.8383 		4
v 24.882 		-34.028 		4
v 24.823 		-34.183 		4
v 24.7963 		-34.304 		4
v 25.0346 		-34.304 		4
v 25.067 		-34.178 		4
v 13.035 		-34.137 		4
v 13.077 		-34.048 		4
v 25.1847 		-33.9803 		4
v 25.195 		-33.968 		4
v 22 		2.4 		4
v 25.286 		-33.898 		4
v 13.137 		-33.97 		4
v 13.188 		-33.927 		4
v 51.8 		-9.2 		4
v 56.2 		-9.2 		4
v 51.8 		-1.8 		4
v 25.126 		-34.05 		4
v 37.2 		-2 		4
v 25.379 		-33.858 		4
v 51.8 		-24 		4
v 25.502 		-33.825 		4
v 15.8698 		-35.3279 		4
v 15.423 		-35.221 		4
v 15.36 		-35.2074 		4
v 15.36 		-35.4319 		4
v 15.374 		-35.435 		4
v 15.575 		-35.431 		4
v 15.769 		-35.382 		4
v 15.8832 		-35.3207 		4
v 34.734 		-31.88 		4
v 15.946 		-35.287 		4
v 16.0865 		-35.1559 		4
v 15.637 		-35.2 		4
v 34.734 		-31.88 		2.998
v 16.095 		-35.148 		4
v 24.793 		-34.319 		4
v 15.74 		-35.159 		4
v 24.775 		-34.527 		4
v 24.782 		-34.699 		4
v 24.8082 		-34.816 		4
v 25.028 		-34.699 		4
v 33.288 		-31.77 		2.998
v 16.206 		-34.966 		4
v 33.223 		-31.809 		4
v 16.0979 		-34.9216 		4
v 15.838 		-35.094 		4
v 33.081 		-31.872 		4
v 16.0405 		-34.8981 		4
v 15.93 		-35.005 		4
v 16.016 		-34.888 		4
v 25.018 		-34.391 		4
v 25.031 		-34.318 		4
v 25.018 		-34.58 		4
v 49.427 		-33.138 		2.998
v 49.575 		-33.053 		2.998
v 49.702 		-32.952 		2.998
v 49.808 		-32.834 		2.998
v 25.0582 		-34.816 		4
v 49.575 		-33.053 		4
v 49.702 		-32.952 		4
v 49.808 		-32.834 		4
v 47.148 		-30.167 		2.998
v 49.427 		-33.138 		4
v 47.953 		-30.117 		2.998
v 49.259 		-33.207 		4
v 47.213 		-29.841 		2.998
v 51.8 		-38.8 		4
v 26.858 		-35.386 		4
v 27.068 		-35.386 		4
v 56.2 		-38.8 		4
v 47.676 		-32.983 		2.998
v 47.866 		-33.124 		2.998
v 48.394 		-33.302 		2.998
v 48.824 		-33.308 		2.998
v 49.115 		-33.249 		2.998
v 26.134 		-35.241 		4
v 25.747 		-35.212 		4
v 25.609 		-35.226 		4
v 25.632 		-35.437 		4
v 25.841 		-35.401 		4
v 25.993 		-35.335 		4
v 47.615 		-32.931 		4
v 26.1988 		-35.1662 		4
v 47.866 		-33.124 		4
v 25.6 		-35.2251 		4
v 48.311 		-33.29 		4
v 48.577 		-33.319 		4
v 26.2941 		-35.0453 		4
v 26.333 		-34.966 		4
v 26.322 		-34.9617 		4
v 25.917 		-35.138 		4
v 48.775 		-33.313 		4
v 48.627 		-33.319 		2.998
v 26.282 		-35.07 		4
v 48.922 		-33.294 		4
v 47.997 		-29.967 		2.998
v 48.1 		-29.758 		2.998
v 48.005 		-33.195 		4
v 26.2723 		-34.9421 		4
v 48.153 		-33.251 		4
v 26.1534 		-34.8953 		4
v 36.8 		-38.8 		4
v 26.0852 		-34.9653 		4
v 26.068 		-34.992 		4
v 7.6 		-2 		4
v 22 		-2 		4
v 25.338 		-27.889 		4
v 24.608 		-27.889 		4
v 24.608 		-27.889 		2.998
v 26.135 		-34.888 		4
v 25.338 		-27.889 		2.998
v 47.16 		-30.67 		2.998
v 47.939 		-30.579 		2.998
v 32.605 		-28.815 		4
v 47.14 		-30.417 		2.998
v 32.425 		-28.81 		4
v 32.203 		-28.834 		4
v 47.924 		-30.423 		2.998
v 24.9026 		-35.0472 		4
v 24.913 		-35.07 		4
v 25.02 		-35.212 		4
v 25.083 		-35.272 		4
v 25.1625 		-35.3268 		4
v 25.378 		-35.416 		4
v 31.986 		-28.89 		4
v 25.545 		-35.437 		4
v 25.464 		-35.212 		4
v 25.355 		-35.18 		4
v 31.901 		-28.922 		4
v 31.762 		-28.986 		4
v 25.151 		-35.322 		4
v 32.019 		-29.66 		4
v 32.187 		-29.557 		4
v 46.4 		-29.661 		2.998
v 46.353 		-29.501 		2.998
v 46.31 		-29.397 		2.998
v 46.258 		-29.299 		2.998
v 46.162 		-29.166 		2.998
v 46.228 		-29.254 		4
v 24.819 		-34.864 		4
v 46.332 		-29.449 		4
v 32.324 		-29.518 		4
v 32.59 		-29.506 		4
v 46.127 		-29.124 		4
v 25.264 		-35.133 		4
v 25.188 		-35.071 		4
v 32.605 		-28.815 		2.998
v 32.381 		-28.813 		2.998
v 25.082 		-34.908 		4
v 32.203 		-28.834 		2.998
v 31.762 		-28.986 		2.998
v 24.5442 		-33.6603 		4
v 24.468 		-33.661 		4
v 24.359 		-33.662 		4
v 24.328 		-33.677 		4
v 24.278 		-33.75 		4
v 24.2632 		-33.792 		4
v 24.4969 		-33.792 		4
v 24.545 		-33.658 		4
v 32.144 		-29.579 		2.998
v 8.875 		-29.798 		3.584
v 8.9438 		-29.772 		3.7708
v 22.5606 		-33.792 		4
v 32.324 		-29.518 		2.998
v 22.528 		-33.7632 		4
v 32.59 		-29.506 		2.998
v 8.9751 		-29.7668 		3.584
v 23.324 		-33.792 		4
v 23.298 		-33.72 		4
v 23.1782 		-33.6668 		4
v 23.064 		-33.67 		4
v 23.1078 		-33.792 		4
v 23.241 		-33.665 		4
v 8.919 		-29.7763 		3.9427
v 8.8889 		-29.7916 		3.584
v 31.271 		-29.412 		2.998
v 31.154 		-29.601 		2.998
v 31.515 		-29.148 		4
v 31.408 		-29.244 		4
v 31.313 		-29.352 		4
v 24.1291 		-34.816 		4
v 23.9014 		-34.816 		4
v 23.552 		-34.4227 		4
v 56.2 		-16.6 		4
v 56.2 		-31.4 		4
v 22.838 		-34.578 		4
v 14.837 		-35.158 		4
v 14.995 		-35.299 		4
v 22.82 		-34.339 		4
v 15.177 		-35.391 		4
v 22.795 		-34.209 		4
v 22.682 		-33.929 		4
v 22.607 		-33.833 		4
v 15.206 		-35.174 		4
v 22.571 		-34.239 		4
v 14.758 		-35.025 		4
v 49.353 		-28.904 		4
v 22.5754 		-34.2656 		4
v 50.002 		-28.904 		4
v 49.353 		-29.062 		4
v 14.711 		-34.9151 		4
v 49.329 		-30.646 		4
v 49.346 		-30.436 		4
v 49.334 		-30.221 		4
v 49.301 		-30.006 		4
v 49.259 		-29.857 		4
v 51.8 		-31.4 		4
v 23.4758 		-34.816 		4
v 49.204 		-31.033 		4
v 49.267 		-30.905 		4
v 49.298 		-30.802 		4
v 22.528 		-34.1129 		4
v 22.597 		-34.397 		4
v 15.08 		-35.088 		4
v 15 		-34.975 		4
v 22.513 		-33.75 		4
v 22.436 		-33.706 		4
v 14.6816 		-34.816 		4
v 22.324 		-33.659 		4
v 14.699 		-34.887 		4
v 22.2029 		-33.6335 		4
v 31.154 		-29.601 		4
v 47.104 		-28.672 		4
v -28.672 		24.576 		0
v 31.983 		-29.697 		2.998
v 31.888 		-29.823 		2.998
v 31.888 		-29.823 		4
v 46.4 		-29.661 		4
v 31.809 		-30.049 		4
v 31.792 		-30.13 		2.998
v 45.853 		-28.921 		4
v 31.779 		-30.211 		4
v 46.046 		-29.048 		4
v 31.77 		-30.353 		2.998
v 31.768 		-30.373 		4
v 45.736 		-28.873 		4
v 31.778 		-30.538 		2.998
v 31.778 		-30.538 		4
v 45.576 		-28.832 		4
v 45.116 		-28.817 		4
v 45.246 		-28.812 		4
v 31.001 		-30.064 		4
v 30.973 		-30.259 		4
v 30.973 		-30.259 		2.998
v 30.968 		-30.39 		4
v 30.985 		-30.654 		4
v 30.985 		-30.654 		2.998
v 31.047 		-29.87 		2.998
v 31.07 		-29.806 		4
v 8.9921 		-29.764 		3.4826
v 30.229 		-29.502 		2.998
v 30.279 		-29.611 		2.998
v 30.254 		-29.557 		4
v 9.0003 		-29.7638 		3.328
v 30.136 		-29.35 		2.998
v 30.022 		-29.21 		2.998
v 29.977 		-29.168 		4
v 30.136 		-29.35 		4
v 29.882 		-29.088 		2.998
v 29.831 		-29.05 		4
v 8.875 		-29.798 		3.456
v 29.702 		-28.972 		4
v 8.8835 		-29.7944 		3.5193
v 45.288 		-29.522 		4
v 45.156 		-29.499 		4
v 14.976 		-34.941 		4
v 45.48 		-29.634 		4
v 45.409 		-29.574 		4
v 29.157 		-28.814 		4
v 46.449 		-29.933 		4
v 46.471 		-30.26 		4
v 29.014 		-28.809 		4
v 28.869 		-28.816 		4
v 45.686 		-30.11 		4
v 45.709 		-30.295 		4
v 21.936 		-33.619 		4
v 21.772 		-33.659 		4
v 21.5586 		-33.7741 		4
v 45.655 		-29.977 		4
v 45.611 		-29.849 		4
v 45.543 		-29.714 		4
v 16.384 		-36.864 		4
v 12.773 		-35.387 		4
v 12.984 		-35.387 		4
v 48.146 		-31.108 		4
v 48.204 		-31.165 		4
v 48.384 		-31.262 		4
v 48.715 		-31.301 		4
v 14.001 		-35.387 		4
v 14.239 		-35.387 		4
v 21.557 		-33.775 		4
v 21.5358 		-33.792 		4
v 48.273 		-31.213 		4
v 48.843 		-31.292 		4
v 48.967 		-31.249 		4
v 49.116 		-31.143 		4
v 47.279 		-31.12 		4
v 22.101 		-33.612 		4
v 47.981 		-30.776 		4
v 48.021 		-30.897 		4
v 48.056 		-30.973 		4
v 47.76 		-31.733 		4
v 47.542 		-31.54 		4
v 47.375 		-31.311 		4
v 20.746 		-33.038 		4
v 20.519 		-33.038 		4
v 49.148 		-31.841 		4
v 48.943 		-31.917 		4
v 48.133 		-31.925 		4
v 48.615 		-31.981 		4
v 22.511 		-34.063 		4
v 48.292 		-31.965 		4
v 48.452 		-31.983 		4
v 22.45 		-33.972 		4
v 21.504 		-34.2638 		4
v 48.335 		-32.557 		4
v 21.525 		-34.174 		4
v 48.45 		-32.592 		4
v 48.581 		-32.607 		4
v 48.858 		-32.574 		4
v 48.986 		-32.526 		4
v 49.094 		-32.459 		4
v 21.504 		-33.8176 		4
v 48.066 		-32.359 		4
v 47.975 		-31.862 		4
v 47.401 		-32.673 		4
v 22.393 		-33.921 		4
v 21.635 		-33.988 		4
v 21.684 		-33.945 		4
v 21.578 		-34.062 		4
v 46.475 		-31.9 		4
v 21.834 		-33.855 		4
v 45.718 		-31.9 		4
v 21.912 		-33.828 		4
v 45.03 		-28.827 		4
v 44.864 		-28.864 		4
v 44.629 		-28.966 		4
v 22.032 		-33.811 		4
v 44.744 		-28.908 		4
v 22.1076 		-33.8159 		4
v 22.155 		-33.819 		4
v 22.238 		-33.842 		4
v 46.001 		-29.014 		2.998
v 45.853 		-28.921 		2.998
v 45.736 		-28.873 		2.998
v 44.305 		-28.906 		4
v 45.267 		-28.812 		2.998
v 44.305 		-29.204 		4
v 44.958 		-29.512 		4
v 44.842 		-29.538 		4
v 44.742 		-29.581 		4
v 44.622 		-29.674 		4
v 43.669 		-28.906 		4
v 44.51 		-29.837 		4
v 44.46 		-29.981 		4
v 44.422 		-30.415 		4
v 21.517 		-34.816 		4
v 42.704 		-28.906 		4
v 21.504 		-34.7577 		4
v 41.975 		-28.906 		4
v 41.019 		-31.881 		4
v 42.704 		-31.88 		4
v 41.975 		-31.88 		4
v 43.669 		-31.886 		4
v 21.496 		-34.722 		4
v 21.343 		-34.0387 		4
v 21.324 		-34.071 		4
v 21.241 		-34.327 		4
v 21.23 		-34.596 		4
v 21.2738 		-34.816 		4
v 44.42 		-31.886 		4
v 21.396 		-33.949 		4
v 21.487 		-34.397 		4
v 21.496 		-34.298 		4
v 21.491 		-33.828 		4
v 40.262 		-27.887 		4
v 40.262 		-28.993 		4
v 40.119 		-28.911 		4
v 21.499 		-34.578 		4
v 40.163 		-29.652 		4
v 40.051 		-29.56 		4
v 39.909 		-28.846 		4
v 39.71 		-28.815 		4
v 39.048 		-28.899 		4
v 39.407 		-28.819 		4
v 39.509 		-28.812 		4
v 29.57 		-28.91 		4
v 29.435 		-28.864 		4
v 39.367 		-29.54 		4
v 39.483 		-29.5 		4
v 39.931 		-29.497 		4
v 39.802 		-29.469 		4
v 39.67 		-29.465 		4
v 39.222 		-29.638 		4
v 40.341 		-30.715 		4
v 40.358 		-30.529 		4
v 40.351 		-30.202 		4
v 40.342 		-30.063 		4
v 40.318 		-29.925 		4
v 40.286 		-29.838 		4
v 23.923 		-35.39 		4
v 23.799 		-35.106 		4
v 39.04 		-29.917 		4
v 39 		-30.028 		4
v 39.07 		-29.857 		4
v 45.514 		-28.824 		2.998
v 23.552 		-35.0282 		4
v 23.682 		-35.39 		4
v 39.144 		-29.735 		4
v 38.975 		-30.126 		4
v 38.95 		-30.325 		4
v 38.956 		-30.525 		4
v 38.97 		-30.626 		4
v 38.623 		-29.166 		4
v 38.82 		-29.011 		4
v 38.497 		-29.313 		4
v 38.356 		-29.532 		4
v 45.48 		-29.634 		2.998
v 22.528 		-35.3009 		4
v 22.592 		-35.254 		4
v 22.7207 		-35.1008 		4
v 22.793 		-34.963 		4
v 22.634 		-34.911 		4
v 22.5878 		-34.9317 		4
v 22.535 		-34.994 		4
v 22.528 		-35.0023 		4
v 45.409 		-29.574 		2.998
v 36.921 		-28.924 		4
v 37.022 		-28.975 		4
v 37.416 		-29.476 		4
v 45.108 		-29.5 		2.998
v 22.576 		-34.937 		4
v 37.261 		-29.189 		4
v 22.719 		-35.104 		4
v 45.246 		-29.509 		2.998
v 38.278 		-29.704 		4
v 38.22 		-29.88 		4
v 38.169 		-30.526 		4
v 38.163 		-30.244 		4
v 29.34 		-29.506 		4
v 28.725 		-29.497 		4
v 37.485 		-29.727 		4
v 37.528 		-30.017 		4
v 29.511 		-29.645 		4
v 29.416 		-29.552 		4
v 37.54 		-30.262 		4
v 40.031 		-31.232 		4
v 45.706 		-30.261 		2.998
v 40.173 		-31.112 		4
v 45.721 		-30.72 		2.998
v 40.229 		-31.035 		4
v 40.31 		-30.854 		4
v 46.475 		-30.525 		2.998
v 46.467 		-30.134 		2.998
v 29.118 		-29.449 		4
v 22.496 		-35.04 		4
v 29.255 		-29.474 		4
v 22.491 		-35.328 		4
v 28.939 		-29.447 		4
v 22.304 		-35.168 		4
v 22.187 		-35.205 		4
v 22.036 		-35.223 		4
v 21.5519 		-35.2807 		4
v 28.809 		-29.469 		4
v 21.615 		-35.328 		4
v 45.664 		-30.009 		2.998
v 29.366 		-28.848 		2.998
v 45.543 		-29.714 		2.998
v 29.157 		-28.814 		2.998
v 45.616 		-29.865 		2.998
v 28.685 		-29.516 		2.998
v 29.45 		-29.581 		2.998
v 29.298 		-29.49 		2.998
v 28.852 		-29.46 		2.998
v 29.539 		-29.68 		2.998
v 28.983 		-29.442 		2.998
v 21.897 		-35.204 		4
v 21.504 		-35.2421 		4
v 21.511 		-35.25 		4
v 21.526 		-34.856 		4
v 48.239 		-31.189 		2.998
v 21.584 		-34.975 		4
v 21.773 		-35.154 		4
v 21.667 		-35.076 		4
v 48.967 		-31.249 		2.998
v 22.383 		-35.129 		4
v 30.402 		-30.597 		2.998
v 30.402 		-30.597 		4
v 30.416 		-30.484 		4
v 30.419 		-30.45 		2.998
v 29.641 		-30.035 		2.998
v 29.641 		-30.035 		4
v 30.337 		-29.785 		2.998
v 30.379 		-29.984 		2.998
v 30.32 		-29.725 		4
v 29.636 		-29.937 		2.998
v 29.636 		-29.937 		4
v 29.601 		-29.802 		2.998
v 29.584 		-29.758 		4
v 9.0115 		-29.7636 		3.1188
v 30.384 		-30.019 		4
v 21.619 		-35.331 		4
v 21.74 		-35.39 		4
v 21.876 		-35.426 		4
v 9.0145 		-29.7635 		3.072
v 22.024 		-35.44 		4
v 22.183 		-35.431 		4
v 22.2774 		-35.4141 		4
v 22.476 		-35.339 		4
v 22.289 		-35.412 		4
v 32.41 		-31.273 		4
v 32.231 		-31.226 		4
v 32.119 		-31.177 		4
v 32.027 		-31.118 		4
v 32.549 		-31.282 		4
v 48.461 		-31.28 		2.998
v 32.646 		-31.272 		4
v 48.692 		-31.3 		2.998
v 31.952 		-31.046 		4
v 31.893 		-30.958 		4
v 31.81 		-30.727 		4
v 32.742 		-31.247 		4
v 21.285 		-34.872 		4
v 21.344 		-35.02 		4
v 21.419 		-35.146 		4
v 32.231 		-31.226 		2.998
v 32.027 		-31.118 		2.998
v 48.8 		-31.3 		2.998
v 20.519 		-35.393 		4
v 20.746 		-35.393 		4
v 31.952 		-31.046 		2.998
v 31.893 		-30.958 		2.998
v 31.81 		-30.727 		2.998
v 18.587 		-33.662 		4
v 18.587 		-33.856 		4
v 18.5895 		-34.816 		4
v 18.8057 		-34.816 		4
v 18.804 		-33.855 		4
v 18.803 		-33.661 		4
v 18.587 		-33.19 		4
v 49.08 		-31.173 		2.998
v 32.41 		-31.273 		2.998
v 32.598 		-31.277 		2.998
v 19.318 		-33.855 		4
v 19.318 		-33.661 		4
v 18.803 		-33.19 		4
v 47.279 		-31.12 		2.998
v 47.41 		-31.372 		2.998
v 47.59 		-31.593 		2.998
v 47.76 		-31.733 		2.998
v 48.089 		-31.025 		2.998
v 47.23 		-30.983 		2.998
v 17.994 		-33.692 		4
v 17.9007 		-33.68 		4
v 17.73 		-33.722 		4
v 17.688 		-33.755 		4
v 17.6581 		-33.792 		4
v 17.9171 		-33.792 		4
v 17.905 		-33.679 		4
v 31.025 		-30.856 		4
v 31.008 		-30.787 		2.998
v 31.064 		-30.99 		2.998
v 31.086 		-31.055 		4
v 31.175 		-31.238 		4
v 31.142 		-31.179 		2.998
v 47.988 		-30.796 		2.998
v 31.53 		-31.654 		4
v 31.474 		-31.609 		2.998
v 31.209 		-31.297 		2.998
v 31.33 		-31.46 		2.998
v 18.224 		-33.662 		4
v 31.374 		-31.512 		4
v 16.7932 		-33.792 		4
v 16.712 		-33.713 		4
v 16.522 		-33.68 		4
v 16.464 		-33.683 		4
v 16.5472 		-33.792 		4
v 16.6167 		-33.676 		4
v 16.617 		-33.676 		4
v 9.024 		-29.762 		2.998
v 32.767 		-31.952 		4
v 32.3 		-31.968 		2.998
v 31.86 		-31.858 		2.998
v 32.3 		-31.968 		4
v -23.3062 		28.672 		4
v 32.15 		-31.947 		4
v 32.609 		-31.97 		4
v 32.767 		-31.952 		2.998
v 9.0182 		-29.7634 		3.0159
v 9.0182 		-29.7634 		2.998
v 17.5811 		-34.816 		4
v 17.408 		-34.5899 		4
v 17.612 		-33.849 		4
v 17.408 		-34.1268 		4
v 17.408 		-34.4543 		4
v 31.86 		-31.858 		4
v 31.72 		-31.787 		2.998
v 18.224 		-33.856 		4
v 31.72 		-31.787 		4
v 16.985 		-34.691 		4
v 16.8887 		-34.816 		4
v 17.1325 		-34.816 		4
v 17.223 		-34.692 		4
v 17.236 		-34.361 		4
v 30.382 		-31.115 		4
v 30.382 		-31.115 		2.998
v 30.299 		-31.28 		4
v 17.1324 		-34.2254 		4
v 30.299 		-31.28 		2.998
v 17.08 		-34.525 		4
v 17.073 		-34.565 		4
v 30.203 		-31.427 		4
v 30.203 		-31.427 		2.998
v 30.092 		-31.557 		4
v 30.092 		-31.557 		2.998
v 29.968 		-31.669 		2.998
v 29.968 		-31.669 		4
v 48.133 		-31.925 		2.998
v 48.292 		-31.965 		2.998
v 48.452 		-31.983 		2.998
v 48.615 		-31.981 		2.998
v 48.943 		-31.917 		2.998
v 29.127 		-31.268 		4
v 9.035 		-29.763 		2.998
v 29.243 		-31.241 		4
v 28.887 		-31.27 		4
v 8.875 		-29.798 		2.998
v 8.952 		-29.765 		2.998
v 29.543 		-31.051 		4
v 29.453 		-31.133 		4
v 28.77 		-31.247 		4
v 48.72 		-32.6 		2.998
v 48.581 		-32.607 		2.998
v 48.335 		-32.557 		2.998
v 29.686 		-30.916 		4
v 29.659 		-30.92 		4
v 29.626 		-30.94 		4
v 48.45 		-32.592 		2.998
v 48.986 		-32.526 		2.998
v 48.858 		-32.574 		2.998
v 29.453 		-31.133 		2.998
v 49.094 		-32.459 		2.998
v 29.543 		-31.051 		2.998
v 29.626 		-30.94 		2.998
v 29.659 		-30.92 		2.998
v 29.686 		-30.916 		2.998
v 47.401 		-32.673 		2.998
v 48.066 		-32.359 		2.998
v 8.749 		-29.89 		2.998
v 29.068 		-31.273 		2.998
v 28.77 		-31.247 		2.998
v 47.975 		-31.862 		2.998
v 8.746 		-29.893 		2.998
v 8.745 		-29.893 		2.998
v 8.748 		-29.891 		2.998
v 8.749 		-29.891 		2.998
v 46.475 		-31.9 		2.998
v 29.831 		-31.764 		2.998
v 29.682 		-31.842 		2.998
v 29.682 		-31.842 		4
v 29.831 		-31.764 		4
v 45.718 		-31.9 		2.998
v 28.877 		-31.977 		2.998
v 28.724 		-31.957 		2.998
v 29.071 		-31.975 		4
v 28.724 		-31.957 		4
v 29.188 		-31.971 		2.998
v 8.985 		-30.059 		2.998
v 9.018 		-30.041 		2.998
v 29.345 		-31.947 		2.998
v 29.345 		-31.947 		4
v 17.07 		-34.477 		4
v 16.825 		-33.823 		4
v 9.073 		-30.027 		2.998
v 28.551 		-28.872 		4
v 28.392 		-28.926 		4
v 28.246 		-28.996 		4
v 28.111 		-29.083 		4
v 27.988 		-29.186 		4
v 27.827 		-29.372 		4
v 8.345 		-30.611 		2.998
v 27.688 		-29.588 		4
v 44.905 		-28.854 		2.998
v 44.525 		-29.036 		2.998
v 28.565 		-29.584 		4
v 28.512 		-29.625 		4
v 9.294 		-31.488 		2.998
v 44.305 		-28.906 		2.998
v 44.842 		-29.538 		2.998
v 44.305 		-29.204 		2.998
v 44.742 		-29.581 		2.998
v 9.91 		-31.408 		2.998
v 44.622 		-29.674 		2.998
v 9.363 		-31.499 		2.998
v 43.669 		-28.906 		2.998
v 9.412 		-31.483 		2.998
v 17.2242 		-34.6931 		4
v 44.422 		-30.415 		2.998
v 17.356 		-34.522 		4
v 17.266 		-34.732 		4
v 44.428 		-30.263 		2.998
v 44.46 		-29.981 		2.998
v 17.3284 		-34.816 		4
v 44.51 		-29.837 		2.998
v 18.6984 		-35.2751 		4
v 18.832 		-35.371 		4
v 18.923 		-35.401 		4
v 19.021 		-35.417 		4
v 19.122 		-35.418 		4
v 19.319 		-35.377 		4
v 9.185 		-31.738 		2.998
v 19.319 		-35.22 		4
v 19.156 		-35.22 		4
v 42.704 		-28.906 		2.998
v 41.975 		-28.906 		2.998
v 18.985 		-35.205 		4
v 18.931 		-35.185 		4
v 18.877 		-35.146 		4
v 43.669 		-31.886 		2.998
v 44.42 		-31.886 		2.998
v 18.5898 		-34.9386 		4
v 18.59 		-35.03 		4
v 18.613 		-35.13 		4
v 9.161 		-31.728 		2.998
v 41.019 		-31.881 		2.998
v 42.704 		-31.88 		2.998
v 41.975 		-31.88 		2.998
v 18.836 		-35.091 		4
v 18.806 		-35.007 		4
v 8.626 		-31.246 		2.998
v 40.262 		-27.887 		2.998
v 18.683 		-35.264 		4
v 40.051 		-29.56 		2.998
v 40.262 		-28.993 		2.998
v 40.119 		-28.911 		2.998
v 16.444 		-35.393 		4
v 16.605 		-35.392 		4
v 16.7292 		-35.3572 		4
v 16.753 		-35.336 		4
v 16.6732 		-35.3916 		4
v 16.698 		-35.385 		4
v 17.3317 		-34.8204 		4
v 9.392 		-31.844 		2.998
v 17.5781 		-35.152 		4
v 17.7946 		-35.0947 		4
v 40.185 		-29.677 		2.998
v 16.664 		-35.394 		4
v 9.385 		-31.845 		2.998
v 17.714 		-35.335 		4
v 17.754 		-35.372 		4
v 17.7912 		-35.3846 		4
v 18.0155 		-35.3832 		4
v 8.539 		-32.283 		2.998
v 8.583 		-32.587 		2.998
v 7.577 		-26.259 		2.998
v 17.807 		-35.39 		4
v 18.023 		-35.393 		4
v 39.86 		-28.837 		2.998
v 39.559 		-28.814 		2.998
v 39.304 		-28.833 		2.998
v 6.965 		-25.8 		2.998
v 6.933 		-25.812 		2.998
v 6.888 		-25.864 		2.998
v 6.878 		-25.883 		2.998
v 6.864 		-25.941 		2.998
v 7.121 		-26.255 		2.998
v 39.173 		-28.86 		2.998
v 7.064 		-25.815 		2.998
v 39.931 		-29.497 		2.998
v 39.802 		-29.469 		2.998
v 7.148 		-25.871 		2.998
v 39.624 		-29.471 		2.998
v 39.484 		-29.498 		2.998
v 7.13 		-26.222 		2.998
v 39.178 		-29.69 		2.998
v 39.33 		-29.562 		2.998
v 8.049 		-27.055 		2.998
v 40.242 		-29.754 		2.998
v 40.302 		-29.881 		2.998
v 40.342 		-30.063 		2.998
v 40.341 		-30.715 		2.998
v 40.358 		-30.529 		2.998
v 38.961 		-30.551 		2.998
v 38.954 		-30.275 		2.998
v 38.988 		-30.077 		2.998
v 38.82 		-29.011 		2.998
v 38.671 		-29.125 		2.998
v 38.536 		-29.26 		2.998
v 38.356 		-29.532 		2.998
v 36.921 		-28.924 		2.998
v 37.022 		-28.975 		2.998
v 37.261 		-29.189 		2.998
v 37.373 		-29.374 		2.998
v 37.191 		-29.108 		2.998
v 37.465 		-29.631 		2.998
v 15.979 		-33.792 		4
v 15.867 		-33.708 		4
v 15.741 		-33.651 		4
v 15.603 		-33.619 		4
v 15.454 		-33.611 		4
v 15.297 		-33.626 		4
v 15.151 		-33.664 		4
v 15.025 		-33.722 		4
v 14.9299 		-33.792 		4
v 38.278 		-29.704 		2.998
v 38.22 		-29.88 		2.998
v 38.176 		-30.62 		2.998
v 16.1928 		-34.1781 		4
v 16.15 		-34.044 		4
v 16.073 		-33.904 		4
v 15.729 		-33.865 		4
v 15.809 		-33.919 		4
v 38.163 		-30.244 		2.998
v 15.589 		-33.826 		4
v 15.373 		-33.825 		4
v 37.519 		-29.92 		2.998
v 15.36 		-33.8279 		4
v 16.2336 		-34.3935 		4
v 16.211 		-34.235 		4
v 15.877 		-33.995 		4
v 37.54 		-30.262 		2.998
v 16.26 		-34.579 		4
v 15.935 		-34.099 		4
v 40.173 		-31.112 		2.998
v 40.069 		-31.205 		2.998
v 15.98 		-34.232 		4
v 16.012 		-34.397 		4
v 40.275 		-30.948 		2.998
v 40.31 		-30.854 		2.998
v 14.919 		-33.8 		4
v 14.832 		-33.895 		4
v 14.762 		-34.004 		4
v 14.673 		-34.258 		4
v 14.667 		-34.304 		4
v 15.001 		-34.041 		4
v 15.063 		-33.962 		4
v 15.224 		-33.858 		4
v 14.951 		-34.139 		4
v 14.648 		-34.45 		4
v 14.646 		-34.599 		4
v 14.664 		-34.744 		4
v 49.328 		-30.167 		2.998
v 49.353 		-29.062 		2.998
v 49.353 		-28.904 		2.998
v 50.002 		-28.904 		2.998
v 49.291 		-29.955 		2.998
v 49.346 		-30.383 		2.998
v 49.337 		-30.568 		2.998
v 49.237 		-29.811 		2.998
v 49.204 		-31.033 		2.998
# 2193 vertices

g group_0_13463636

usemtl color_13463636
s 0

f 3 	5 	4
f 6 	7 	5
f 6 	5 	8
f 3 	8 	5
f 6 	9 	7
f 10 	8 	11
f 8 	10 	6
f 2 	11 	8
f 10 	49 	6
f 8 	3 	2
f 16 	12 	17
f 18 	77 	12
f 13 	77 	18
f 16 	18 	12
f 16 	17 	19
f 14 	16 	19
f 15 	14 	19
f 20 	21 	22
f 23 	22 	21
f 21 	24 	20
f 31 	40 	20
f 23 	39 	21
f 31 	20 	24
f 26 	27 	25
f 21 	20 	29
f 28 	29 	20
f 26 	42 	27
f 22 	27 	26
f 28 	20 	26
f 22 	26 	20
f 27 	40 	26
f 29 	43 	21
f 42 	26 	25
f 26 	25 	30
f 26 	30 	28
f 32 	33 	25
f 45 	33 	32
f 46 	30 	32
f 33 	32 	30
f 33 	45 	25
f 25 	33 	30
f 33 	26 	34
f 25 	26 	33
f 31 	34 	26
f 6 	34 	9
f 34 	6 	47
f 20 	36 	21
f 20 	22 	36
f 37 	36 	22
f 21 	36 	23
f 38 	23 	36
f 39 	49 	35
f 35 	24 	39
f 38 	37 	23
f 22 	23 	37
f 37 	22 	40
f 22 	20 	40
f 39 	23 	38
f 24 	21 	39
f 41 	32 	27
f 27 	42 	41
f 37 	41 	27
f 37 	27 	22
f 31 	26 	40
f 41 	40 	27
f 23 	21 	43
f 23 	43 	38
f 25 	27 	32
f 44 	32 	41
f 32 	44 	45
f 32 	44 	46
f 33 	48 	32
f 25 	45 	42
f 40 	49 	37
f 49 	39 	38
f 49 	38 	36
f 36 	37 	49
f 38 	1329 	37
f 44 	41 	1329
f 46 	44 	1329
f 42 	49 	41
f 41 	37 	1329
f 43 	1329 	38
f 48 	47 	44
f 41 	49 	40
f 45 	49 	42
f 47 	48 	34
f 44 	32 	48
f 34 	48 	33
f 47 	6 	49
f 49 	45 	47
f 44 	47 	45
f 92 	83 	51
f 92 	51 	52
f 92 	52 	69
f 51 	53 	52
f 54 	55 	56
f 57 	58 	54
f 57 	59 	58
f 55 	58 	59
f 59 	70 	55
f 55 	70 	56
f 50 	58 	57
f 56 	55 	51
f 51 	60 	53
f 54 	61 	62
f 54 	62 	55
f 63 	61 	58
f 54 	58 	61
f 64 	62 	61
f 58 	62 	63
f 55 	62 	58
f 64 	63 	62
f 63 	58 	50
f 62 	60 	55
f 64 	60 	62
f 51 	55 	60
f 56 	87 	2024
f 66 	65 	67
f 52 	53 	69
f 55 	56 	66
f 55 	66 	62
f 63 	68 	57
f 63 	57 	58
f 64 	62 	67
f 66 	67 	62
f 57 	54 	59
f 68 	86 	57
f 87 	70 	54
f 59 	54 	70
f 54 	56 	83
f 56 	51 	83
f 50 	57 	85
f 57 	59 	85
f 70 	85 	59
f 100 	72 	71
f 72 	100 	74
f 72 	74 	76
f 74 	73 	76
f 78 	76 	73
f 78 	73 	75
f 75 	13 	78
f 13 	75 	77
f 80 	81 	82
f 82 	81 	79
f 83 	81 	80
f 83 	80 	84
f 83 	84 	85
f 81 	83 	92
f 81 	92 	79
f 85 	87 	83
f 92 	69 	90
f 84 	50 	85
f 59 	57 	86
f 56 	70 	87
f 87 	88 	2024
f 88 	2073 	2024
f 87 	70 	88
f 70 	59 	88
f 86 	88 	59
f 87 	54 	83
f 87 	85 	70
f 99 	82 	79
f 89 	90 	91
f 92 	90 	89
f 93 	94 	89
f 89 	91 	93
f 94 	79 	89
f 92 	89 	79
f 95 	97 	96
f 96 	98 	95
f 98 	99 	79
f 96 	99 	98
f 287 	94 	93
f 94 	287 	95
f 275 	95 	287
f 95 	98 	94
f 94 	98 	79
f 253 	100 	71
f 71 	101 	253
f 103 	106 	102
f 103 	104 	106
f 257 	106 	104
f 115 	1814 	111
f 112 	115 	111
f 112 	2022 	116
f 116 	2022 	113
f 114 	125 	113
f 113 	125 	116
f 110 	111 	1814
f 112 	116 	115
f 126 	127 	114
f 120 	121 	122
f 123 	124 	125
f 120 	123 	121
f 120 	124 	123
f 118 	1831 	119
f 127 	129 	121
f 121 	123 	127
f 125 	114 	123
f 114 	127 	123
f 115 	116 	125
f 128 	129 	127
f 127 	126 	128
f 129 	128 	130
f 129 	130 	131
f 131 	130 	132
f 131 	132 	133
f 129 	131 	121
f 119 	121 	131
f 133 	119 	131
f 134 	142 	135
f 138 	141 	151
f 141 	152 	151
f 142 	134 	143
f 143 	136 	137
f 143 	134 	136
f 143 	137 	144
f 145 	117 	118
f 145 	137 	117
f 145 	118 	119
f 145 	144 	137
f 143 	144 	146
f 141 	146 	144
f 141 	145 	152
f 146 	147 	143
f 144 	145 	141
f 133 	152 	119
f 141 	138 	146
f 146 	138 	139
f 146 	139 	147
f 147 	139 	140
f 148 	147 	140
f 147 	148 	143
f 149 	154 	150
f 133 	132 	153
f 152 	133 	153
f 151 	152 	153
f 145 	119 	152
f 149 	155 	154
f 158 	156 	157
f 148 	140 	157
f 157 	156 	148
f 156 	158 	2007
f 1994 	142 	156
f 2007 	1994 	156
f 1450 	161 	162
f 161 	149 	162
f 150 	162 	149
f 154 	155 	159
f 160 	159 	155
f 160 	155 	161
f 149 	161 	155
f 163 	164 	165
f 163 	165 	166
f 167 	168 	169
f 167 	169 	170
f 167 	170 	171
f 167 	171 	172
f 172 	173 	167
f 168 	167 	173
f 169 	168 	173
f 169 	173 	174
f 175 	176 	177
f 175 	177 	178
f 178 	172 	175
f 171 	175 	172
f 172 	178 	177
f 173 	172 	177
f 166 	165 	185
f 186 	163 	185
f 166 	185 	163
f 189 	188 	185
f 184 	183 	186
f 184 	186 	185
f 180 	177 	179
f 176 	179 	177
f 173 	177 	181
f 180 	181 	177
f 182 	174 	181
f 173 	181 	174
f 165 	189 	185
f 165 	164 	189
f 190 	189 	164
f 182 	181 	180
f 182 	180 	179
f 187 	183 	184
f 187 	184 	188
f 184 	185 	188
f 187 	188 	189
f 187 	189 	190
f 191 	192 	193
f 191 	193 	194
f 195 	191 	194
f 195 	194 	196
f 198 	195 	196
f 198 	196 	199
f 204 	206 	207
f 205 	204 	207
f 209 	207 	206
f 209 	206 	210
f 211 	209 	210
f 211 	210 	212
f 213 	211 	212
f 215 	211 	213
f 214 	215 	213
f 214 	213 	217
f 217 	218 	219
f 214 	217 	219
f 220 	221 	218
f 219 	218 	221
f 221 	220 	222
f 221 	222 	224
f 224 	222 	193
f 224 	193 	192
f 251 	201 	227
f 236 	226 	225
f 216 	232 	208
f 230 	231 	229
f 230 	229 	228
f 208 	232 	234
f 236 	225 	237
f 233 	235 	236
f 233 	236 	237
f 232 	240 	227
f 240 	248 	227
f 240 	216 	202
f 248 	240 	202
f 240 	232 	216
f 244 	245 	246
f 246 	245 	247
f 255 	249 	248
f 227 	248 	251
f 254 	252 	107
f 200 	201 	250
f 251 	250 	201
f 254 	107 	108
f 197 	227 	201
f 108 	101 	254
f 248 	202 	203
f 251 	248 	250
f 108 	253 	101
f 203 	255 	248
f 258 	105 	256
f 257 	104 	105
f 257 	105 	258
f 107 	252 	256
f 249 	223 	250
f 200 	250 	223
f 252 	258 	256
f 259 	260 	261
f 259 	261 	262
f 262 	261 	264
f 262 	264 	266
f 268 	269 	265
f 263 	265 	269
f 259 	262 	266
f 259 	266 	267
f 291 	265 	290
f 263 	290 	265
f 274 	271 	272
f 275 	276 	97
f 275 	274 	276
f 275 	97 	95
f 275 	271 	274
f 277 	278 	279
f 277 	279 	280
f 281 	282 	283
f 284 	281 	283
f 280 	282 	285
f 277 	280 	285
f 282 	281 	285
f 284 	283 	273
f 283 	286 	273
f 279 	287 	93
f 278 	287 	279
f 285 	281 	271
f 287 	278 	271
f 278 	277 	271
f 285 	271 	277
f 284 	271 	281
f 273 	271 	284
f 275 	287 	271
f 288 	289 	102
f 289 	103 	102
f 292 	293 	291
f 292 	291 	290
f 296 	294 	295
f 297 	296 	298
f 298 	296 	295
f 299 	297 	298
f 300 	299 	301
f 302 	297 	299
f 300 	302 	299
f 300 	301 	303
f 304 	300 	303
f 304 	303 	305
f 306 	304 	305
f 306 	305 	307
f 308 	309 	310
f 310 	309 	311
f 312 	310 	311
f 312 	311 	313
f 314 	312 	313
f 314 	313 	315
f 314 	315 	316
f 314 	316 	317
f 318 	319 	320
f 318 	320 	321
f 321 	322 	323
f 318 	321 	323
f 324 	325 	326
f 324 	326 	327
f 328 	324 	327
f 328 	327 	329
f 330 	328 	329
f 330 	329 	331
f 332 	330 	331
f 332 	331 	333
f 334 	332 	333
f 334 	333 	335
f 336 	334 	335
f 336 	335 	337
f 338 	336 	337
f 338 	337 	339
f 338 	339 	320
f 338 	320 	319
f 307 	341 	306
f 340 	306 	341
f 342 	340 	341
f 342 	341 	343
f 344 	342 	343
f 344 	343 	308
f 310 	344 	308
f 325 	317 	326
f 316 	326 	317
f 345 	406 	346
f 347 	345 	346
f 347 	346 	348
f 349 	347 	348
f 349 	348 	350
f 351 	349 	350
f 351 	350 	352
f 353 	351 	352
f 353 	352 	354
f 355 	353 	354
f 355 	354 	356
f 357 	355 	356
f 357 	356 	358
f 359 	357 	358
f 359 	358 	360
f 361 	359 	360
f 362 	363 	364
f 362 	364 	365
f 294 	362 	365
f 294 	365 	295
f 361 	360 	366
f 367 	361 	366
f 367 	366 	368
f 363 	367 	368
f 364 	363 	368
f 369 	370 	371
f 369 	371 	372
f 371 	370 	373
f 374 	371 	373
f 375 	323 	322
f 376 	375 	322
f 377 	378 	376
f 377 	376 	322
f 378 	377 	379
f 379 	380 	381
f 378 	379 	381
f 372 	381 	380
f 369 	372 	380
f 382 	374 	383
f 382 	383 	384
f 383 	374 	373
f 384 	383 	385
f 386 	384 	385
f 387 	384 	386
f 386 	389 	387
f 389 	386 	391
f 389 	391 	388
f 388 	391 	390
f 388 	390 	392
f 393 	388 	392
f 394 	393 	392
f 395 	393 	394
f 395 	394 	396
f 394 	397 	396
f 398 	396 	397
f 399 	396 	398
f 398 	401 	399
f 401 	398 	402
f 401 	402 	400
f 400 	403 	404
f 401 	400 	404
f 405 	404 	403
f 405 	403 	406
f 345 	405 	406
f 407 	408 	409
f 410 	407 	409
f 411 	410 	409
f 411 	409 	412
f 413 	411 	412
f 413 	412 	414
f 415 	413 	414
f 416 	415 	417
f 418 	419 	416
f 416 	419 	420
f 416 	417 	418
f 415 	414 	417
f 420 	419 	421
f 422 	408 	407
f 425 	423 	424
f 425 	424 	428
f 426 	425 	427
f 425 	428 	427
f 429 	426 	427
f 429 	427 	430
f 429 	430 	431
f 432 	431 	433
f 434 	429 	431
f 432 	434 	431
f 435 	432 	433
f 435 	433 	436
f 437 	435 	436
f 437 	436 	438
f 438 	422 	437
f 422 	438 	408
f 441 	439 	440
f 441 	440 	442
f 443 	441 	442
f 443 	442 	444
f 445 	443 	444
f 445 	444 	446
f 447 	448 	449
f 423 	447 	449
f 423 	449 	424
f 450 	445 	446
f 450 	446 	451
f 452 	450 	451
f 453 	452 	448
f 452 	451 	454
f 452 	454 	448
f 448 	447 	453
f 455 	556 	456
f 457 	455 	456
f 457 	456 	458
f 459 	457 	458
f 459 	458 	460
f 461 	459 	460
f 461 	460 	462
f 463 	461 	462
f 463 	462 	464
f 465 	463 	464
f 465 	464 	466
f 467 	465 	466
f 467 	466 	468
f 469 	467 	468
f 469 	468 	470
f 471 	469 	470
f 471 	470 	472
f 473 	471 	472
f 473 	472 	474
f 475 	473 	474
f 475 	474 	476
f 477 	475 	476
f 477 	476 	478
f 478 	440 	477
f 439 	477 	440
f 481 	562 	482
f 479 	480 	1067
f 557 	558 	482
f 481 	482 	558
f 483 	484 	485
f 484 	486 	485
f 484 	487 	486
f 487 	488 	486
f 487 	489 	488
f 488 	490 	491
f 489 	490 	488
f 490 	492 	493
f 490 	493 	491
f 494 	495 	493
f 492 	494 	493
f 495 	496 	497
f 496 	498 	497
f 494 	496 	495
f 498 	499 	497
f 498 	500 	501
f 498 	501 	499
f 500 	502 	501
f 502 	503 	504
f 503 	502 	500
f 503 	505 	504
f 505 	506 	507
f 503 	506 	505
f 506 	508 	507
f 509 	510 	507
f 508 	509 	507
f 510 	509 	512
f 511 	512 	509
f 514 	420 	513
f 421 	513 	420
f 515 	516 	517
f 515 	517 	518
f 517 	516 	519
f 517 	519 	520
f 522 	514 	521
f 513 	521 	514
f 522 	521 	523
f 522 	523 	524
f 524 	523 	525
f 524 	525 	526
f 526 	525 	527
f 526 	527 	528
f 528 	527 	529
f 528 	529 	530
f 530 	529 	531
f 530 	531 	532
f 532 	531 	515
f 532 	515 	518
f 533 	534 	536
f 535 	536 	534
f 519 	538 	520
f 537 	520 	538
f 539 	537 	538
f 539 	538 	540
f 540 	541 	542
f 539 	540 	542
f 543 	542 	541
f 543 	541 	544
f 545 	543 	544
f 545 	544 	546
f 545 	546 	535
f 545 	535 	534
f 533 	547 	548
f 533 	536 	547
f 548 	547 	549
f 548 	549 	550
f 551 	550 	549
f 551 	549 	552
f 553 	551 	552
f 553 	552 	554
f 555 	553 	554
f 555 	554 	556
f 455 	555 	556
f 511 	682 	512
f 560 	480 	559
f 479 	559 	480
f 481 	561 	562
f 685 	874 	561
f 563 	564 	565
f 563 	566 	564
f 563 	565 	567
f 563 	567 	592
f 199 	568 	569
f 199 	569 	198
f 568 	570 	571
f 569 	568 	571
f 572 	570 	573
f 574 	571 	570
f 572 	574 	570
f 578 	577 	575
f 573 	576 	572
f 573 	578 	576
f 576 	578 	575
f 577 	579 	575
f 577 	580 	579
f 580 	581 	579
f 580 	582 	581
f 582 	585 	581
f 582 	583 	585
f 587 	585 	583
f 587 	583 	584
f 564 	566 	586
f 588 	584 	586
f 588 	587 	584
f 566 	588 	586
f 589 	590 	591
f 595 	563 	592
f 593 	592 	594
f 593 	595 	592
f 593 	594 	596
f 597 	596 	598
f 599 	593 	596
f 597 	599 	596
f 597 	598 	601
f 598 	602 	601
f 601 	602 	600
f 603 	601 	600
f 603 	600 	604
f 590 	603 	604
f 591 	590 	604
f 605 	606 	607
f 605 	607 	608
f 609 	605 	608
f 609 	608 	610
f 611 	609 	610
f 612 	611 	613
f 612 	613 	614
f 613 	611 	610
f 615 	612 	614
f 616 	615 	617
f 617 	615 	614
f 618 	619 	620
f 621 	618 	620
f 621 	620 	622
f 606 	621 	622
f 607 	606 	622
f 591 	624 	589
f 623 	589 	624
f 625 	623 	626
f 625 	626 	627
f 626 	623 	624
f 628 	625 	627
f 629 	628 	630
f 629 	630 	631
f 630 	628 	627
f 632 	629 	631
f 633 	632 	634
f 633 	634 	635
f 634 	632 	631
f 639 	640 	637
f 636 	637 	640
f 638 	633 	635
f 618 	638 	619
f 643 	644 	642
f 641 	642 	644
f 629 	632 	665
f 632 	633 	665
f 619 	638 	635
f 616 	617 	647
f 269 	268 	646
f 645 	646 	268
f 650 	293 	292
f 648 	649 	652
f 633 	638 	665
f 293 	650 	651
f 648 	652 	653
f 656 	770 	655
f 668 	665 	638
f 663 	668 	616
f 654 	760 	749
f 648 	684 	665
f 665 	684 	561
f 666 	770 	661
f 661 	770 	660
f 657 	770 	666
f 659 	770 	657
f 667 	770 	659
f 655 	770 	667
f 669 	770 	656
f 670 	770 	669
f 671 	770 	670
f 672 	770 	671
f 651 	668 	293
f 636 	675 	676
f 679 	675 	678
f 640 	678 	675
f 640 	675 	636
f 641 	680 	681
f 683 	680 	682
f 644 	682 	680
f 644 	680 	641
f 707 	708 	673
f 818 	820 	853
f 708 	811 	673
f 925 	827 	974
f 827 	829 	972
f 687 	679 	684
f 653 	684 	648
f 760 	654 	674
f 678 	683 	685
f 683 	682 	685
f 558 	685 	682
f 685 	684 	678
f 679 	678 	684
f 688 	689 	695
f 695 	689 	694
f 691 	692 	696
f 693 	673 	690
f 691 	696 	697
f 698 	673 	693
f 701 	673 	698
f 704 	703 	664
f 702 	673 	701
f 700 	664 	703
f 705 	673 	702
f 483 	485 	704
f 706 	673 	705
f 703 	704 	485
f 707 	673 	706
f 677 	711 	674
f 811 	812 	673
f 686 	711 	677
f 716 	1070 	715
f 699 	717 	686
f 718 	1070 	716
f 717 	699 	729
f 720 	721 	731
f 721 	722 	731
f 722 	710 	731
f 710 	709 	731
f 709 	725 	731
f 725 	726 	731
f 726 	727 	731
f 727 	728 	731
f 728 	713 	731
f 730 	731 	712
f 712 	731 	713
f 700 	731 	730
f 717 	711 	686
f 732 	733 	1070
f 673 	1070 	733
f 723 	673 	733
f 715 	1070 	714
f 719 	720 	731
f 724 	673 	723
f 690 	673 	724
f 718 	732 	1070
f 741 	738 	719
f 759 	1359 	762
f 737 	746 	735
f 901 	900 	729
f 717 	729 	907
f 739 	746 	737
f 900 	907 	729
f 740 	746 	739
f 734 	719 	736
f 714 	1070 	742
f 738 	736 	719
f 742 	1070 	740
f 741 	719 	743
f 744 	743 	719
f 745 	744 	719
f 654 	749 	748
f 731 	747 	719
f 745 	719 	747
f 218 	217 	1448
f 746 	740 	1070
f 748 	658 	654
f 220 	218 	1448
f 751 	662 	658
f 858 	770 	673
f 673 	770 	672
f 757 	758 	664
f 750 	775 	1359
f 658 	755 	751
f 752 	750 	1359
f 758 	761 	664
f 704 	664 	761
f 658 	748 	755
f 759 	754 	1359
f 756 	762 	719
f 756 	719 	734
f 704 	763 	781
f 763 	704 	761
f 1157 	777 	767
f 772 	2170 	766
f 769 	767 	777
f 774 	664 	770
f 773 	771 	777
f 771 	769 	777
f 1366 	1376 	764
f 765 	764 	1393
f 754 	753 	1359
f 753 	752 	1359
f 775 	773 	1359
f 777 	1359 	773
f 2181 	768 	2170
f 766 	2170 	768
f 776 	664 	774
f 757 	664 	778
f 719 	762 	1359
f 1361 	1359 	777
f 793 	1251 	782
f 783 	1251 	793
f 784 	1250 	783
f 822 	700 	703
f 830 	828 	700
f 781 	785 	704
f 930 	931 	793
f 788 	1276 	787
f 1248 	1276 	797
f 704 	785 	801
f 790 	664 	776
f 792 	664 	790
f 780 	787 	1276
f 794 	664 	792
f 795 	664 	794
f 796 	664 	795
f 660 	770 	664
f 782 	797 	930
f 793 	782 	930
f 778 	664 	796
f 797 	788 	930
f 782 	1248 	797
f 914 	930 	787
f 788 	787 	930
f 779 	914 	780
f 802 	704 	801
f 222 	220 	1448
f 787 	780 	914
f 803 	704 	802
f 786 	822 	703
f 805 	704 	803
f 791 	789 	703
f 789 	786 	703
f 807 	704 	805
f 760 	674 	711
f 703 	808 	806
f 806 	791 	703
f 799 	704 	798
f 800 	704 	799
f 807 	798 	704
f 233 	1448 	228
f 237 	1449 	233
f 225 	171 	237
f 230 	228 	1448
f 820 	821 	853
f 809 	903 	700
f 815 	810 	700
f 810 	809 	700
f 972 	974 	827
f 821 	824 	853
f 882 	887 	749
f 749 	760 	882
f 883 	882 	760
f 924 	925 	975
f 974 	975 	925
f 808 	703 	823
f 826 	823 	703
f 877 	854 	673
f 755 	748 	867
f 711 	941 	760
f 828 	819 	700
f 815 	700 	819
f 663 	616 	647
f 288 	663 	289
f 832 	831 	700
f 830 	700 	831
f 289 	663 	647
f 649 	648 	665
f 649 	665 	834
f 243 	241 	1448
f 242 	243 	1448
f 238 	242 	1448
f 833 	700 	822
f 700 	833 	832
f 835 	834 	665
f 835 	665 	668
f 835 	668 	651
f 835 	651 	650
f 637 	636 	676
f 637 	676 	840
f 844 	840 	676
f 844 	676 	675
f 844 	675 	679
f 844 	679 	845
f 837 	839 	864
f 841 	843 	836
f 841 	836 	838
f 848 	843 	841
f 813 	818 	673
f 851 	852 	848
f 891 	879 	816
f 848 	841 	851
f 826 	703 	847
f 850 	847 	703
f 244 	878 	816
f 678 	640 	639
f 678 	639 	846
f 856 	850 	703
f 838 	2068 	841
f 857 	856 	703
f 817 	816 	1448
f 642 	641 	681
f 642 	681 	860
f 861 	860 	681
f 861 	681 	680
f 839 	859 	864
f 703 	864 	859
f 859 	857 	703
f 842 	837 	864
f 1076 	842 	864
f 861 	680 	683
f 861 	683 	862
f 871 	852 	851
f 871 	851 	863
f 682 	644 	643
f 682 	643 	865
f 866 	863 	867
f 845 	679 	687
f 845 	687 	868
f 700 	869 	731
f 1448 	870 	230
f 862 	683 	678
f 862 	678 	846
f 866 	871 	863
f 682 	865 	512
f 816 	817 	814
f 562 	561 	874
f 687 	684 	876
f 876 	684 	653
f 876 	653 	652
f 874 	685 	558
f 874 	558 	557
f 876 	868 	687
f 1448 	816 	878
f 870 	1448 	878
f 814 	241 	243
f 854 	855 	673
f 858 	673 	855
f 814 	242 	238
f 244 	816 	879
f 882 	883 	884
f 882 	884 	885
f 873 	869 	700
f 887 	882 	885
f 887 	885 	888
f 875 	873 	700
f 887 	888 	866
f 887 	866 	867
f 880 	875 	913
f 700 	913 	875
f 886 	894 	1067
f 1091 	1088 	893
f 913 	898 	889
f 889 	880 	913
f 894 	897 	1067
f 879 	891 	890
f 891 	239 	890
f 748 	749 	887
f 887 	867 	748
f 863 	851 	755
f 751 	755 	851
f 841 	751 	851
f 867 	863 	755
f 899 	900 	901
f 241 	817 	1448
f 899 	901 	902
f 904 	700 	903
f 900 	899 	906
f 900 	906 	907
f 905 	1067 	897
f 910 	911 	907
f 983 	987 	917
f 907 	906 	910
f 895 	893 	896
f 893 	1088 	896
f 914 	2142 	909
f 911 	910 	916
f 980 	983 	921
f 917 	921 	983
f 911 	916 	919
f 911 	919 	920
f 975 	977 	924
f 825 	972 	829
f 922 	930 	914
f 829 	849 	825
f 228 	926 	927
f 228 	927 	233
f 783 	793 	931
f 849 	853 	824
f 824 	825 	849
f 853 	673 	818
f 812 	813 	673
f 877 	673 	853
f 929 	928 	931
f 928 	804 	931
f 1343 	804 	928
f 804 	784 	931
f 920 	711 	911
f 711 	717 	911
f 907 	911 	717
f 941 	711 	920
f 784 	783 	931
f 935 	930 	922
f 940 	884 	883
f 940 	883 	941
f 946 	950 	1067
f 944 	1246 	943
f 945 	1274 	944
f 779 	1274 	945
f 1246 	947 	943
f 942 	943 	947
f 948 	1300 	947
f 950 	881 	1067
f 949 	938 	230
f 904 	918 	700
f 918 	913 	700
f 892 	889 	898
f 270 	260 	259
f 270 	259 	267
f 881 	886 	1067
f 912 	915 	991
f 939 	946 	1067
f 870 	949 	230
f 1719 	953 	951
f 264 	261 	260
f 264 	260 	270
f 959 	704 	956
f 952 	1306 	955
f 964 	704 	959
f 955 	1306 	954
f 958 	230 	957
f 800 	956 	704
f 893 	969 	1306
f 932 	704 	964
f 938 	967 	230
f 967 	960 	230
f 957 	230 	960
f 934 	1067 	933
f 932 	933 	704
f 937 	1067 	936
f 936 	1067 	934
f 939 	1067 	937
f 965 	1306 	966
f 1022 	1025 	1067
f 958 	961 	230
f 961 	931 	230
f 970 	931 	961
f 814 	243 	242
f 966 	1306 	969
f 921 	923 	980
f 971 	969 	893
f 967 	979 	960
f 1046 	960 	979
f 941 	920 	940
f 919 	940 	920
f 987 	991 	915
f 1046 	979 	872
f 991 	992 	912
f 976 	893 	978
f 990 	988 	893
f 988 	978 	893
f 992 	996 	908
f 1067 	905 	1014
f 995 	1000 	994
f 896 	892 	898
f 895 	993 	893
f 990 	893 	993
f 1014 	1017 	1067
f 1000 	995 	999
f 977 	980 	923
f 915 	917 	987
f 908 	912 	992
f 905 	908 	996
f 996 	1014 	905
f 923 	924 	977
f 998 	864 	997
f 982 	984 	1299
f 883 	760 	941
f 1011 	1149 	1015
f 1149 	1018 	1015
f 1020 	1067 	1017
f 1007 	1009 	1067
f 1009 	1034 	1067
f 1027 	1028 	1026
f 1004 	1007 	1067
f 1025 	1004 	1067
f 1020 	1022 	1067
f 1031 	1032 	1164
f 1030 	1026 	1033
f 1028 	1033 	1026
f 1036 	1040 	1068
f 1042 	29 	1039
f 1034 	1036 	1068
f 1041 	1042 	1039
f 878 	244 	246
f 1043 	1044 	1068
f 1038 	1039 	1037
f 1044 	1047 	1068
f 1040 	1043 	1068
f 1068 	1067 	1034
f 1026 	1046 	1027
f 1124 	1049 	1045
f 1047 	1048 	1068
f 1046 	872 	1027
f 1006 	1027 	872
f 1051 	746 	1050
f 746 	1068 	1050
f 1055 	1082 	1054
f 1082 	1083 	1054
f 245 	1056 	247
f 1052 	247 	1056
f 1053 	1057 	1013
f 1016 	1013 	1057
f 244 	1056 	245
f 1058 	746 	1051
f 1037 	1039 	29
f 1059 	746 	1058
f 244 	879 	1056
f 1061 	746 	1059
f 1055 	1060 	1082
f 1001 	1306 	1005
f 891 	816 	814
f 735 	746 	1061
f 1062 	1306 	1063
f 1048 	1050 	1068
f 1006 	872 	247
f 704 	933 	1067
f 970 	1064 	931
f 1056 	890 	1052
f 480 	704 	1067
f 1196 	1067 	1068
f 1069 	1019 	1021
f 1069 	1021 	1071
f 688 	1072 	1070
f 695 	1081 	1072
f 1074 	1070 	1072
f 695 	1072 	688
f 1065 	1306 	1066
f 962 	1306 	965
f 954 	1306 	962
f 1066 	1306 	952
f 1074 	1075 	1070
f 1075 	746 	1070
f 1076 	864 	1077
f 1077 	864 	1079
f 1084 	1054 	1083
f 999 	995 	1084
f 1054 	1084 	995
f 1065 	1063 	1306
f 1062 	1005 	1306
f 997 	864 	1001
f 1080 	864 	998
f 1079 	864 	1080
f 1085 	963 	968
f 976 	973 	893
f 973 	971 	893
f 1165 	1104 	1086
f 1089 	963 	1085
f 1085 	968 	981
f 1093 	86 	84
f 985 	986 	1086
f 1094 	893 	1096
f 1096 	893 	1097
f 691 	1100 	1078
f 1108 	1095 	1087
f 1093 	80 	1095
f 1098 	893 	1099
f 691 	697 	1100
f 1086 	986 	989
f 1085 	981 	985
f 1101 	1099 	1306
f 1073 	929 	1064
f 1085 	985 	1086
f 1024 	1103 	1021
f 1071 	1021 	1103
f 1089 	1085 	1153
f 1112 	929 	1105
f 1102 	929 	1073
f 1097 	893 	1098
f 1092 	893 	1094
f 1091 	893 	1092
f 1090 	896 	1088
f 892 	896 	1090
f 1306 	1099 	893
f 1108 	1109 	1102
f 1109 	1105 	1102
f 1102 	1105 	929
f 879 	890 	1056
f 1106 	1306 	1110
f 814 	2120 	1114
f 1016 	1057 	1024
f 1103 	1024 	1057
f 1087 	1109 	1108
f 891 	814 	1114
f 1114 	2120 	239
f 1103 	1164 	1071
f 1057 	1163 	1103
f 206 	204 	1448
f 1125 	1448 	204
f 239 	891 	1114
f 817 	241 	814
f 1117 	1116 	1448
f 1113 	1101 	1306
f 1100 	1120 	1078
f 1113 	1306 	1118
f 1118 	1306 	1119
f 909 	225 	226
f 909 	226 	1123
f 1115 	1124 	1045
f 914 	909 	1123
f 914 	1123 	1126
f 1127 	922 	914
f 1127 	914 	1126
f 1127 	1131 	922
f 235 	233 	1128
f 927 	1128 	233
f 1107 	1306 	1106
f 1107 	1122 	1306
f 1129 	926 	228
f 1129 	228 	229
f 927 	926 	1129
f 927 	1129 	1128
f 1121 	1448 	1125
f 1119 	1306 	1122
f 1353 	1132 	1306
f 1135 	231 	931
f 230 	931 	231
f 1138 	1137 	1353
f 1131 	935 	922
f 1134 	1135 	931
f 1134 	931 	930
f 1110 	1306 	1111
f 1111 	1306 	1132
f 1136 	1132 	1353
f 1131 	1134 	930
f 1131 	930 	935
f 1155 	1152 	1130
f 1130 	1152 	1133
f 1141 	2186 	1139
f 1137 	1136 	1353
f 1012 	1141 	1139
f 1012 	1139 	1011
f 1140 	1138 	1353
f 1126 	1123 	1127
f 1123 	226 	1127
f 236 	1128 	226
f 1117 	1448 	1121
f 1131 	1127 	1128
f 1127 	226 	1128
f 235 	1128 	236
f 1142 	1140 	1353
f 1143 	1142 	1353
f 231 	1129 	229
f 231 	1135 	1129
f 1128 	1129 	1131
f 1124 	1164 	1049
f 4 	239 	1148
f 1139 	1089 	1149
f 1139 	1149 	1011
f 15 	1133 	1150
f 1144 	1143 	1353
f 1131 	1129 	1135
f 1134 	1131 	1135
f 1151 	1150 	1133
f 1151 	1133 	1152
f 870 	1156 	949
f 1124 	1069 	1164
f 2135 	2137 	1115
f 967 	938 	1159
f 1130 	1125 	1155
f 1149 	1153 	1018
f 1149 	1089 	1153
f 238 	1448 	1161
f 1003 	1018 	1104
f 1153 	1104 	1018
f 1146 	1145 	777
f 1154 	1146 	777
f 1116 	1161 	1448
f 1057 	1053 	1166
f 1147 	1148 	239
f 4 	5 	239
f 1141 	1549 	2192
f 1549 	1141 	1012
f 1164 	1103 	1163
f 1069 	1071 	1164
f 1164 	1163 	1031
f 1086 	1194 	1167
f 1104 	1153 	1085
f 1085 	1086 	1104
f 1133 	19 	1
f 1163 	1166 	1035
f 1163 	1035 	1031
f 1003 	1104 	1002
f 1165 	1002 	1104
f 1166 	1163 	1057
f 1165 	1086 	1167
f 1029 	1035 	1160
f 1166 	1160 	1035
f 1165 	1167 	1008
f 1165 	1008 	1002
f 1032 	1049 	1164
f 1159 	949 	1156
f 1159 	938 	949
f 890 	239 	9
f 1156 	1310 	1159
f 1160 	1166 	1171
f 1053 	1171 	1166
f 1169 	1170 	1172
f 1172 	1170 	1171
f 1174 	1172 	1171
f 7 	239 	5
f 7 	9 	239
f 1175 	1176 	1171
f 1171 	1176 	1174
f 1178 	1100 	697
f 958 	957 	1179
f 1172 	1174 	1184
f 1180 	1181 	961
f 1175 	1171 	1173
f 957 	960 	1182
f 1222 	1172 	1183
f 1180 	961 	958
f 1183 	1172 	1184
f 1179 	957 	1182
f 1133 	15 	19
f 19 	17 	1
f 17 	12 	1
f 1185 	1170 	1169
f 1185 	1169 	1186
f 1010 	1008 	1168
f 1167 	1168 	1008
f 31 	24 	28
f 1168 	1023 	1010
f 29 	28 	24
f 1185 	1160 	1170
f 1029 	1160 	1185
f 1177 	1192 	1120
f 1222 	1183 	1184
f 1222 	1184 	1223
f 1170 	1160 	1171
f 30 	34 	28
f 1013 	1173 	1171
f 1053 	1013 	1171
f 1189 	1190 	1191
f 35 	75 	24
f 1193 	1191 	1190
f 1187 	1221 	1440
f 1168 	1167 	1194
f 1212 	1168 	1194
f 1216 	1440 	1212
f 29 	24 	75
f 1194 	1086 	989
f 1068 	1195 	1196
f 961 	1181 	970
f 1197 	1198 	1193
f 1074 	1078 	1075
f 34 	30 	9
f 958 	1179 	1180
f 1193 	1198 	1191
f 31 	28 	34
f 890 	9 	30
f 1199 	1198 	1197
f 1075 	1078 	1195
f 1159 	1200 	967
f 1198 	1199 	1201
f 1162 	77 	35
f 1201 	1202 	1198
f 1201 	1203 	1202
f 1203 	1201 	1115
f 69 	67 	75
f 1115 	1045 	1203
f 2164 	2159 	1193
f 1299 	984 	1190
f 61 	63 	64
f 1190 	2164 	1193
f 1179 	1308 	1180
f 1180 	1308 	1181
f 1200 	1159 	1310
f 2159 	2138 	1197
f 960 	1046 	1182
f 1197 	1193 	2159
f 1200 	1310 	967
f 979 	967 	1310
f 1310 	247 	979
f 1037 	29 	67
f 69 	53 	67
f 53 	60 	67
f 64 	67 	60
f 1201 	1199 	2136
f 1205 	1222 	1209
f 63 	50 	68
f 50 	84 	68
f 1308 	1000 	999
f 29 	75 	67
f 1205 	1206 	1222
f 1207 	1208 	1206
f 1206 	1213 	1222
f 1205 	1207 	1206
f 995 	994 	1312
f 1207 	1209 	1204
f 1205 	1209 	1207
f 1194 	989 	1210
f 74 	100 	91
f 1211 	1194 	1210
f 1211 	1212 	1194
f 75 	35 	77
f 12 	77 	1
f 1162 	1 	77
f 1172 	1222 	1213
f 1169 	1172 	1213
f 1214 	1212 	1211
f 1186 	1169 	1215
f 1213 	1215 	1169
f 1187 	1440 	1216
f 198 	1196 	195
f 1213 	1206 	1208
f 1213 	1208 	1215
f 1214 	1216 	1212
f 82 	1095 	80
f 84 	80 	1093
f 1187 	1216 	1214
f 198 	569 	1196
f 1217 	1260 	1218
f 1187 	1214 	1219
f 1220 	1187 	1219
f 1188 	1439 	1221
f 1377 	1209 	1222
f 1220 	1221 	1187
f 86 	68 	84
f 211 	215 	1195
f 209 	211 	1195
f 1234 	1188 	1224
f 1377 	1222 	1223
f 215 	214 	1195
f 1220 	1224 	1188
f 90 	74 	91
f 214 	219 	1195
f 1188 	1221 	1220
f 1226 	1227 	1244
f 1243 	1244 	1228
f 1227 	1228 	1244
f 1229 	1243 	1228
f 1230 	1243 	1229
f 219 	221 	1195
f 221 	224 	1195
f 97 	1095 	96
f 1196 	1195 	224
f 1232 	1233 	1228
f 1232 	1228 	1227
f 1229 	1228 	1233
f 1229 	1233 	1235
f 205 	207 	1078
f 1195 	1078 	207
f 1196 	224 	192
f 191 	1196 	192
f 195 	1196 	191
f 1230 	1229 	1235
f 1230 	1235 	1231
f 99 	1095 	82
f 96 	1095 	99
f 272 	1095 	97
f 276 	272 	97
f 1087 	1095 	272
f 1226 	1225 	1236
f 1226 	1236 	1237
f 1236 	1225 	1217
f 1236 	1217 	1218
f 1227 	1226 	1237
f 1227 	1237 	1232
f 253 	279 	100
f 73 	69 	75
f 90 	69 	73
f 73 	74 	90
f 93 	91 	100
f 93 	100 	279
f 1244 	1278 	1226
f 2174 	2173 	945
f 1243 	1245 	1275
f 944 	2175 	945
f 1241 	1245 	1243
f 108 	279 	253
f 1275 	1244 	1243
f 1248 	782 	1247
f 788 	797 	1276
f 1276 	1277 	780
f 103 	289 	290
f 104 	103 	290
f 784 	804 	1250
f 1356 	1280 	804
f 1251 	783 	1250
f 1247 	782 	1251
f 107 	279 	108
f 1275 	1279 	1244
f 1252 	1253 	1254
f 1257 	1262 	1078
f 1312 	1316 	995
f 1252 	1254 	1255
f 1256 	1252 	1255
f 1256 	1255 	1260
f 1261 	1254 	1253
f 1258 	154 	1259
f 1292 	1270 	154
f 1264 	1078 	1262
f 1278 	1285 	1217
f 1225 	1278 	1217
f 1265 	1078 	1264
f 1217 	1256 	1260
f 1265 	205 	1078
f 207 	209 	1195
f 1223 	1373 	1377
f 1249 	948 	1250
f 1251 	1250 	948
f 1247 	1251 	948
f 1225 	1226 	1278
f 1252 	1256 	1281
f 1246 	944 	1274
f 779 	780 	1277
f 1274 	779 	1277
f 1326 	1319 	1268
f 1269 	1326 	1268
f 1270 	1324 	1269
f 1292 	1323 	1270
f 1272 	1362 	1271
f 1319 	1317 	1268
f 1309 	1305 	1315
f 1256 	1217 	1285
f 1078 	265 	16
f 1244 	1279 	1278
f 1279 	1285 	1278
f 1281 	1256 	1285
f 1257 	1078 	14
f 16 	14 	1078
f 1267 	1259 	1268
f 1281 	1282 	1283
f 1281 	1283 	1284
f 1285 	1286 	1282
f 1285 	1282 	1281
f 1279 	1286 	1285
f 1283 	1289 	1290
f 1283 	1290 	1284
f 1269 	1268 	1259
f 1267 	1266 	1259
f 1309 	1304 	1259
f 78 	13 	265
f 1253 	1252 	1284
f 1281 	1284 	1252
f 13 	18 	265
f 1293 	1323 	1292
f 1294 	1364 	1293
f 1271 	1364 	1294
f 1284 	1290 	1253
f 1259 	154 	1269
f 1270 	1269 	154
f 18 	16 	265
f 1297 	1298 	1377
f 1294 	1293 	159
f 1293 	1292 	159
f 1209 	1377 	1298
f 1204 	1298 	1297
f 1440 	1295 	1023
f 1209 	1298 	1204
f 1271 	159 	1272
f 1273 	159 	1502
f 1342 	1273 	1502
f 1502 	1495 	1342
f 1274 	1277 	1246
f 1277 	1276 	1246
f 1276 	1248 	1246
f 947 	1246 	1248
f 948 	947 	1248
f 1248 	1247 	948
f 948 	1249 	1280
f 1280 	1356 	948
f 1307 	982 	1299
f 72 	76 	265
f 76 	78 	265
f 942 	947 	1300
f 2164 	1190 	984
f 1145 	1144 	777
f 1353 	777 	1144
f 1302 	1303 	1301
f 1303 	1304 	1315
f 1309 	1315 	1304
f 1266 	1318 	1305
f 1306 	1001 	864
f 479 	1306 	864
f 1189 	1299 	1190
f 999 	1263 	1308
f 1189 	1307 	1299
f 71 	72 	265
f 1305 	1309 	1259
f 1266 	1305 	1259
f 1311 	1261 	1253
f 1311 	1313 	1314
f 254 	101 	291
f 1312 	994 	1308
f 994 	1000 	1308
f 1301 	1396 	1302
f 1311 	1314 	1261
f 1318 	1315 	1305
f 101 	71 	265
f 265 	291 	101
f 1301 	1303 	1315
f 1320 	1313 	1311
f 1318 	1266 	1317
f 1311 	1340 	1320
f 1266 	1267 	1317
f 1308 	1179 	1182
f 1263 	1181 	1308
f 1319 	1360 	1317
f 1321 	1313 	1320
f 1322 	1321 	1320
f 1324 	1270 	1323
f 645 	265 	1192
f 1326 	1269 	1324
f 1308 	1182 	1312
f 1078 	1120 	1192
f 1316 	1312 	1182
f 1327 	1325 	1322
f 106 	257 	291
f 1267 	1268 	1317
f 1320 	1327 	1322
f 46 	1329 	1052
f 247 	1052 	1329
f 1324 	1360 	1326
f 1323 	1360 	1324
f 1328 	1360 	1323
f 1319 	1326 	1360
f 1360 	1348 	1315
f 1315 	1318 	1360
f 1317 	1360 	1318
f 1331 	1332 	1330
f 1303 	1259 	1304
f 1332 	1331 	1335
f 1335 	1336 	1332
f 1626 	1338 	929
f 929 	1334 	928
f 1302 	1259 	1303
f 1335 	1337 	1336
f 1333 	928 	1334
f 1384 	1401 	1446
f 1411 	1259 	1302
f 1349 	1350 	1334
f 1334 	929 	1339
f 1339 	929 	1338
f 1340 	1341 	1337
f 1339 	1349 	1334
f 1337 	1335 	1340
f 928 	1333 	1343
f 1347 	1348 	1345
f 1344 	1345 	1348
f 1346 	1347 	1345
f 1348 	1360 	1344
f 1342 	1344 	1360
f 1360 	1351 	1342
f 1341 	1290 	1289
f 1272 	159 	1273
f 1350 	1355 	1333
f 1340 	1290 	1341
f 1333 	1334 	1350
f 1495 	1501 	1342
f 1330 	1385 	1331
f 1320 	1335 	1327
f 1273 	1342 	1352
f 1352 	1354 	1273
f 1355 	1356 	1343
f 1343 	1333 	1355
f 1157 	1154 	777
f 1362 	1272 	1354
f 1353 	1306 	1448
f 1364 	1362 	1360
f 1343 	1356 	804
f 1359 	1358 	689
f 1351 	1352 	1342
f 1527 	694 	1358
f 1361 	1357 	1359
f 1280 	1249 	804
f 1358 	1359 	1357
f 1364 	1271 	1362
f 1249 	1250 	804
f 1331 	1327 	1335
f 1328 	1293 	1364
f 1356 	1355 	948
f 1355 	1350 	948
f 1349 	948 	1350
f 1338 	948 	1339
f 1253 	1290 	1311
f 1192 	265 	1078
f 1273 	1354 	1272
f 1323 	1293 	1328
f 1335 	1320 	1340
f 1367 	1368 	1366
f 1368 	1369 	1366
f 1376 	1366 	1370
f 1370 	1371 	1376
f 1365 	1380 	1371
f 1352 	1351 	1362
f 1354 	1352 	1362
f 1351 	1360 	1362
f 1347 	1301 	1348
f 1328 	1364 	1360
f 1372 	1380 	1365
f 1344 	1342 	1501
f 1340 	1311 	1290
f 1373 	1297 	1377
f 1375 	1389 	1374
f 1369 	1370 	1366
f 1374 	1389 	1372
f 1346 	1501 	1379
f 1386 	1388 	1378
f 1376 	1371 	1380
f 1378 	1392 	1375
f 265 	645 	268
f 1383 	1384 	1382
f 1396 	1382 	1384
f 1379 	1381 	1394
f 1346 	1379 	1394
f 1385 	1387 	1325
f 1388 	1391 	1378
f 1380 	1372 	1389
f 1385 	1325 	1327
f 1345 	1344 	1501
f 1379 	1524 	1381
f 1389 	1375 	1392
f 1392 	1378 	1391
f 1382 	1381 	1524
f 1393 	1392 	1391
f 668 	663 	291
f 257 	258 	291
f 1931 	1385 	1330
f 1346 	1394 	1395
f 1346 	1395 	1347
f 1381 	1382 	1396
f 255 	1985 	1399
f 1399 	1400 	255
f 249 	255 	1400
f 1392 	764 	1389
f 1393 	764 	1392
f 1389 	764 	1380
f 1380 	764 	1376
f 1401 	1384 	1383
f 1399 	1398 	1402
f 1399 	1402 	1403
f 1400 	1399 	1403
f 1400 	1403 	1404
f 102 	291 	288
f 106 	291 	102
f 258 	252 	291
f 252 	254 	291
f 1381 	1396 	1394
f 1301 	1394 	1396
f 223 	249 	1404
f 1400 	1404 	249
f 288 	291 	663
f 1406 	1402 	1398
f 1406 	1398 	1397
f 1408 	1406 	1397
f 1409 	1439 	1188
f 1405 	1407 	1409
f 1394 	1301 	1395
f 1315 	1348 	1301
f 1395 	1301 	1347
f 291 	293 	668
f 1447 	1446 	1401
f 1445 	1177 	1410
f 1412 	1258 	1411
f 1259 	1411 	1258
f 1413 	1178 	697
f 1413 	697 	696
f 1409 	1188 	1234
f 1177 	1120 	1410
f 1550 	1410 	1120
f 1329 	1006 	247
f 1424 	1423 	1411
f 1411 	263 	1412
f 1983 	1975 	1417
f 1417 	1418 	1983
f 1985 	1982 	1397
f 1397 	1398 	1985
f 1408 	1397 	1418
f 1420 	1421 	1422
f 1422 	1423 	1420
f 1424 	1434 	1423
f 1419 	1434 	1424
f 1426 	1447 	1419
f 1310 	1156 	247
f 1414 	1425 	1427
f 1415 	1414 	1427
f 1409 	1234 	1405
f 1416 	1443 	1429
f 1416 	1429 	1430
f 1432 	1433 	1431
f 1433 	1442 	1431
f 1420 	1423 	1434
f 302 	704 	297
f 1405 	1234 	1238
f 304 	704 	300
f 1417 	1430 	1435
f 1288 	1407 	1287
f 306 	704 	304
f 1982 	1983 	1418
f 1436 	1416 	1430
f 1417 	1436 	1430
f 1431 	1446 	1437
f 1437 	1447 	1426
f 1417 	1435 	1438
f 1418 	1417 	1438
f 1440 	1221 	1439
f 1168 	1212 	1440
f 1408 	1418 	1438
f 1431 	1411 	1432
f 1437 	1411 	1431
f 1426 	1411 	1437
f 1295 	1440 	1439
f 1415 	1427 	1441
f 312 	704 	310
f 342 	344 	704
f 1441 	1416 	1415
f 314 	483 	312
f 1439 	1296 	1295
f 1441 	1443 	1416
f 1432 	1302 	1433
f 1442 	1433 	1302
f 1302 	1432 	1411
f 344 	310 	704
f 1445 	1192 	1177
f 1439 	1288 	1296
f 1442 	1444 	1446
f 1447 	1437 	1446
f 1442 	1446 	1431
f 317 	483 	314
f 646 	645 	1192
f 646 	1192 	1445
f 1439 	1409 	1407
f 1353 	1449 	1195
f 1353 	1195 	1068
f 1439 	1407 	1288
f 1434 	1419 	1447
f 560 	559 	1196
f 1448 	1196 	559
f 1449 	1361 	1195
f 1075 	1195 	1361
f 1446 	1453 	1384
f 1450 	1451 	1452
f 1450 	1452 	1454
f 1444 	1453 	1446
f 1023 	1168 	1440
f 159 	160 	1451
f 1452 	1451 	160
f 1302 	1453 	1444
f 1444 	1442 	1302
f 1450 	1454 	161
f 1238 	1239 	1405
f 160 	161 	1452
f 1454 	1452 	161
f 1401 	1428 	1421
f 1401 	1421 	1420
f 1401 	1420 	1434
f 1434 	1447 	1401
f 1396 	1384 	1453
f 1302 	1396 	1453
f 704 	312 	483
f 1239 	1240 	1455
f 1239 	1455 	1458
f 330 	483 	328
f 1239 	1458 	1405
f 1419 	1411 	1426
f 1419 	1424 	1411
f 332 	483 	330
f 324 	328 	483
f 1242 	1456 	1642
f 1422 	263 	1423
f 1445 	1412 	263
f 1423 	263 	1411
f 1405 	1458 	1461
f 334 	483 	332
f 1287 	1461 	1291
f 338 	483 	336
f 1407 	1405 	1461
f 1465 	1474 	1488
f 1474 	1466 	1488
f 1471 	1488 	1466
f 1470 	1471 	1467
f 1469 	1470 	1467
f 1422 	1421 	1469
f 1488 	1489 	1465
f 1464 	1465 	1489
f 1461 	1287 	1407
f 319 	483 	338
f 318 	483 	319
f 323 	483 	318
f 1458 	1455 	1461
f 306 	340 	704
f 342 	704 	340
f 1242 	1291 	1456
f 1461 	1456 	1291
f 1466 	1467 	1471
f 1465 	1464 	263
f 1463 	1744 	1464
f 1474 	263 	1466
f 324 	483 	325
f 336 	483 	334
f 1770 	1761 	1686
f 1778 	1770 	1749
f 1467 	1466 	263
f 325 	483 	317
f 1469 	263 	1422
f 1467 	263 	1469
f 1480 	1479 	1482
f 1479 	1478 	1484
f 1462 	1492 	1483
f 1492 	1401 	1483
f 1479 	1484 	1482
f 1481 	1480 	1482
f 347 	480 	345
f 1481 	1482 	1487
f 349 	480 	347
f 1382 	1524 	1383
f 872 	979 	247
f 351 	480 	349
f 1489 	1492 	1463
f 1462 	1463 	1492
f 353 	480 	351
f 1463 	1464 	1489
f 355 	357 	480
f 1156 	870 	878
f 1568 	1503 	1494
f 1507 	1509 	1491
f 1383 	1483 	1401
f 357 	359 	480
f 246 	247 	1156
f 704 	480 	359
f 1231 	1457 	1230
f 1490 	1230 	1457
f 1156 	878 	246
f 1470 	1469 	1428
f 1428 	1469 	1421
f 1490 	1457 	1459
f 30 	46 	1052
f 1491 	1490 	1459
f 1052 	890 	30
f 1401 	1492 	1489
f 1401 	1489 	1488
f 1401 	1488 	1471
f 1401 	1471 	1470
f 1428 	1401 	1470
f 1460 	1493 	1491
f 1491 	1459 	1460
f 1462 	1744 	1463
f 1483 	1744 	1462
f 1493 	1460 	1468
f 1493 	1468 	1472
f 367 	704 	361
f 1473 	1493 	1472
f 1182 	1046 	1967
f 363 	704 	367
f 1499 	1501 	1498
f 1497 	1498 	1501
f 1496 	1497 	1501
f 1500 	1501 	1499
f 1495 	1496 	1501
f 1494 	1493 	1473
f 1182 	1967 	1316
f 1494 	1473 	1521
f 1502 	1496 	1495
f 359 	361 	704
f 363 	362 	704
f 294 	704 	362
f 704 	294 	296
f 296 	297 	704
f 300 	704 	302
f 1502 	159 	1496
f 1496 	159 	1497
f 1033 	1504 	1030
f 1493 	1507 	1491
f 1476 	1503 	1475
f 1493 	1494 	1503
f 1386 	1944 	2165
f 1388 	1386 	2165
f 1391 	1388 	2165
f 1568 	1475 	1503
f 1498 	1497 	187
f 375 	483 	323
f 1524 	1379 	1501
f 1346 	1345 	1501
f 1378 	2079 	1386
f 376 	483 	375
f 1490 	1491 	1509
f 1230 	1490 	1509
f 1509 	1243 	1230
f 1374 	2079 	1375
f 1372 	1625 	1374
f 1365 	1625 	1372
f 1371 	1625 	1365
f 1370 	1625 	1371
f 1378 	1375 	2079
f 1507 	1485 	1486
f 1507 	1486 	1509
f 1493 	1503 	1507
f 1843 	1597 	1505
f 1512 	1516 	1515
f 1514 	1515 	1513
f 1511 	1512 	1515
f 1476 	1507 	1503
f 1567 	435 	372
f 1593 	1510 	1028
f 1241 	1509 	1486
f 1476 	1485 	1507
f 371 	1567 	372
f 374 	1567 	371
f 422 	407 	372
f 1505 	1028 	1510
f 1513 	1515 	1516
f 1241 	1243 	1509
f 1499 	1498 	1512
f 1517 	1518 	1505
f 1843 	1505 	1518
f 1516 	187 	1513
f 1519 	1568 	1494
f 1520 	1569 	1519
f 1505 	1971 	1517
f 187 	1514 	1513
f 1512 	1498 	1516
f 187 	1516 	1498
f 1519 	1494 	1521
f 1505 	1046 	1517
f 1510 	1046 	1505
f 1559 	1508 	187
f 1519 	1521 	1522
f 388 	393 	1567
f 1524 	1501 	1500
f 1524 	1500 	1525
f 689 	1358 	694
f 1026 	1030 	1504
f 1525 	1500 	1526
f 1361 	266 	1357
f 1363 	1357 	266
f 1369 	1625 	1370
f 1567 	374 	382
f 1413 	696 	1528
f 1368 	1367 	1533
f 1531 	1533 	1537
f 1536 	1657 	1535
f 1506 	1657 	1536
f 1534 	1535 	1555
f 1555 	1538 	1534
f 1508 	1670 	1506
f 1541 	1556 	1532
f 1531 	1557 	1530
f 393 	395 	1567
f 480 	1567 	395
f 387 	389 	1567
f 1518 	1517 	1971
f 1540 	1542 	1363
f 396 	480 	395
f 1026 	1504 	1517
f 1518 	1517 	1504
f 1505 	1033 	1028
f 399 	480 	396
f 1514 	187 	1536
f 1295 	1296 	1548
f 1012 	1011 	1549
f 1023 	1295 	1548
f 1505 	1517 	1033
f 1518 	1033 	1517
f 692 	1363 	1542
f 1535 	1514 	1536
f 1534 	1515 	1535
f 404 	480 	401
f 389 	388 	1567
f 1528 	692 	1550
f 692 	1542 	1550
f 1532 	1515 	1534
f 1038 	1037 	1997
f 1511 	1515 	1526
f 1551 	1526 	1515
f 1546 	1547 	1287
f 1288 	1287 	1547
f 1499 	1511 	1500
f 1526 	1500 	1511
f 1511 	1499 	1512
f 345 	480 	405
f 404 	405 	480
f 197 	201 	1550
f 1514 	1535 	1515
f 1551 	1515 	1532
f 1529 	1551 	1532
f 1519 	1522 	1523
f 401 	480 	399
f 353 	355 	480
f 1532 	1534 	1541
f 1410 	1550 	200
f 201 	200 	1550
f 1657 	1670 	1555
f 1558 	1609 	1530
f 483 	381 	413
f 1529 	1532 	1556
f 1539 	1544 	1633
f 1544 	1563 	1633
f 1650 	1651 	216
f 208 	1650 	216
f 1633 	1530 	1539
f 1533 	1625 	1368
f 223 	1410 	200
f 1558 	1530 	1557
f 1537 	1557 	1531
f 264 	1696 	266
f 1563 	1544 	764
f 420 	483 	416
f 1537 	1367 	1557
f 1519 	1523 	1565
f 270 	267 	951
f 267 	1361 	951
f 266 	1361 	267
f 1719 	951 	1361
f 1520 	1519 	1565
f 1520 	1565 	1592
f 1689 	266 	1696
f 1566 	1210 	1363
f 1703 	1701 	270
f 951 	1703 	270
f 378 	381 	483
f 382 	384 	1567
f 384 	387 	1567
f 376 	378 	483
f 437 	372 	435
f 381 	372 	410
f 410 	411 	381
f 411 	413 	381
f 415 	416 	483
f 413 	415 	483
f 1539 	1530 	1609
f 1609 	764 	1539
f 1544 	1539 	764
f 1568 	1519 	1569
f 1569 	1570 	1475
f 426 	1567 	425
f 429 	1567 	426
f 1543 	1540 	963
f 1484 	1478 	1571
f 1363 	989 	986
f 1478 	1477 	1571
f 1475 	1568 	1569
f 981 	968 	1363
f 968 	963 	1363
f 1363 	986 	985
f 985 	981 	1363
f 1363 	963 	1540
f 1569 	1572 	1570
f 425 	480 	423
f 1569 	1573 	1572
f 1573 	1575 	1572
f 1573 	1577 	1575
f 1015 	1549 	1011
f 1018 	1549 	1015
f 1003 	1549 	1018
f 1002 	1548 	1003
f 1008 	1548 	1002
f 1010 	1548 	1008
f 1023 	1548 	1010
f 1549 	1003 	1548
f 1577 	1578 	1575
f 1578 	1580 	1581
f 1577 	1580 	1578
f 432 	1567 	434
f 989 	1363 	1210
f 435 	1567 	432
f 1211 	1210 	1566
f 422 	372 	437
f 1573 	1587 	1577
f 429 	434 	1567
f 1219 	1214 	1566
f 1214 	1211 	1566
f 407 	410 	372
f 1220 	1219 	1484
f 1566 	1484 	1219
f 441 	480 	439
f 1587 	1590 	1577
f 443 	480 	441
f 1296 	1288 	1547
f 1547 	1548 	1296
f 445 	480 	443
f 1749 	1579 	1582
f 1585 	1586 	1587
f 1587 	1586 	1588
f 1220 	1484 	1224
f 1589 	1587 	1588
f 1561 	1633 	1563
f 1589 	1590 	1587
f 450 	480 	445
f 452 	480 	450
f 1571 	1613 	1234
f 1234 	1224 	1571
f 1239 	1238 	1614
f 1026 	1517 	1046
f 1638 	1639 	1242
f 1637 	1638 	1242
f 1631 	1637 	1242
f 1242 	1642 	1631
f 1642 	1643 	1631
f 1643 	1644 	1631
f 1630 	1631 	1644
f 423 	480 	447
f 453 	447 	480
f 452 	453 	480
f 425 	1567 	480
f 481 	477 	480
f 1580 	1577 	1590
f 1569 	1520 	1573
f 1520 	1591 	1573
f 1587 	1573 	1591
f 1239 	1614 	1240
f 461 	463 	558
f 459 	461 	558
f 1585 	1587 	1591
f 1054 	2012 	1055
f 1592 	1585 	1591
f 1592 	1591 	1520
f 1238 	1234 	1613
f 1614 	1238 	1613
f 469 	481 	467
f 1594 	1595 	1596
f 471 	481 	469
f 1482 	1566 	1487
f 1484 	1566 	1482
f 1571 	1224 	1484
f 1593 	1597 	1971
f 473 	481 	471
f 475 	477 	481
f 439 	480 	477
f 1576 	1566 	1574
f 1593 	1510 	1597
f 1510 	1505 	1597
f 1579 	1574 	1363
f 266 	1583 	1363
f 1599 	1598 	1600
f 473 	475 	481
f 1594 	1596 	1601
f 1598 	1594 	1601
f 1598 	1601 	1600
f 1593 	1028 	1597
f 1923 	1597 	1028
f 1579 	1363 	1582
f 1599 	1600 	1602
f 490 	532 	492
f 1602 	1600 	1603
f 1027 	1923 	1028
f 498 	532 	500
f 1582 	1363 	1584
f 1584 	1363 	1583
f 1518 	1606 	1843
f 1604 	1843 	1606
f 1487 	1566 	1576
f 1363 	1574 	1566
f 1602 	1815 	1599
f 1598 	1599 	1818
f 1487 	1576 	1481
f 1622 	1623 	1692
f 1611 	1607 	1610
f 1608 	1692 	1623
f 508 	532 	509
f 506 	532 	508
f 503 	532 	506
f 500 	532 	503
f 496 	532 	498
f 494 	532 	496
f 492 	532 	494
f 1576 	1686 	1481
f 528 	530 	483
f 514 	483 	420
f 514 	522 	483
f 1537 	1533 	1367
f 1558 	1367 	1609
f 1558 	1557 	1367
f 764 	1609 	1367
f 764 	1367 	1366
f 1369 	1368 	1625
f 1531 	1633 	1533
f 1530 	1633 	1531
f 1625 	1533 	1633
f 522 	524 	483
f 524 	526 	483
f 1607 	1608 	1624
f 1623 	1624 	1608
f 1610 	1607 	1624
f 530 	532 	483
f 1560 	1562 	1685
f 1564 	1685 	1562
f 1559 	1560 	1670
f 1681 	1683 	1641
f 1621 	1675 	1620
f 1634 	1672 	1621
f 1683 	1684 	1641
f 1508 	1559 	1670
f 1626 	1627 	1338
f 484 	483 	532
f 487 	484 	532
f 526 	528 	483
f 489 	487 	532
f 1560 	187 	1562
f 1300 	948 	1633
f 1632 	1633 	948
f 517 	511 	518
f 520 	511 	517
f 518 	511 	532
f 948 	1338 	1632
f 1349 	1339 	948
f 1627 	1632 	1338
f 1552 	1553 	1242
f 1639 	1552 	1242
f 1553 	1554 	1242
f 1554 	1545 	1242
f 1545 	1546 	1242
f 1291 	1242 	1546
f 1287 	1291 	1546
f 1633 	2184 	1300
f 1648 	1634 	1621
f 1620 	1619 	1648
f 1633 	1632 	1625
f 1627 	1625 	1632
f 1626 	290 	1627
f 187 	1648 	1619
f 1619 	1681 	1641
f 1628 	1629 	1644
f 1629 	1636 	1644
f 1636 	1630 	1644
f 548 	550 	682
f 1625 	1627 	290
f 931 	1064 	929
f 537 	511 	520
f 1562 	187 	1564
f 1641 	187 	1619
f 290 	263 	1625
f 929 	1112 	1626
f 539 	511 	537
f 1506 	1536 	187
f 1646 	1669 	1645
f 187 	1560 	1559
f 1508 	1506 	187
f 542 	511 	539
f 543 	682 	542
f 1640 	1674 	1647
f 1240 	1674 	1640
f 1564 	187 	1641
f 274 	272 	276
f 1647 	1674 	1646
f 545 	534 	682
f 534 	533 	682
f 533 	548 	682
f 202 	216 	1651
f 1621 	1620 	1648
f 187 	190 	1648
f 203 	202 	1651
f 1653 	203 	1651
f 545 	682 	543
f 1654 	1535 	1657
f 1538 	1541 	1534
f 1555 	1535 	1654
f 551 	558 	550
f 558 	682 	550
f 1654 	1657 	1555
f 553 	558 	551
f 282 	290 	283
f 283 	290 	286
f 286 	1626 	1112
f 1656 	1661 	1653
f 555 	558 	553
f 256 	105 	290
f 279 	256 	280
f 256 	279 	107
f 1666 	1718 	1671
f 1718 	1715 	1671
f 1663 	1653 	1662
f 1661 	1662 	1653
f 1664 	1653 	1663
f 1665 	1653 	1664
f 203 	1653 	1665
f 1659 	1661 	1656
f 1659 	1656 	1655
f 558 	555 	455
f 455 	457 	558
f 481 	558 	463
f 465 	481 	463
f 467 	481 	465
f 457 	459 	558
f 1673 	1671 	1715
f 1667 	1659 	1655
f 511 	542 	682
f 509 	532 	511
f 292 	290 	289
f 1634 	1648 	1635
f 489 	532 	490
f 105 	104 	290
f 1655 	1652 	1667
f 1652 	1668 	1667
f 1669 	1667 	1668
f 1668 	1645 	1669
f 290 	1626 	286
f 282 	280 	290
f 280 	256 	290
f 1657 	1506 	1670
f 292 	835 	650
f 1624 	1761 	1610
f 1671 	1672 	1635
f 1675 	1621 	1672
f 1634 	1635 	1672
f 480 	560 	561
f 480 	561 	481
f 1674 	1240 	1614
f 1635 	1666 	1671
f 561 	684 	685
f 560 	575 	561
f 1677 	1620 	1675
f 1669 	1646 	1674
f 1617 	1699 	1618
f 1681 	1619 	1677
f 1583 	266 	1678
f 1689 	1682 	266
f 571 	560 	569
f 1620 	1677 	1619
f 1564 	1641 	1684
f 574 	560 	571
f 1481 	1686 	1761
f 1686 	1687 	1770
f 1687 	1688 	1770
f 1749 	1770 	1688
f 1690 	1778 	1749
f 1670 	1560 	1685
f 575 	560 	576
f 1691 	1680 	1689
f 1680 	1682 	1689
f 1679 	266 	1682
f 1685 	1564 	1684
f 1574 	1687 	1686
f 576 	560 	572
f 572 	560 	574
f 1683 	1681 	1538
f 1574 	1686 	1576
f 1697 	1622 	1695
f 1693 	1694 	1622
f 1694 	1695 	1622
f 1574 	1579 	1687
f 1688 	1687 	1579
f 1678 	266 	1679
f 579 	561 	575
f 581 	561 	579
f 1670 	1685 	1555
f 1538 	1555 	1685
f 1685 	1684 	1538
f 1684 	1683 	1538
f 1681 	1677 	1538
f 1677 	1675 	1538
f 1675 	1672 	1538
f 1541 	1538 	1672
f 1541 	1672 	1671
f 1541 	1671 	1673
f 1541 	1673 	1660
f 1541 	1660 	1658
f 1717 	1556 	1658
f 587 	561 	585
f 1692 	1693 	1622
f 1698 	1699 	1622
f 1617 	1622 	1699
f 1714 	1676 	1699
f 1697 	1698 	1622
f 1046 	1510 	1593
f 1707 	1696 	1705
f 1701 	1705 	1696
f 585 	561 	581
f 1196 	569 	560
f 587 	588 	561
f 1529 	1556 	1722
f 1843 	1967 	1597
f 951 	1704 	1703
f 264 	270 	1701
f 1696 	264 	1701
f 1708 	1775 	1722
f 1702 	1775 	1708
f 566 	563 	561
f 588 	566 	561
f 1541 	1658 	1556
f 1708 	1722 	1712
f 1711 	1712 	1716
f 1722 	1716 	1712
f 1712 	1713 	1708
f 1702 	1708 	1713
f 1700 	1702 	1713
f 1704 	1706 	1703
f 1593 	1597 	1046
f 1967 	1046 	1597
f 1618 	1699 	1676
f 1707 	1445 	1714
f 1705 	1445 	1707
f 1704 	1445 	1706
f 1705 	1706 	1445
f 1717 	1658 	1711
f 1710 	1711 	1658
f 1658 	1660 	1710
f 1709 	1710 	1660
f 1660 	1673 	1709
f 593 	561 	595
f 1715 	1709 	1673
f 563 	595 	561
f 1718 	1666 	1648
f 1635 	1648 	1666
f 1715 	1718 	1648
f 1504 	1604 	1606
f 597 	665 	599
f 601 	665 	597
f 603 	590 	665
f 1593 	1971 	1510
f 1510 	1971 	1505
f 1556 	1716 	1722
f 593 	599 	561
f 590 	589 	665
f 1556 	1717 	1716
f 1724 	1733 	1723
f 1716 	1717 	1711
f 589 	623 	665
f 603 	665 	601
f 561 	599 	665
f 1725 	1721 	1719
f 1720 	1719 	1721
f 1518 	1971 	1606
f 1648 	1710 	1709
f 1709 	1715 	1648
f 1606 	1518 	1504
f 1711 	1710 	1648
f 1648 	1873 	1711
f 1033 	1604 	1504
f 1873 	1648 	1649
f 1606 	1604 	1518
f 1033 	1518 	1604
f 1726 	1725 	1719
f 1027 	1006 	1329
f 1719 	1361 	1728
f 1719 	1728 	1729
f 1719 	1729 	1726
f 1727 	1728 	1361
f 612 	668 	611
f 1996 	1038 	1997
f 1735 	1733 	1734
f 1736 	1733 	1735
f 1724 	1734 	1733
f 1732 	1740 	1733
f 1737 	1740 	1732
f 1039 	1038 	1996
f 616 	668 	615
f 1810 	1602 	1603
f 612 	615 	668
f 1712 	1711 	1873
f 1866 	1713 	1873
f 1713 	1712 	1873
f 1740 	1741 	1733
f 1743 	1733 	1742
f 1741 	1742 	1733
f 1737 	1752 	1740
f 1723 	1733 	1743
f 1752 	1748 	1740
f 618 	668 	638
f 1525 	1745 	1524
f 1744 	1524 	1745
f 1584 	1690 	1582
f 1753 	1754 	1740
f 621 	668 	618
f 1526 	1551 	1745
f 1551 	1750 	1745
f 1750 	1751 	1745
f 1744 	1745 	1751
f 1526 	1745 	1525
f 606 	668 	621
f 1749 	1688 	1579
f 1748 	1746 	1740
f 1746 	1747 	1740
f 1747 	1753 	1740
f 1739 	1740 	1754
f 1754 	1755 	1739
f 1755 	1756 	1739
f 1738 	1739 	1756
f 1738 	1756 	699
f 668 	606 	605
f 668 	605 	609
f 611 	668 	609
f 263 	1464 	1744
f 1474 	1465 	263
f 1383 	1524 	1483
f 1744 	1483 	1524
f 1582 	1690 	1749
f 1751 	263 	1744
f 1761 	1811 	1481
f 623 	625 	665
f 1767 	1775 	1764
f 1765 	1766 	1764
f 1775 	1768 	1764
f 1777 	1764 	1768
f 1768 	1769 	1777
f 1763 	1777 	1799
f 1759 	1757 	1776
f 1361 	1776 	1757
f 1760 	1759 	1773
f 625 	628 	665
f 628 	629 	665
f 1480 	1481 	1811
f 1479 	1480 	1811
f 1773 	1785 	1779
f 1361 	1757 	1758
f 1758 	1727 	1361
f 1761 	1770 	1611
f 1761 	1611 	1610
f 1690 	2026 	1774
f 1769 	1799 	1777
f 1529 	1722 	1766
f 1692 	1774 	2032
f 1775 	1702 	1768
f 1767 	1722 	1775
f 1700 	1799 	1702
f 1608 	1774 	1692
f 1785 	1786 	1780
f 1782 	1780 	1786
f 1780 	1779 	1785
f 1690 	1774 	1778
f 1773 	1759 	1776
f 1772 	1776 	1361
f 1551 	1529 	1765
f 1764 	1750 	1765
f 1766 	1765 	1529
f 1767 	1766 	1722
f 1770 	1607 	1611
f 1766 	1767 	1764
f 1361 	1771 	1772
f 1770 	1778 	1607
f 1777 	1751 	1764
f 1774 	1608 	1607
f 1605 	1730 	1810
f 1778 	1774 	1607
f 1603 	1605 	1810
f 1779 	1760 	1773
f 1786 	1789 	1782
f 298 	295 	864
f 299 	298 	864
f 1787 	1842 	1841
f 303 	301 	864
f 301 	299 	864
f 1781 	1782 	1789
f 305 	303 	864
f 1793 	1796 	1791
f 1796 	1797 	1791
f 1477 	1809 	1797
f 1790 	1792 	662
f 1794 	658 	1792
f 1795 	658 	1794
f 1738 	654 	1795
f 1551 	1765 	1750
f 1751 	1750 	1764
f 1751 	1777 	1763
f 1762 	263 	1763
f 1801 	263 	1762
f 1852 	263 	1801
f 1477 	1797 	1613
f 313 	311 	485
f 341 	307 	703
f 307 	305 	703
f 864 	703 	305
f 677 	1738 	686
f 674 	1738 	677
f 654 	1738 	674
f 658 	1795 	654
f 699 	686 	1738
f 662 	1792 	658
f 1762 	1763 	1829
f 1799 	1829 	1763
f 308 	343 	703
f 1477 	1613 	1571
f 1804 	1853 	1803
f 1846 	1847 	1820
f 836 	848 	1445
f 1614 	1613 	1797
f 1845 	1846 	1826
f 1820 	1826 	1846
f 1614 	1797 	1796
f 843 	848 	836
f 852 	1445 	848
f 852 	871 	1445
f 485 	311 	703
f 309 	308 	703
f 1791 	1618 	1793
f 309 	703 	311
f 866 	1445 	871
f 1791 	1797 	1809
f 313 	485 	315
f 1809 	1617 	1618
f 315 	485 	316
f 327 	326 	485
f 1478 	1813 	1477
f 1791 	1809 	1618
f 888 	1445 	866
f 885 	884 	1445
f 888 	885 	1445
f 1478 	1479 	1811
f 1813 	1478 	1811
f 1624 	1811 	1761
f 1789 	982 	902
f 1789 	902 	1781
f 1812 	1810 	1612
f 1615 	1812 	1612
f 910 	906 	982
f 906 	899 	982
f 899 	902 	982
f 1809 	1622 	1617
f 1809 	1477 	1813
f 916 	910 	982
f 327 	485 	329
f 1809 	1813 	1622
f 919 	916 	982
f 331 	329 	485
f 333 	331 	485
f 1813 	1623 	1622
f 1810 	1730 	1731
f 940 	919 	1445
f 982 	1445 	919
f 1810 	1731 	1612
f 1813 	1811 	1624
f 884 	940 	1445
f 1813 	1624 	1623
f 339 	485 	320
f 339 	337 	485
f 321 	320 	485
f 1016 	1361 	1013
f 1819 	1816 	1812
f 1818 	1841 	1598
f 115 	2028 	1814
f 1771 	1361 	1019
f 341 	703 	343
f 1783 	1815 	1816
f 1024 	1361 	1016
f 1021 	1019 	1361
f 1024 	1021 	1361
f 1629 	1628 	1894
f 333 	485 	335
f 316 	485 	326
f 337 	335 	485
f 1784 	1817 	1814
f 1818 	1815 	1787
f 485 	322 	321
f 1824 	1629 	1894
f 1031 	1035 	1032
f 1035 	1029 	1032
f 1029 	1185 	1032
f 1185 	1186 	1032
f 366 	360 	864
f 1815 	1788 	1787
f 1824 	1636 	1629
f 1184 	1174 	1176
f 1815 	1783 	1788
f 346 	406 	479
f 1184 	1176 	1175
f 1184 	1175 	1173
f 1802 	1798 	1819
f 1798 	1800 	1819
f 1049 	1032 	1215
f 1186 	1215 	1032
f 348 	346 	479
f 1816 	1819 	1800
f 1184 	1173 	1361
f 1013 	1361 	1173
f 350 	348 	479
f 1817 	1802 	1819
f 354 	352 	479
f 1817 	1807 	1802
f 1202 	1203 	1215
f 1202 	1215 	1198
f 1198 	1215 	1191
f 1045 	1215 	1203
f 1208 	1207 	1191
f 1189 	1191 	1207
f 1800 	1783 	1816
f 364 	864 	365
f 1817 	1784 	1807
f 1045 	1049 	1215
f 1208 	1191 	1215
f 1207 	1204 	1189
f 1307 	1189 	1297
f 1814 	2028 	1784
f 1826 	1827 	1806
f 1806 	1808 	1826
f 1808 	1845 	1826
f 109 	110 	1814
f 1223 	1184 	1361
f 1713 	1866 	1700
f 1361 	1232 	1223
f 1810 	1812 	1816
f 1602 	1810 	1816
f 1602 	1816 	1815
f 1818 	1599 	1815
f 1823 	1700 	1866
f 1636 	1824 	1630
f 109 	1819 	1812
f 1814 	1817 	109
f 1821 	1822 	1827
f 2193 	1884 	232
f 1825 	1868 	1827
f 1594 	1598 	1841
f 1801 	1762 	1829
f 1637 	1828 	1638
f 1822 	1806 	1827
f 1235 	1233 	1361
f 1233 	1232 	1361
f 1235 	1361 	1231
f 1039 	1998 	1041
f 1803 	1852 	1829
f 1218 	1223 	1236
f 1817 	1819 	109
f 1237 	1223 	1232
f 1236 	1223 	1237
f 1830 	1831 	1832
f 1241 	1572 	1245
f 1830 	1832 	1833
f 122 	121 	1835
f 1834 	1835 	121
f 364 	368 	864
f 368 	366 	864
f 360 	358 	864
f 295 	365 	864
f 1836 	1596 	1595
f 1838 	1596 	1836
f 1839 	1840 	1835
f 1839 	1835 	1834
f 1254 	1223 	1255
f 1261 	1373 	1254
f 1260 	1255 	1223
f 1260 	1223 	1218
f 1841 	1840 	1839
f 1245 	1572 	1275
f 322 	485 	377
f 1818 	1787 	1841
f 1597 	1843 	1971
f 1842 	1840 	1841
f 1279 	1572 	1286
f 1286 	1572 	1282
f 1575 	1578 	1282
f 1275 	1572 	1279
f 1283 	1282 	1578
f 1832 	1837 	1833
f 1844 	1838 	1836
f 1844 	1836 	1837
f 982 	1307 	1445
f 1826 	1820 	1827
f 1825 	1827 	1820
f 1820 	1805 	1825
f 1805 	1804 	1825
f 1823 	1825 	1804
f 1700 	1823 	1804
f 1700 	1804 	1803
f 1700 	1803 	1829
f 1700 	1829 	1799
f 1769 	1702 	1799
f 1768 	1702 	1769
f 1837 	1832 	1844
f 1923 	1843 	1597
f 1831 	1830 	119
f 1821 	1873 	1822
f 1204 	1297 	1189
f 1830 	1833 	1834
f 121 	119 	1834
f 1830 	1834 	119
f 1313 	1373 	1314
f 1843 	1604 	1848
f 1932 	1848 	1604
f 1833 	1837 	1834
f 1837 	1836 	1839
f 1841 	1839 	1595
f 1595 	1839 	1836
f 1847 	1849 	1805
f 1805 	1820 	1847
f 1849 	1850 	1805
f 1804 	1805 	1850
f 1851 	1804 	1850
f 1853 	1804 	1851
f 1801 	1829 	1852
f 1261 	1314 	1373
f 1223 	1254 	1373
f 1839 	1834 	1837
f 1595 	1594 	1841
f 1852 	1803 	1853
f 1321 	1322 	1373
f 1604 	1970 	1932
f 1313 	1321 	1373
f 1848 	1932 	1971
f 1853 	263 	1852
f 1751 	1763 	263
f 1851 	263 	1853
f 1850 	263 	1851
f 1387 	1445 	1325
f 1322 	1325 	1373
f 485 	414 	380
f 379 	485 	380
f 1843 	1923 	1848
f 1341 	1332 	1337
f 1289 	1855 	1341
f 1336 	1337 	1332
f 1962 	1963 	1859
f 1824 	1961 	1859
f 1373 	1445 	1297
f 1859 	1630 	1824
f 1890 	1891 	1894
f 369 	380 	409
f 373 	370 	408
f 408 	438 	373
f 383 	373 	438
f 1390 	1445 	1387
f 1930 	1927 	1445
f 1373 	1325 	1445
f 1873 	263 	1845
f 1846 	1845 	263
f 1873 	1845 	1808
f 1873 	1808 	1806
f 1403 	1410 	1404
f 1404 	1410 	223
f 1849 	263 	1850
f 1967 	1843 	1848
f 1402 	1410 	1403
f 1406 	1410 	1402
f 1847 	1846 	263
f 1865 	1860 	1330
f 1408 	1410 	1406
f 1330 	1332 	1865
f 1542 	197 	1550
f 1867 	1823 	1866
f 1868 	1825 	1867
f 1821 	1827 	1868
f 1823 	1867 	1825
f 692 	1528 	696
f 1631 	1630 	1861
f 1857 	1870 	1856
f 1674 	1676 	1669
f 1867 	1873 	1868
f 1821 	1868 	1873
f 1849 	1847 	263
f 1806 	1822 	1873
f 1870 	1869 	1856
f 1859 	1861 	1630
f 1963 	1964 	1859
f 1855 	1856 	1869
f 1649 	1872 	1873
f 1861 	1871 	1637
f 1862 	1874 	1870
f 1862 	1870 	1857
f 1965 	234 	1871
f 1861 	1964 	1871
f 1867 	1866 	1873
f 1874 	1862 	1875
f 1863 	1875 	1862
f 1871 	1828 	1637
f 1864 	1581 	1876
f 1580 	1876 	1581
f 1861 	1637 	1631
f 1430 	1410 	1435
f 1873 	1872 	263
f 1863 	1864 	1875
f 1876 	1875 	1864
f 1438 	1435 	1410
f 1408 	1438 	1410
f 1606 	1971 	1604
f 1970 	1604 	1971
f 1911 	1940 	1870
f 1427 	1425 	1445
f 1425 	1669 	1445
f 1445 	1669 	1676
f 1880 	1881 	1879
f 1878 	1879 	1881
f 1877 	1878 	1881
f 1877 	1881 	1882
f 1429 	1443 	1410
f 1445 	1410 	1443
f 1911 	1870 	1874
f 1877 	1882 	1883
f 1889 	1883 	1882
f 1828 	232 	1884
f 1889 	1882 	1888
f 1590 	1904 	1580
f 1876 	1580 	1904
f 1828 	1884 	1638
f 1877 	1914 	1878
f 1885 	1854 	1855
f 1885 	1855 	1869
f 1884 	1639 	1638
f 1878 	1941 	1879
f 1885 	1858 	1854
f 1877 	1883 	1914
f 1883 	179 	1914
f 1886 	1858 	1885
f 1882 	1881 	1888
f 1887 	1888 	1881
f 1886 	1860 	1858
f 1649 	1888 	1887
f 2055 	1872 	1887
f 1039 	1996 	1998
f 1330 	1860 	1886
f 1999 	1041 	1998
f 1889 	1649 	182
f 1940 	1926 	1870
f 1999 	1042 	1041
f 1892 	1893 	1824
f 1893 	1995 	1824
f 1824 	1894 	1892
f 1891 	1892 	1894
f 1894 	1909 	1890
f 1889 	1888 	1649
f 1886 	1931 	1330
f 1895 	1455 	1240
f 1881 	1880 	1887
f 1880 	2056 	1887
f 1926 	1925 	1869
f 1886 	1885 	1925
f 1895 	1240 	1890
f 1899 	1901 	1898
f 1897 	1898 	1901
f 1900 	1901 	1899
f 1896 	1902 	1901
f 1890 	1240 	1640
f 1897 	1901 	1902
f 1903 	1590 	1589
f 1430 	1429 	1410
f 1445 	1443 	1441
f 1441 	1427 	1445
f 1676 	1714 	1445
f 1902 	179 	1897
f 1903 	1904 	1590
f 1704 	836 	1445
f 1307 	1297 	1445
f 1448 	1449 	1353
f 1904 	1903 	1905
f 1455 	1895 	1456
f 1905 	1903 	1906
f 2012 	2011 	1055
f 1907 	1905 	1906
f 1907 	1908 	1905
f 1898 	909 	1899
f 1896 	179 	1902
f 1909 	1456 	1895
f 1456 	1461 	1455
f 1642 	1909 	1643
f 392 	1928 	394
f 1895 	1890 	1909
f 1909 	1894 	1643
f 1908 	1907 	1912
f 1054 	2017 	2012
f 1915 	1913 	1912
f 1054 	995 	2017
f 1456 	1909 	1642
f 1894 	1644 	1643
f 1912 	1907 	1915
f 1913 	1910 	1911
f 1894 	1628 	1644
f 1914 	179 	1896
f 1901 	1941 	1896
f 67 	65 	1037
f 1892 	1646 	1645
f 2024 	2030 	1060
f 1917 	1922 	1920
f 1919 	1920 	1918
f 1916 	1917 	1920
f 1913 	1915 	1910
f 1893 	1892 	1645
f 1918 	1920 	1921
f 1055 	2011 	1060
f 1647 	1891 	1890
f 1921 	909 	1918
f 1918 	909 	1919
f 1890 	1640 	1647
f 1647 	1646 	1891
f 1875 	1876 	1908
f 1911 	1874 	1913
f 1869 	1870 	1926
f 1875 	1913 	1874
f 1905 	1908 	1876
f 164 	1449 	170
f 1448 	233 	1449
f 1921 	1920 	1922
f 1843 	1848 	1971
f 1912 	1875 	1908
f 1892 	1891 	1646
f 1922 	909 	1921
f 1904 	1905 	1876
f 1913 	1875 	1912
f 482 	479 	402
f 1451 	1450 	1449
f 1361 	1449 	1450
f 1925 	1926 	1927
f 1926 	1929 	1927
f 1923 	1027 	1329
f 1925 	1927 	1930
f 400 	402 	479
f 1924 	1925 	1930
f 1924 	1390 	1931
f 1917 	909 	1922
f 1899 	909 	1900
f 1924 	1931 	1925
f 1931 	1387 	1385
f 2140 	2139 	909
f 1933 	1932 	1970
f 1931 	1390 	1387
f 1938 	1901 	1937
f 1936 	1937 	1901
f 1900 	1936 	1901
f 1929 	1926 	1939
f 1900 	909 	1936
f 1910 	1942 	1940
f 1941 	1878 	1914
f 234 	1965 	1650
f 1940 	1942 	1939
f 1940 	1939 	1926
f 1910 	1940 	1911
f 1650 	1965 	1651
f 1901 	1938 	1935
f 1901 	1935 	1934
f 2088 	1879 	1934
f 1901 	1934 	1941
f 1914 	1896 	1941
f 1616 	1361 	2018
f 1605 	1603 	1361
f 1601 	1523 	1600
f 1522 	1600 	1523
f 1600 	1521 	1361
f 1521 	1600 	1522
f 1473 	1472 	1361
f 1457 	1231 	1361
f 909 	1917 	1936
f 234 	1650 	208
f 1925 	1931 	1886
f 1885 	1869 	1925
f 1327 	1331 	1385
f 1944 	1945 	1943
f 1953 	1954 	2042
f 1947 	2015 	2042
f 2042 	1938 	1947
f 1653 	1651 	1965
f 1933 	2012 	1967
f 1950 	1948 	1949
f 1950 	1949 	1952
f 403 	400 	479
f 406 	403 	479
f 1655 	1961 	1652
f 1955 	1950 	1952
f 1955 	1952 	1956
f 1933 	1971 	1932
f 1957 	1955 	1956
f 1957 	1956 	1958
f 358 	356 	864
f 479 	864 	356
f 356 	354 	479
f 352 	350 	479
f 398 	482 	402
f 1928 	482 	394
f 397 	394 	482
f 1933 	1967 	1932
f 1959 	1960 	1957
f 1959 	1957 	1958
f 1923 	1329 	1933
f 1848 	1923 	1932
f 1962 	1859 	1961
f 1828 	1871 	234
f 1861 	1859 	1964
f 1965 	1871 	1964
f 232 	1828 	234
f 1952 	1989 	1956
f 1956 	1986 	1958
f 370 	369 	408
f 1932 	1923 	1933
f 418 	417 	485
f 414 	485 	417
f 1965 	1964 	1653
f 419 	485 	421
f 1848 	1932 	1967
f 1962 	1961 	1655
f 1963 	1656 	1964
f 1653 	1964 	1656
f 1989 	1949 	1978
f 1962 	1655 	1963
f 1656 	1963 	1655
f 1972 	1973 	1984
f 1947 	1951 	2015
f 1953 	2042 	2015
f 1946 	2042 	1954
f 1954 	1943 	1946
f 1973 	1968 	1984
f 1976 	1981 	1416
f 1981 	1977 	1416
f 419 	418 	485
f 409 	408 	369
f 391 	386 	1928
f 392 	390 	1928
f 386 	385 	438
f 390 	391 	1928
f 385 	383 	438
f 412 	409 	380
f 414 	412 	380
f 379 	377 	485
f 1976 	1975 	1662
f 1928 	433 	431
f 431 	430 	1928
f 1415 	1416 	1977
f 1361 	1460 	1459
f 1459 	1457 	1361
f 1979 	1980 	1988
f 1460 	1361 	1468
f 1979 	1988 	1989
f 1979 	1989 	1978
f 1981 	1976 	1661
f 1662 	1661 	1976
f 1468 	1361 	1472
f 424 	449 	1928
f 250 	248 	249
f 1398 	1399 	1985
f 1436 	1417 	1975
f 1975 	1976 	1436
f 1984 	1968 	1966
f 1663 	1983 	1982
f 1663 	1982 	1664
f 1485 	1572 	1486
f 1476 	1572 	1485
f 1475 	1570 	1476
f 1486 	1572 	1241
f 1948 	1978 	1949
f 1418 	1397 	1982
f 428 	424 	1928
f 427 	428 	1928
f 1986 	1972 	1984
f 1982 	1985 	1665
f 1982 	1665 	1664
f 430 	427 	1928
f 1416 	1436 	1976
f 1473 	1361 	1521
f 1975 	1663 	1662
f 433 	1928 	436
f 438 	436 	1928
f 1988 	1980 	1987
f 1928 	386 	438
f 1975 	1983 	1663
f 1414 	1415 	1977
f 1661 	1659 	1977
f 1661 	1977 	1981
f 440 	482 	442
f 1972 	1986 	1980
f 1987 	1980 	1986
f 1329 	1970 	1971
f 1329 	1971 	1933
f 203 	1665 	255
f 1985 	255 	1665
f 449 	448 	1928
f 1949 	1989 	1952
f 1984 	1959 	1986
f 444 	442 	482
f 43 	1992 	1329
f 1970 	1329 	1992
f 1977 	1991 	1414
f 1990 	1414 	1991
f 446 	444 	482
f 1991 	1659 	1667
f 1977 	1659 	1991
f 451 	446 	482
f 454 	451 	482
f 1988 	1956 	1989
f 1987 	1956 	1988
f 1986 	1956 	1987
f 1933 	1970 	2012
f 1999 	2012 	1992
f 1990 	1991 	1667
f 1990 	1667 	1669
f 1993 	1969 	1994
f 448 	454 	1928
f 398 	397 	482
f 454 	482 	1928
f 43 	1042 	1992
f 1961 	1824 	1995
f 1993 	1984 	1966
f 1645 	1668 	1893
f 1995 	1893 	1668
f 135 	142 	1974
f 1994 	1974 	142
f 1969 	1974 	1994
f 1961 	1995 	1668
f 1652 	1961 	1668
f 460 	458 	557
f 456 	557 	458
f 1966 	1969 	1993
f 1990 	1669 	1425
f 1414 	1990 	1425
f 462 	460 	557
f 148 	156 	142
f 1994 	2006 	1993
f 1959 	1984 	2001
f 464 	462 	557
f 2005 	2000 	1793
f 1796 	1793 	2000
f 1993 	2013 	1984
f 1958 	1986 	1959
f 557 	482 	464
f 1674 	1614 	1796
f 1042 	1999 	1992
f 472 	470 	482
f 466 	464 	482
f 142 	143 	148
f 1674 	1796 	2000
f 468 	466 	482
f 1618 	1676 	1793
f 65 	2024 	1997
f 470 	468 	482
f 2001 	2002 	2003
f 2001 	2003 	2004
f 476 	474 	482
f 474 	472 	482
f 1996 	2011 	1999
f 1998 	1996 	1999
f 2001 	2004 	1960
f 2001 	1960 	1959
f 1676 	2005 	1793
f 2006 	2007 	2008
f 1970 	1992 	2012
f 1674 	2000 	2005
f 1674 	2005 	1676
f 440 	478 	482
f 478 	476 	482
f 2007 	158 	2009
f 479 	482 	562
f 2007 	2009 	2008
f 1583 	1678 	2026
f 2010 	2006 	2008
f 497 	521 	495
f 2017 	1967 	2012
f 2008 	2013 	2010
f 2026 	1584 	1583
f 2008 	2014 	2013
f 2013 	2003 	2002
f 2013 	2014 	2003
f 488 	521 	486
f 491 	521 	488
f 493 	521 	491
f 495 	521 	493
f 499 	521 	497
f 501 	521 	499
f 502 	521 	501
f 504 	521 	502
f 505 	521 	504
f 507 	521 	505
f 510 	521 	507
f 512 	521 	510
f 1937 	1936 	2016
f 2006 	1994 	2007
f 2010 	1993 	2006
f 2013 	1993 	2010
f 2002 	1984 	2013
f 2001 	1984 	2002
f 2024 	1060 	2011
f 1951 	2016 	2015
f 1920 	2015 	2016
f 1920 	2016 	1916
f 2033 	1680 	1691
f 1947 	1937 	1951
f 1951 	1937 	2016
f 2016 	1936 	1916
f 1916 	1936 	1917
f 2017 	1316 	1967
f 1945 	1946 	1943
f 109 	2018 	2019
f 2019 	110 	109
f 2017 	995 	1316
f 1692 	2032 	1693
f 111 	110 	2020
f 1953 	2165 	1954
f 2015 	2165 	1953
f 1920 	2162 	2015
f 1943 	1954 	2165
f 2019 	2020 	110
f 29 	1042 	43
f 485 	513 	421
f 111 	2020 	2021
f 111 	2021 	112
f 1996 	1997 	2024
f 1997 	1037 	65
f 113 	2022 	2023
f 529 	527 	512
f 527 	525 	512
f 523 	521 	512
f 485 	486 	521
f 513 	485 	521
f 114 	113 	2023
f 65 	66 	2024
f 114 	2023 	2025
f 516 	515 	512
f 114 	2025 	126
f 2027 	2032 	2026
f 2012 	1999 	2011
f 2011 	1996 	2024
f 523 	512 	525
f 125 	124 	2029
f 2026 	1690 	1584
f 531 	512 	515
f 529 	512 	531
f 519 	516 	512
f 2026 	1678 	1679
f 115 	2029 	2028
f 1064 	970 	1181
f 2026 	1679 	1682
f 115 	125 	2029
f 2026 	1680 	2027
f 1682 	1680 	2026
f 112 	2021 	2022
f 999 	1084 	1263
f 109 	1615 	1616
f 519 	512 	538
f 1812 	1615 	109
f 540 	538 	512
f 541 	540 	512
f 512 	865 	541
f 1616 	2018 	109
f 544 	541 	865
f 546 	544 	865
f 2032 	2027 	2034
f 2032 	1774 	2026
f 2027 	2033 	2034
f 535 	865 	536
f 2036 	2034 	2033
f 1572 	1476 	1570
f 536 	865 	547
f 1680 	2033 	2027
f 547 	865 	549
f 2038 	2033 	2031
f 1691 	1689 	2033
f 2031 	2033 	1689
f 552 	549 	557
f 554 	552 	557
f 556 	554 	557
f 556 	557 	456
f 546 	865 	535
f 2045 	2047 	2038
f 2032 	2034 	1694
f 2032 	1694 	1693
f 2030 	1083 	1082
f 557 	549 	865
f 559 	479 	562
f 1695 	1694 	2036
f 2034 	2036 	1694
f 559 	199 	1448
f 1575 	1282 	1572
f 1289 	1283 	1581
f 1578 	1581 	1283
f 1697 	1695 	2036
f 564 	586 	562
f 1064 	2035 	1073
f 1083 	2037 	1084
f 2062 	2041 	2038
f 2031 	1689 	2038
f 1696 	2038 	1689
f 2037 	2086 	2039
f 2062 	2038 	1696
f 2040 	2042 	1946
f 1937 	1947 	1938
f 2040 	1946 	1945
f 1696 	1707 	2062
f 1699 	2041 	1714
f 1588 	1832 	1589
f 1935 	2042 	2040
f 1935 	2040 	2043
f 2043 	2046 	1935
f 2037 	2039 	1084
f 2045 	2038 	2044
f 199 	559 	568
f 1938 	2042 	1935
f 2054 	2086 	2030
f 2045 	2044 	1699
f 2044 	2038 	2041
f 1083 	2030 	2037
f 570 	568 	559
f 2044 	2041 	1699
f 1064 	1181 	2035
f 1698 	2045 	1699
f 2040 	1945 	2043
f 2046 	2043 	1945
f 573 	570 	559
f 2039 	2035 	1263
f 1181 	1263 	2035
f 2033 	2038 	2047
f 2036 	2033 	2047
f 1649 	1887 	1872
f 2036 	2047 	1697
f 577 	578 	559
f 578 	573 	559
f 2039 	1263 	1084
f 2047 	2045 	1698
f 2047 	1698 	1697
f 2035 	2039 	2086
f 559 	562 	580
f 580 	577 	559
f 2056 	2059 	2051
f 2051 	2052 	2056
f 2052 	2053 	2056
f 2055 	2056 	2053
f 2050 	2051 	2059
f 2059 	2060 	2050
f 953 	2068 	951
f 1705 	1701 	2057
f 583 	582 	562
f 582 	580 	562
f 1585 	1844 	1586
f 584 	583 	562
f 263 	2052 	2051
f 2050 	1625 	2051
f 2100 	1625 	2049
f 586 	584 	562
f 565 	564 	562
f 565 	562 	567
f 592 	562 	594
f 2058 	2057 	1701
f 2058 	1701 	1703
f 2053 	2052 	263
f 1872 	2053 	263
f 2055 	2053 	1872
f 1704 	951 	2068
f 2060 	2061 	2049
f 2041 	2062 	2063
f 2066 	2075 	2071
f 2075 	2048 	2071
f 2061 	2071 	2048
f 836 	1704 	838
f 2068 	838 	1704
f 567 	562 	592
f 2064 	2088 	2065
f 2069 	2070 	1706
f 2069 	1706 	1705
f 2048 	2049 	2061
f 2069 	1705 	2057
f 2071 	2072 	2066
f 2065 	2066 	2072
f 2064 	2065 	2072
f 2072 	1880 	2064
f 1879 	2064 	1880
f 2070 	2058 	1706
f 1703 	1706 	2058
f 596 	594 	562
f 2073 	88 	1093
f 1093 	88 	86
f 562 	834 	596
f 2058 	2070 	2069
f 2058 	2069 	2057
f 598 	596 	834
f 602 	598 	834
f 2041 	2063 	1714
f 1714 	2063 	2062
f 1714 	2062 	1707
f 66 	56 	2024
f 2030 	2024 	2073
f 2037 	2030 	2086
f 2073 	2054 	2030
f 600 	602 	834
f 591 	604 	834
f 624 	834 	626
f 1095 	1108 	2054
f 2073 	1093 	1095
f 1719 	2074 	953
f 1095 	2054 	2073
f 2074 	1719 	1720
f 1880 	2072 	2071
f 1880 	2071 	2061
f 1880 	2061 	2060
f 1880 	2060 	2059
f 1880 	2059 	2056
f 2055 	1887 	2056
f 1082 	1060 	2030
f 2049 	2050 	2060
f 1721 	2077 	1720
f 1565 	1838 	1592
f 1585 	1592 	1844
f 1588 	1586 	1832
f 2095 	2100 	2065
f 2066 	2065 	2100
f 2075 	2066 	2100
f 2101 	1721 	1725
f 2048 	2100 	2049
f 2049 	1625 	2050
f 263 	2051 	1625
f 1838 	1565 	1596
f 613 	835 	614
f 617 	614 	835
f 1944 	2079 	2080
f 2080 	2090 	1944
f 1944 	2081 	2082
f 1944 	2082 	1945
f 2078 	2077 	1721
f 2083 	2084 	1944
f 2081 	1944 	2084
f 620 	619 	835
f 2101 	2078 	1721
f 2046 	2085 	1935
f 608 	835 	610
f 607 	835 	608
f 622 	835 	607
f 622 	620 	835
f 2077 	953 	2074
f 2082 	2046 	1945
f 2077 	2074 	1720
f 1073 	2035 	2086
f 2087 	1934 	2085
f 2088 	1934 	2087
f 1935 	2085 	1934
f 2054 	1108 	2086
f 2046 	2082 	2085
f 591 	834 	624
f 1073 	2086 	1102
f 2087 	2085 	2082
f 2081 	2092 	2082
f 2086 	1108 	1102
f 2077 	2076 	2089
f 626 	834 	627
f 1723 	2089 	2076
f 2095 	2065 	2088
f 1941 	1934 	1879
f 2064 	1879 	2088
f 2083 	1944 	2090
f 2076 	1724 	1723
f 1112 	1105 	2091
f 631 	834 	634
f 630 	834 	631
f 627 	834 	630
f 953 	2077 	2121
f 2121 	2089 	1723
f 2079 	1625 	2080
f 1944 	1386 	2079
f 634 	834 	635
f 835 	619 	635
f 604 	600 	834
f 2094 	2088 	2093
f 2092 	2093 	2088
f 2094 	2099 	2088
f 2087 	2092 	2088
f 835 	292 	617
f 613 	610 	835
f 1726 	2101 	1725
f 1109 	2091 	1105
f 649 	834 	652
f 835 	635 	834
f 1728 	1727 	2103
f 1601 	1596 	1523
f 1109 	2067 	2091
f 647 	617 	292
f 647 	292 	289
f 637 	840 	844
f 845 	846 	844
f 846 	639 	844
f 637 	844 	639
f 1600 	1361 	1603
f 642 	860 	861
f 2096 	1087 	271
f 862 	865 	861
f 865 	643 	861
f 642 	861 	643
f 1087 	272 	271
f 874 	876 	562
f 862 	846 	874
f 652 	834 	876
f 2097 	273 	1112
f 846 	876 	874
f 874 	557 	865
f 865 	862 	874
f 834 	562 	876
f 846 	845 	876
f 868 	876 	845
f 1612 	1361 	1615
f 2097 	1112 	2091
f 1361 	1731 	1730
f 286 	1112 	273
f 673 	672 	720
f 673 	720 	719
f 672 	671 	721
f 672 	721 	720
f 1731 	1361 	1612
f 1724 	2076 	1734
f 671 	722 	721
f 671 	670 	722
f 2097 	271 	273
f 2096 	271 	2097
f 2097 	2091 	2096
f 1615 	1361 	1616
f 670 	710 	722
f 1758 	2129 	1727
f 670 	669 	710
f 1109 	1087 	2067
f 1361 	1730 	1605
f 656 	709 	710
f 2096 	2091 	2067
f 669 	656 	710
f 1087 	2096 	2067
f 656 	655 	725
f 655 	667 	725
f 656 	725 	709
f 725 	667 	726
f 1788 	1783 	1840
f 1783 	1800 	1840
f 1800 	1798 	1840
f 1835 	1840 	1798
f 1835 	1798 	1802
f 1835 	1802 	1807
f 1835 	1807 	1784
f 1835 	1784 	2028
f 727 	726 	659
f 667 	659 	726
f 659 	657 	727
f 727 	657 	728
f 657 	713 	728
f 661 	712 	713
f 2087 	2082 	2092
f 713 	666 	661
f 657 	666 	713
f 2083 	1625 	2084
f 2084 	1625 	2092
f 2084 	2092 	2081
f 661 	660 	730
f 2094 	2093 	1625
f 2093 	2092 	1625
f 2120 	2098 	2117
f 2100 	2095 	2099
f 2095 	2088 	2099
f 661 	730 	712
f 700 	660 	664
f 1625 	2100 	2099
f 2078 	2101 	2113
f 2102 	2113 	2101
f 700 	730 	660
f 2106 	2117 	2105
f 2107 	2117 	2106
f 2108 	2117 	2107
f 2109 	2117 	2108
f 1121 	2111 	2114
f 811 	708 	731
f 1787 	1788 	1840
f 1133 	2108 	2107
f 2118 	2119 	2129
f 693 	690 	734
f 1842 	1787 	1840
f 2103 	1727 	2110
f 1844 	1592 	1838
f 1726 	1729 	2102
f 698 	693 	734
f 698 	734 	736
f 1125 	2104 	1121
f 1832 	1586 	1844
f 2105 	2117 	2104
f 701 	698 	736
f 701 	736 	738
f 2103 	2102 	1728
f 702 	701 	738
f 702 	738 	741
f 1523 	1596 	1565
f 2104 	2111 	1121
f 2129 	2110 	1727
f 705 	702 	741
f 705 	741 	743
f 2106 	1133 	2107
f 706 	705 	743
f 1125 	1130 	2104
f 706 	743 	744
f 2104 	1130 	2105
f 2102 	2101 	1726
f 707 	706 	744
f 707 	744 	745
f 1130 	1133 	2106
f 1728 	2102 	1729
f 2105 	1130 	2106
f 707 	745 	708
f 2077 	2078 	2112
f 2112 	2078 	2113
f 2076 	2077 	2112
f 745 	747 	708
f 731 	708 	747
f 3 	4 	2109
f 1289 	1581 	1864
f 1289 	1864 	1863
f 1289 	1863 	1862
f 1289 	1862 	1857
f 1289 	1857 	1856
f 1289 	1856 	1855
f 1854 	1341 	1855
f 1858 	1341 	1854
f 1860 	1341 	1858
f 1865 	1341 	1860
f 1332 	1341 	1865
f 2076 	2112 	1734
f 2114 	2117 	2098
f 2111 	2117 	2114
f 715 	714 	750
f 715 	750 	752
f 1735 	1734 	2113
f 2112 	2113 	1734
f 1121 	2114 	1117
f 716 	715 	752
f 716 	752 	753
f 2113 	1736 	1735
f 1832 	1831 	1589
f 718 	716 	753
f 718 	753 	754
f 1116 	2114 	2098
f 724 	723 	756
f 2115 	1736 	2113
f 1117 	2114 	1116
f 690 	724 	756
f 2115 	1733 	1736
f 1903 	1589 	1948
f 1906 	1903 	1948
f 690 	756 	734
f 1733 	2115 	2116
f 2111 	2104 	2117
f 732 	718 	754
f 732 	754 	759
f 733 	732 	759
f 1907 	1906 	1948
f 1147 	2117 	2109
f 1147 	2109 	1148
f 733 	759 	762
f 723 	733 	762
f 1955 	1957 	1915
f 1915 	1957 	1910
f 756 	723 	762
f 735 	1157 	767
f 1257 	14 	15
f 2102 	2103 	2115
f 737 	735 	767
f 737 	767 	769
f 1257 	15 	1150
f 739 	737 	769
f 739 	769 	771
f 740 	739 	771
f 740 	771 	773
f 1151 	1257 	1150
f 742 	740 	773
f 742 	773 	775
f 1262 	1257 	1151
f 1262 	1151 	1152
f 775 	750 	742
f 714 	742 	750
f 2118 	1746 	1748
f 1359 	1070 	719
f 1924 	1930 	1445
f 1390 	1924 	1445
f 777 	1068 	746
f 1264 	1262 	1152
f 777 	746 	1361
f 1264 	1152 	1155
f 1939 	1445 	1929
f 1929 	1445 	1927
f 2119 	1732 	1733
f 1155 	1158 	1265
f 758 	757 	786
f 2119 	1737 	1732
f 1264 	1155 	1265
f 758 	786 	789
f 1942 	1445 	1939
f 761 	758 	789
f 1158 	204 	205
f 761 	789 	791
f 2119 	1733 	2116
f 806 	761 	791
f 1957 	1960 	1910
f 1265 	1158 	205
f 806 	763 	761
f 2108 	2 	2109
f 3 	2109 	2
f 781 	763 	806
f 2119 	2118 	1737
f 1950 	1907 	1948
f 2 	2108 	1
f 1133 	1 	2108
f 1948 	1589 	1831
f 1148 	2109 	4
f 1955 	1915 	1950
f 1907 	1950 	1915
f 809 	810 	770
f 814 	2098 	2120
f 2129 	2130 	2118
f 2110 	2129 	2119
f 2119 	2116 	2110
f 2103 	2110 	2116
f 1445 	1942 	1960
f 858 	809 	770
f 774 	770 	810
f 2098 	1161 	1116
f 774 	810 	815
f 819 	774 	815
f 776 	774 	819
f 238 	1161 	2098
f 1831 	118 	1978
f 1831 	1978 	1948
f 2116 	2115 	2103
f 2102 	2115 	2113
f 757 	778 	822
f 814 	238 	2098
f 757 	822 	786
f 808 	823 	781
f 1147 	239 	2120
f 1969 	1966 	1974
f 135 	1974 	1966
f 1968 	134 	1966
f 1973 	134 	1968
f 1972 	117 	1973
f 1980 	117 	1972
f 1978 	118 	1979
f 1979 	118 	1980
f 2120 	2117 	1147
f 806 	808 	781
f 2122 	2123 	953
f 2089 	2121 	2077
f 2122 	953 	2121
f 2125 	2068 	2123
f 1162 	35 	49
f 2003 	1445 	2004
f 2122 	2121 	1743
f 1162 	49 	10
f 785 	781 	823
f 10 	1 	1162
f 785 	823 	826
f 11 	2 	1
f 2121 	1723 	1743
f 10 	11 	1
f 785 	826 	801
f 953 	2123 	2068
f 819 	828 	776
f 790 	776 	828
f 1741 	2123 	2122
f 2008 	1412 	2014
f 2009 	1412 	2008
f 1960 	2004 	1445
f 1942 	1910 	1960
f 792 	790 	828
f 792 	828 	830
f 1445 	2014 	1412
f 2003 	2014 	1445
f 792 	830 	831
f 792 	831 	794
f 794 	831 	832
f 794 	832 	795
f 2122 	1742 	1741
f 795 	832 	833
f 795 	833 	796
f 1743 	1742 	2122
f 2018 	1361 	2019
f 1450 	2019 	1361
f 796 	833 	822
f 796 	822 	778
f 799 	798 	839
f 799 	839 	837
f 800 	799 	837
f 800 	837 	842
f 2124 	1738 	2172
f 2022 	1450 	2023
f 2125 	1739 	1738
f 2125 	1738 	2124
f 2023 	1450 	2025
f 2125 	1740 	1739
f 801 	826 	847
f 1740 	2125 	2123
f 801 	847 	850
f 124 	1835 	2029
f 2028 	2029 	1835
f 2123 	1741 	1740
f 802 	801 	850
f 2021 	2020 	1450
f 2019 	1450 	2020
f 802 	850 	856
f 802 	856 	803
f 2022 	2021 	1450
f 803 	856 	857
f 803 	857 	805
f 805 	857 	859
f 805 	859 	807
f 807 	859 	839
f 807 	839 	798
f 130 	128 	1450
f 699 	1756 	729
f 731 	869 	811
f 812 	811 	869
f 1756 	2126 	729
f 869 	873 	813
f 1835 	124 	120
f 1835 	120 	122
f 1756 	1755 	2126
f 812 	869 	813
f 2127 	1753 	2128
f 813 	873 	875
f 117 	1980 	118
f 2127 	1754 	1753
f 818 	813 	875
f 2127 	2126 	1754
f 875 	880 	820
f 2126 	1755 	1754
f 818 	875 	820
f 2025 	1450 	126
f 821 	820 	880
f 128 	126 	1450
f 821 	880 	889
f 824 	821 	889
f 892 	825 	824
f 892 	824 	889
f 1746 	2118 	1747
f 130 	1450 	132
f 825 	892 	1090
f 2128 	1747 	2118
f 1748 	1752 	2118
f 829 	827 	895
f 829 	895 	896
f 2128 	1753 	1747
f 849 	829 	896
f 849 	896 	898
f 1752 	1737 	2118
f 135 	1966 	134
f 853 	849 	898
f 729 	2126 	901
f 855 	854 	904
f 855 	904 	903
f 134 	1973 	136
f 136 	1973 	137
f 137 	1973 	117
f 858 	855 	903
f 2127 	2128 	2149
f 809 	858 	903
f 138 	151 	154
f 853 	898 	913
f 139 	138 	154
f 154 	1258 	139
f 877 	853 	913
f 140 	139 	1258
f 877 	913 	918
f 854 	877 	918
f 2132 	2118 	2131
f 150 	154 	151
f 904 	854 	918
f 2118 	2132 	2128
f 881 	1066 	952
f 2129 	1758 	2130
f 132 	150 	153
f 2130 	1758 	1757
f 886 	881 	955
f 151 	153 	150
f 1759 	2130 	1757
f 886 	955 	954
f 157 	1258 	158
f 1759 	2131 	2130
f 955 	881 	952
f 894 	886 	954
f 1760 	1779 	2148
f 157 	140 	1258
f 894 	954 	962
f 1760 	2131 	1759
f 2009 	158 	1412
f 897 	894 	962
f 1412 	158 	1258
f 897 	962 	965
f 1760 	2148 	2132
f 897 	965 	966
f 1760 	2132 	2131
f 905 	897 	966
f 905 	966 	969
f 150 	1450 	162
f 132 	1450 	150
f 2131 	2118 	2130
f 908 	905 	969
f 912 	908 	969
f 912 	969 	971
f 187 	1497 	159
f 1451 	183 	159
f 1294 	159 	1271
f 154 	159 	1292
f 2148 	2128 	2132
f 915 	912 	971
f 915 	971 	973
f 1451 	1449 	163
f 917 	915 	973
f 917 	973 	976
f 169 	164 	170
f 163 	1449 	164
f 921 	917 	976
f 921 	976 	978
f 170 	1449 	171
f 1772 	1771 	2133
f 1772 	2133 	2134
f 923 	921 	978
f 923 	978 	988
f 924 	923 	988
f 924 	988 	990
f 171 	1449 	237
f 175 	171 	225
f 2135 	2136 	1773
f 2048 	2075 	2100
f 2099 	2094 	1625
f 1625 	2083 	2090
f 2090 	2080 	1625
f 2079 	1374 	1625
f 2135 	1772 	2137
f 225 	909 	175
f 925 	924 	990
f 925 	990 	993
f 2135 	1773 	1776
f 269 	1445 	263
f 993 	895 	925
f 827 	925 	895
f 2135 	1776 	1772
f 186 	183 	163
f 646 	1445 	269
f 932 	998 	997
f 174 	182 	169
f 933 	932 	997
f 2138 	1785 	1773
f 934 	933 	997
f 934 	997 	1001
f 2157 	2154 	2141
f 2142 	2157 	2141
f 2143 	2157 	2142
f 2144 	2158 	2143
f 2145 	2180 	2144
f 2146 	2180 	2145
f 2140 	2141 	2154
f 187 	159 	183
f 1005 	934 	1001
f 1773 	2136 	2138
f 1005 	936 	934
f 2137 	1772 	2134
f 176 	175 	179
f 1005 	1062 	936
f 937 	936 	1062
f 2142 	914 	2143
f 1019 	1069 	1771
f 2133 	1771 	1069
f 1451 	163 	183
f 2141 	909 	2142
f 164 	169 	190
f 182 	190 	169
f 939 	937 	1062
f 939 	1062 	1063
f 2140 	909 	2141
f 2153 	1919 	2139
f 1919 	909 	2139
f 946 	939 	1063
f 946 	1063 	1065
f 179 	175 	909
f 1124 	1115 	2133
f 2134 	2133 	1115
f 1115 	1201 	2135
f 1069 	1124 	2133
f 950 	946 	1065
f 950 	1065 	1066
f 2144 	2143 	914
f 2137 	2134 	1115
f 2146 	914 	2147
f 2147 	914 	2173
f 950 	1066 	881
f 842 	956 	800
f 909 	1898 	179
f 1897 	179 	1898
f 179 	1883 	182
f 1889 	182 	1883
f 190 	182 	1649
f 1649 	1648 	190
f 2148 	1779 	1780
f 2148 	1780 	2149
f 2173 	914 	945
f 779 	945 	914
f 914 	2146 	2145
f 2144 	914 	2145
f 842 	1076 	956
f 193 	222 	1448
f 902 	901 	2150
f 1077 	959 	956
f 194 	193 	1448
f 194 	1448 	196
f 2139 	2140 	2155
f 2155 	2163 	2139
f 2154 	2155 	2140
f 2153 	2139 	2163
f 2163 	2166 	2153
f 902 	2150 	1781
f 1920 	2152 	2151
f 1077 	956 	1076
f 1781 	2150 	2156
f 2149 	1780 	1782
f 2149 	1782 	2156
f 959 	1077 	1079
f 959 	1079 	964
f 2153 	2152 	1919
f 1920 	1919 	2152
f 1781 	2156 	1782
f 964 	1079 	1080
f 196 	1448 	199
f 932 	964 	1080
f 998 	932 	1080
f 2157 	2143 	2158
f 974 	972 	1090
f 974 	1090 	1088
f 901 	2126 	2150
f 2126 	2127 	2150
f 2156 	2150 	2127
f 2149 	2156 	2127
f 2148 	2149 	2128
f 975 	974 	1088
f 975 	1088 	1091
f 1785 	2138 	2159
f 977 	975 	1091
f 977 	1091 	1092
f 1785 	2159 	1786
f 1158 	1155 	1125
f 980 	977 	1092
f 980 	1092 	1094
f 2152 	2153 	2166
f 2166 	2169 	2152
f 2151 	2152 	2169
f 204 	1158 	1125
f 983 	980 	1094
f 983 	1094 	1096
f 2164 	1789 	1786
f 987 	983 	1096
f 987 	1096 	1097
f 2164 	1786 	2159
f 991 	987 	1097
f 991 	1097 	1098
f 1920 	2151 	2162
f 2161 	2015 	2162
f 2165 	2015 	2161
f 210 	206 	1448
f 2164 	984 	1789
f 982 	1789 	984
f 992 	991 	1098
f 992 	1098 	1099
f 212 	210 	1448
f 213 	212 	1448
f 2162 	2151 	2169
f 2169 	2170 	2162
f 217 	213 	1448
f 996 	992 	1099
f 1199 	1197 	2138
f 2138 	2136 	1199
f 2136 	2135 	1201
f 2167 	1792 	2168
f 1099 	1101 	996
f 2167 	1794 	1792
f 1943 	2165 	1944
f 751 	1790 	662
f 2161 	2162 	2170
f 772 	2165 	2170
f 1090 	972 	825
f 772 	1393 	2165
f 751 	2168 	1790
f 2161 	2170 	2165
f 1792 	1790 	2168
f 1007 	1004 	1106
f 1007 	1106 	1110
f 1794 	2171 	2172
f 1009 	1007 	1110
f 1009 	1110 	1111
f 2172 	1795 	1794
f 1794 	2167 	2171
f 772 	765 	1393
f 1393 	1391 	2165
f 996 	1113 	1014
f 2172 	1738 	1795
f 996 	1101 	1113
f 1017 	1014 	1113
f 1017 	1113 	1118
f 2125 	2124 	2068
f 2168 	841 	2167
f 751 	841 	2168
f 2171 	2167 	2068
f 1118 	1119 	1020
f 2154 	2157 	2155
f 2163 	2155 	2157
f 2166 	2163 	2157
f 2157 	2158 	2166
f 2169 	2166 	2158
f 2170 	2169 	2160
f 2160 	2180 	2170
f 2158 	2160 	2169
f 1017 	1118 	1020
f 2068 	2124 	2172
f 1022 	1020 	1119
f 1022 	1119 	1122
f 2181 	2178 	2175
f 2176 	2181 	2175
f 2174 	2175 	2178
f 2178 	2179 	2174
f 2147 	2173 	2179
f 1107 	1022 	1122
f 2176 	943 	2177
f 1107 	1106 	1025
f 2174 	945 	2175
f 1025 	1106 	1004
f 2171 	2068 	2172
f 2175 	943 	2176
f 1107 	1025 	1022
f 2180 	2146 	2179
f 1034 	1009 	1111
f 1034 	1111 	1132
f 841 	2068 	2167
f 1036 	1034 	1132
f 1036 	1132 	1136
f 2173 	2174 	2179
f 1040 	1036 	1136
f 1040 	1136 	1137
f 2158 	2144 	2160
f 2147 	2179 	2146
f 1043 	1040 	1137
f 1043 	1137 	1138
f 2160 	2144 	2180
f 1044 	1043 	1138
f 1044 	1138 	1140
f 2181 	2176 	768
f 1047 	1044 	1140
f 1047 	1140 	1142
f 1048 	1047 	1142
f 1048 	1142 	1143
f 1050 	1048 	1143
f 1050 	1143 	1144
f 1050 	1144 	1145
f 2179 	2170 	2180
f 2178 	2170 	2179
f 2181 	2170 	2178
f 1051 	1050 	1145
f 1051 	1145 	1146
f 1058 	1051 	1146
f 942 	2177 	943
f 943 	2175 	944
f 1059 	1058 	1146
f 1059 	1146 	1154
f 1061 	1059 	1154
f 1061 	1154 	1157
f 2182 	2183 	772
f 772 	766 	2182
f 2183 	2184 	772
f 765 	772 	2184
f 2184 	1561 	765
f 764 	765 	1563
f 1561 	1563 	765
f 735 	1061 	1157
f 1306 	479 	1067
f 1196 	1448 	1067
f 1306 	1067 	1448
f 942 	1300 	2182
f 777 	1353 	1068
f 2183 	1300 	2184
f 1358 	1357 	1074
f 1358 	1074 	1072
f 1561 	2184 	1633
f 1070 	1359 	689
f 1081 	1527 	1072
f 1358 	1072 	1527
f 688 	1070 	689
f 2177 	942 	2182
f 2183 	2182 	1300
f 673 	719 	1070
f 766 	768 	2177
f 2177 	2182 	766
f 746 	1075 	1361
f 2176 	2177 	768
f 1078 	1363 	692
f 691 	1078 	692
f 1081 	695 	694
f 1081 	694 	1527
f 1357 	1363 	1078
f 1357 	1078 	1074
f 1178 	1413 	1100
f 1528 	1100 	1413
f 2189 	2185 	2188
f 1089 	1139 	2186
f 1089 	2186 	963
f 963 	2186 	1543
f 2186 	2192 	2188
f 2187 	2186 	2188
f 1542 	1540 	2187
f 1542 	2187 	2188
f 2186 	2187 	1540
f 2186 	1540 	1543
f 1547 	2185 	1548
f 2185 	2189 	1548
f 2191 	227 	2190
f 2190 	1546 	2191
f 2190 	1547 	1546
f 2188 	2185 	2190
f 2190 	2185 	1547
f 1546 	1545 	2191
f 2192 	2186 	1141
f 2189 	2188 	2192
f 2192 	1548 	2189
f 2192 	1549 	1548
f 1542 	2188 	197
f 1120 	1100 	1550
f 1528 	1550 	1100
f 2191 	2193 	227
f 2188 	2190 	227
f 2188 	227 	197
f 1639 	1884 	2193
f 2193 	1552 	1639
f 2193 	1553 	1552
f 2193 	1554 	1553
f 1554 	2191 	1545
f 232 	227 	2193
f 2193 	2191 	1554
# 4478 faces

 #end of obj_0

